Tiempo ,YAW,PITCH,E_YAW,E_PITCH
-0.4,0.0,0.0,0.0,0.0
-0.38,0.0,0.0,0.0,0.0
-0.36,0.0,0.0,0.0,0.0
-0.34,0.0,0.0,0.0,0.0
-0.32,0.0,0.0,0.0,0.0
-0.3,0.0,0.0,0.0,0.0
-0.28,0.0,0.0,0.0,0.0
-0.26,0.0,0.0,0.0,0.0
-0.24,0.0,0.0,0.0,0.0
-0.22,0.0,0.0,0.0,0.0
-0.2,0.0,0.0,0.0,0.0
-0.18,0.0,0.0,0.0,0.0
-0.16,0.0,0.0,0.0,0.0
-0.14,0.0,0.0,0.0,0.0
-0.12,0.0,0.0,0.0,0.0
-0.1,0.0,0.0,0.0,0.0
-0.08,0.0,0.0,0.0,0.0
-0.06,0.0,0.0,0.0,0.0
-0.04,0.0,0.0,0.0,0.0
-0.02,0.0,0.0,0.0,0.0
0.0,0.0,0.0,0.0,0.0
0.02,0.0,0.0,0.0,0.0
0.04,0.0,0.0,0.0,18.7
0.06,0.0,0.0,0.0,18.7
0.08,0.0,0.0,0.0,18.7
0.1,0.002,0.0,0.0,18.7
0.12,0.003,0.0,0.0,18.7
0.14,0.005,0.0,0.0,18.7
0.16,0.007,0.0,0.0,18.7
0.18,0.009,0.0,0.0,18.7
0.2,0.01,0.002,0.0,18.7
0.22,0.014,0.002,0.0,18.7
0.24,0.016,0.019,0.0,18.7
0.26,0.017,0.003,0.0,18.7
0.28,0.021,0.005,0.0,18.7
0.3,0.023,0.009,0.0,18.7
0.32,0.026,0.01,0.0,18.7
0.34,0.028,0.016,0.0,18.7
0.36,0.03,0.019,0.0,18.7
0.38,0.033,0.024,0.0,18.7
0.4,0.037,0.03,0.0,18.7
0.42,0.038,0.035,0.0,18.7
0.44,0.042,0.04,0.0,18.7
0.46,0.045,0.044,0.0,18.7
0.48,0.047,0.051,0.0,18.7
0.5,0.051,0.058,0.0,18.7
0.52,0.054,0.065,0.0,18.7
0.54,0.058,0.072,0.0,18.7
0.56,0.059,0.079,0.0,18.7
0.58,0.063,0.086,0.0,18.7
0.6,0.066,0.094,0.0,18.7
0.62,0.07,0.103,0.0,18.7
0.64,0.073,0.112,0.0,18.7
0.66,0.077,0.124,0.0,18.7
0.68,0.08,0.129,0.0,18.7
0.7,0.084,0.138,0.0,18.7
0.72,0.087,0.148,0.0,18.7
0.74,0.091,0.159,0.0,18.7
0.76,0.094,0.168,0.0,18.7
0.78,0.098,0.176,0.0,18.7
0.8,0.101,0.192,0.0,18.7
0.82,0.105,0.197,0.0,18.7
0.84,0.108,0.208,0.0,18.7
0.86,0.112,0.222,0.0,18.7
0.88,0.115,0.236,0.0,18.7
0.9,0.119,0.243,0.0,18.7
0.92,0.122,0.255,0.0,18.7
0.94,0.126,0.265,0.0,18.7
0.96,0.129,0.278,0.0,18.7
0.98,0.133,0.29,0.0,18.7
1.0,0.136,0.302,0.0,18.7
1.02,0.141,0.319,0.0,18.7
1.04,0.145,0.326,0.0,18.7
1.06,0.148,0.346,0.0,18.7
1.08,0.152,0.354,0.0,18.7
1.1,0.155,0.36,0.0,18.7
1.12,0.161,0.374,0.0,18.7
1.14,0.164,0.387,0.0,18.7
1.16,0.168,0.401,0.0,18.7
1.18,0.171,0.414,0.0,18.7
1.2,0.176,0.426,0.0,18.7
1.22,0.18,0.442,0.0,18.7
1.24,0.183,0.457,0.0,18.7
1.26,0.188,0.459,0.0,18.7
1.28,0.192,0.475,0.0,18.7
1.3,0.195,0.494,0.0,18.7
1.32,0.201,0.499,0.0,18.7
1.34,0.204,0.518,0.0,18.7
1.36,0.209,0.524,0.0,18.7
1.38,0.213,0.536,0.0,18.7
1.4,0.218,0.548,0.0,18.7
1.42,0.222,0.56,0.0,18.7
1.44,0.227,0.571,0.0,18.7
1.46,0.23,0.583,0.0,18.7
1.48,0.236,0.595,0.0,18.7
1.5,0.239,0.602,0.0,18.7
1.52,0.244,0.614,0.0,18.7
1.54,0.25,0.628,0.0,18.7
1.56,0.253,0.639,0.0,18.7
1.58,0.258,0.649,0.0,18.7
1.6,0.264,0.66,0.0,18.7
1.62,0.267,0.67,0.0,18.7
1.64,0.272,0.681,0.0,18.7
1.66,0.278,0.689,0.0,18.7
1.68,0.283,0.7,0.0,18.7
1.7,0.288,0.71,0.0,18.7
1.72,0.293,0.719,0.0,18.7
1.74,0.298,0.726,0.0,18.7
1.76,0.304,0.735,0.0,18.7
1.78,0.309,0.745,0.0,18.7
1.8,0.314,0.754,0.0,18.7
1.82,0.319,0.763,0.0,18.7
1.84,0.325,0.771,0.0,18.7
1.86,0.33,0.778,0.0,18.7
1.88,0.335,0.787,0.0,18.7
1.9,0.342,0.792,0.0,18.7
1.92,0.347,0.799,0.0,18.7
1.94,0.353,0.808,0.0,18.7
1.96,0.358,0.815,0.0,18.7
1.98,0.365,0.822,0.0,18.7
2.0,0.37,0.827,0.0,18.7
2.02,0.377,0.834,0.0,18.7
2.04,0.382,0.84,0.0,18.7
2.06,0.389,0.845,0.0,18.7
2.08,0.394,0.848,0.0,18.7
2.1,0.401,0.855,0.0,18.7
2.12,0.408,0.859,0.0,18.7
2.14,0.414,0.862,0.0,18.7
2.16,0.421,0.867,0.0,18.7
2.18,0.428,0.873,0.0,18.7
2.2,0.435,0.874,0.0,18.7
2.22,0.442,0.88,0.0,18.7
2.24,0.449,0.883,0.0,18.7
2.26,0.454,0.885,0.0,18.7
2.28,0.461,0.888,0.0,18.7
2.3,0.468,0.89,0.0,18.7
2.32,0.475,0.894,0.0,18.7
2.34,0.483,0.894,0.0,18.7
2.36,0.49,0.897,0.0,18.7
2.38,0.497,0.899,0.0,18.7
2.4,0.504,0.899,0.0,18.7
2.42,0.511,0.901,0.0,18.7
2.44,0.518,0.902,0.0,18.7
2.46,0.527,0.902,0.0,18.7
2.48,0.534,0.902,0.0,18.7
2.5,0.541,0.902,0.0,18.7
2.52,0.55,0.902,0.0,18.7
2.54,0.557,0.902,0.0,18.7
2.56,0.565,0.904,0.0,18.7
2.58,0.572,0.904,0.0,18.7
2.6,0.581,0.902,0.0,18.7
2.62,0.588,0.901,0.0,18.7
2.64,0.597,0.901,0.0,18.7
2.66,0.604,0.899,0.0,18.7
2.68,0.613,0.897,0.0,18.7
2.7,0.621,0.894,0.0,18.7
2.72,0.628,0.892,0.0,18.7
2.74,0.637,0.892,0.0,18.7
2.76,0.646,0.887,0.0,18.7
2.78,0.653,0.883,0.0,18.7
2.8,0.661,0.881,0.0,18.7
2.82,0.67,0.878,0.0,18.7
2.84,0.679,0.874,0.0,18.7
2.86,0.688,0.871,0.0,18.7
2.88,0.696,0.871,0.0,18.7
2.9,0.703,0.867,0.0,18.7
2.92,0.712,0.862,0.0,18.7
2.94,0.721,0.86,0.0,18.7
2.96,0.73,0.857,0.0,18.7
2.98,0.738,0.852,0.0,18.7
3.0,0.747,0.846,0.0,18.7
3.02,0.756,0.845,0.0,18.7
3.04,0.764,0.84,0.0,18.7
3.06,0.773,0.836,0.0,18.7
3.08,0.784,0.829,0.0,18.7
3.1,0.792,0.826,0.0,18.7
3.12,0.801,0.822,0.0,18.7
3.14,0.81,0.815,0.0,18.7
3.16,0.819,0.812,0.0,18.7
3.18,0.827,0.808,0.0,18.7
3.2,0.838,0.805,0.0,18.7
3.22,0.846,0.799,0.0,18.7
3.24,0.855,0.792,0.0,18.7
3.26,0.866,0.787,0.0,18.7
3.28,0.874,0.782,0.0,18.7
3.3,0.883,0.777,0.0,18.7
3.32,0.894,0.771,0.0,18.7
3.34,0.902,0.77,0.0,18.7
3.36,0.911,0.763,0.0,18.7
3.38,0.922,0.757,0.0,18.7
3.4,0.93,0.749,0.0,18.7
3.42,0.941,0.745,0.0,18.7
3.44,0.951,0.738,0.0,18.7
3.46,0.96,0.735,0.0,18.7
3.48,0.97,0.73,0.0,18.7
3.5,0.979,0.723,0.0,18.7
3.52,0.99,0.717,0.0,18.7
3.54,1.0,0.709,0.0,18.7
3.56,1.009,0.703,0.0,18.7
3.58,1.019,0.698,0.0,18.7
3.6,1.03,0.691,0.0,18.7
3.62,1.04,0.686,0.0,18.7
3.64,1.049,0.681,0.0,18.7
3.66,1.059,0.675,0.0,18.7
3.68,1.07,0.668,0.0,18.7
3.7,1.08,0.663,0.0,18.7
3.72,1.091,0.656,0.0,18.7
3.74,1.101,0.653,0.0,18.7
3.76,1.112,0.644,0.0,18.7
3.78,1.122,0.639,0.0,18.7
3.8,1.133,0.632,0.0,18.7
3.82,1.143,0.628,0.0,18.7
3.84,1.154,0.618,0.0,18.7
3.86,1.164,0.614,0.0,18.7
3.88,1.175,0.609,0.0,18.7
3.9,1.187,0.602,0.0,18.7
3.92,1.197,0.597,0.0,18.7
3.94,1.208,0.59,0.0,18.7
3.96,1.218,0.583,0.0,18.7
3.98,1.23,0.578,0.0,18.7
4.0,1.241,0.571,0.0,18.7
4.02,1.251,0.565,0.0,18.7
4.04,1.264,0.56,0.0,18.7
4.06,1.274,0.555,0.0,18.7
4.08,1.286,0.55,0.0,18.7
4.1,1.297,0.543,0.0,18.7
4.12,1.309,0.536,0.0,18.7
4.14,1.321,0.531,0.0,18.7
4.16,1.332,0.525,0.0,18.7
4.18,1.344,0.518,0.0,18.7
4.2,1.356,0.515,0.0,18.7
4.22,1.367,0.508,0.0,18.7
4.24,1.379,0.503,0.0,18.7
4.26,1.391,0.497,0.0,18.7
4.28,1.403,0.492,0.0,18.7
4.3,1.415,0.49,0.0,18.7
4.32,1.428,0.482,0.0,18.7
4.34,1.44,0.478,0.0,18.7
4.36,1.452,0.473,0.0,18.7
4.38,1.464,0.468,0.0,18.7
4.4,1.477,0.466,0.0,18.7
4.42,1.491,0.461,0.0,18.7
4.44,1.503,0.456,0.0,18.7
4.46,1.515,0.45,0.0,18.7
4.48,1.527,0.449,0.0,18.7
4.5,1.541,0.443,0.0,18.7
4.52,1.553,0.44,0.0,18.7
4.54,1.567,0.436,0.0,18.7
4.56,1.58,0.433,0.0,18.7
4.58,1.593,0.428,0.0,18.7
4.6,1.606,0.426,0.0,18.7
4.62,1.62,0.422,0.0,18.7
4.64,1.632,0.419,0.0,18.7
4.66,1.646,0.415,0.0,18.7
4.68,1.66,0.414,0.0,18.7
4.7,1.674,0.41,0.0,18.7
4.72,1.686,0.408,0.0,18.7
4.74,1.7,0.405,0.0,18.7
4.76,1.714,0.403,0.0,18.7
4.78,1.728,0.4,0.0,18.7
4.8,1.742,0.4,0.0,18.7
4.82,1.756,0.396,0.0,18.7
4.84,1.77,0.394,0.0,18.7
4.86,1.785,0.393,0.0,18.7
4.88,1.799,0.391,0.0,18.7
4.9,1.813,0.389,0.0,18.7
4.92,1.827,0.389,0.0,18.7
4.94,1.841,0.387,0.0,18.7
4.96,1.857,0.387,0.0,18.7
4.98,1.871,0.386,0.0,18.7
5.0,1.887,0.386,0.0,18.7
5.02,1.901,0.384,0.0,18.7
5.04,1.916,0.384,0.0,18.7
5.06,1.93,0.384,0.0,18.7
5.08,1.946,0.384,0.0,18.7
5.1,1.96,0.384,0.0,18.7
5.12,1.976,0.384,0.0,18.7
5.14,1.99,0.384,0.0,18.7
5.16,2.005,0.382,0.0,18.7
5.18,2.021,0.382,0.0,18.7
5.2,2.037,0.384,0.0,18.7
5.22,2.051,0.384,0.0,18.7
5.24,2.066,0.386,0.0,18.7
5.26,2.082,0.386,0.0,18.7
5.28,2.098,0.387,0.0,18.7
5.3,2.114,0.389,0.0,18.7
5.32,2.129,0.391,0.0,18.7
5.34,2.145,0.393,0.0,18.7
5.36,2.161,0.394,0.0,18.7
5.38,2.176,0.396,0.0,18.7
5.4,2.192,0.398,0.0,18.7
5.42,2.208,0.4,0.0,18.7
5.44,2.224,0.403,0.0,18.7
5.46,2.239,0.407,0.0,18.7
5.48,2.257,0.407,0.0,18.7
5.5,2.272,0.41,0.0,18.7
5.52,2.288,0.414,0.0,18.7
5.54,2.304,0.415,0.0,18.7
5.56,2.321,0.417,0.0,18.7
5.58,2.337,0.421,0.0,18.7
5.6,2.353,0.424,0.0,18.7
5.62,2.37,0.424,0.0,18.7
5.64,2.386,0.429,0.0,18.7
5.66,2.403,0.435,0.0,18.7
5.68,2.419,0.435,0.0,18.7
5.7,2.436,0.44,0.0,18.7
5.72,2.452,0.443,0.0,18.7
5.74,2.47,0.449,0.0,18.7
5.76,2.485,0.45,0.0,18.7
5.78,2.503,0.454,0.0,18.7
5.8,2.519,0.457,0.0,18.7
5.82,2.536,0.461,0.0,18.7
5.84,2.552,0.464,0.0,18.7
5.86,2.569,0.469,0.0,18.7
5.88,2.587,0.473,0.0,18.7
5.9,2.602,0.476,0.0,18.7
5.92,2.62,0.482,0.0,18.7
5.94,2.637,0.483,0.0,18.7
5.96,2.655,0.489,0.0,18.7
5.98,2.672,0.492,0.0,18.7
6.0,2.69,0.497,0.0,18.7
6.02,2.705,0.501,0.0,18.7
6.04,2.723,0.506,0.0,18.7
6.06,2.74,0.51,0.0,18.7
6.08,2.758,0.513,0.0,18.7
6.1,2.775,0.518,0.0,18.7
6.12,2.793,0.52,0.0,18.7
6.14,2.81,0.525,0.0,18.7
6.16,2.827,0.529,0.0,18.7
6.18,2.845,0.534,0.0,18.7
6.2,2.862,0.538,0.0,18.7
6.22,2.88,0.541,0.0,18.7
6.24,2.897,0.546,0.0,18.7
6.26,2.915,0.55,0.0,18.7
6.28,2.932,0.553,0.0,18.7
6.3,2.95,0.557,0.0,18.7
6.32,2.969,0.562,0.0,18.7
6.34,2.986,0.565,0.0,18.7
6.36,3.004,0.569,0.0,18.7
6.38,3.021,0.572,0.0,18.7
6.4,3.039,0.574,0.0,18.7
6.42,3.058,0.578,0.0,18.7
6.44,3.075,0.583,0.0,18.7
6.46,3.093,0.583,0.0,18.7
6.48,3.112,0.588,0.0,18.7
6.5,3.129,0.59,0.0,18.7
6.52,3.147,0.595,0.0,18.7
6.54,3.166,0.597,0.0,18.7
6.56,3.183,0.599,0.0,18.7
6.58,3.203,0.602,0.0,18.7
6.6,3.22,0.606,0.0,18.7
6.62,3.239,0.607,0.0,18.7
6.64,3.257,0.611,0.0,18.7
6.66,3.276,0.611,0.0,18.7
6.68,3.293,0.614,0.0,18.7
6.7,3.313,0.618,0.0,18.7
6.72,3.332,0.62,0.0,18.7
6.74,3.349,0.62,0.0,18.7
6.76,3.368,0.623,0.0,18.7
6.78,3.388,0.625,0.0,18.7
6.8,3.405,0.627,0.0,18.7
6.82,3.424,0.627,0.0,18.7
6.84,3.444,0.628,0.0,18.7
6.86,3.463,0.63,0.0,18.7
6.88,3.482,0.632,0.0,18.7
6.9,3.501,0.632,0.0,18.7
6.92,3.519,0.634,0.0,18.7
6.94,3.538,0.634,0.0,18.7
6.96,3.557,0.634,0.0,18.7
6.98,3.576,0.635,0.0,18.7
7.0,3.595,0.635,0.0,18.7
7.02,3.615,0.635,0.0,18.7
7.04,3.634,0.635,0.0,18.7
7.06,3.653,0.637,0.0,18.7
7.08,3.672,0.637,0.0,18.7
7.1,3.691,0.639,0.0,18.7
7.12,3.711,0.639,0.0,18.7
7.14,3.73,0.639,0.0,18.7
7.16,3.751,0.639,0.0,18.7
7.18,3.77,0.639,0.0,18.7
7.2,3.789,0.637,0.0,18.7
7.22,3.808,0.635,0.0,18.7
7.24,3.828,0.635,0.0,18.7
7.26,3.848,0.634,0.0,18.7
7.28,3.868,0.634,0.0,18.7
7.3,3.887,0.632,0.0,18.7
7.32,3.906,0.632,0.0,18.7
7.34,3.925,0.63,0.0,18.7
7.36,3.946,0.63,0.0,18.7
7.38,3.965,0.627,0.0,18.7
7.4,3.985,0.627,0.0,18.7
7.42,4.006,0.625,0.0,18.7
7.44,4.025,0.623,0.0,18.7
7.46,4.044,0.621,0.0,18.7
7.48,4.065,0.621,0.0,18.7
7.5,4.084,0.618,0.0,18.7
7.52,4.105,0.616,0.0,18.7
7.54,4.124,0.616,0.0,18.7
7.56,4.145,0.614,0.0,18.7
7.58,4.164,0.611,0.0,18.7
7.6,4.184,0.609,0.0,18.7
7.62,4.205,0.609,0.0,18.7
7.64,4.224,0.606,0.0,18.7
7.66,4.245,0.604,0.0,18.7
7.68,4.264,0.604,0.0,18.7
7.7,4.285,0.602,0.0,18.7
7.72,4.306,0.6,0.0,18.7
7.74,4.325,0.599,0.0,18.7
7.76,4.346,0.597,0.0,18.7
7.78,4.365,0.593,0.0,18.7
7.8,4.386,0.592,0.0,18.7
7.82,4.405,0.59,0.0,18.7
7.84,4.426,0.588,0.0,18.7
7.86,4.447,0.586,0.0,18.7
7.88,4.466,0.585,0.0,18.7
7.9,4.487,0.583,0.0,18.7
7.92,4.508,0.581,0.0,18.7
7.94,4.529,0.579,0.0,18.7
7.96,4.548,0.576,0.0,18.7
7.98,4.569,0.576,0.0,18.7
8.0,4.59,0.574,0.0,18.7
8.02,4.609,0.572,0.0,18.7
8.04,4.63,0.571,0.0,18.7
8.06,4.651,0.569,0.0,18.7
8.08,4.672,0.567,0.0,18.7
8.1,4.693,0.565,0.0,18.7
8.12,4.712,0.565,0.0,18.7
8.14,4.733,0.562,0.0,18.7
8.16,4.754,0.562,0.0,18.7
8.18,4.775,0.56,0.0,18.7
8.2,4.796,0.559,0.0,18.7
8.22,4.817,0.557,0.0,18.7
8.24,4.836,0.555,0.0,18.7
8.26,4.857,0.555,0.0,18.7
8.28,4.878,0.553,0.0,18.7
8.3,4.899,0.552,0.0,18.7
8.32,4.92,0.552,0.0,18.7
8.34,4.941,0.55,0.0,18.7
8.36,4.962,0.548,0.0,18.7
8.38,4.983,0.548,0.0,18.7
8.4,5.004,0.546,0.0,18.7
8.42,5.025,0.546,0.0,18.7
8.44,5.046,0.545,0.0,18.7
8.46,5.067,0.545,0.0,18.7
8.48,5.088,0.545,0.0,18.7
8.5,5.109,0.543,0.0,18.7
8.52,5.13,0.543,0.0,18.7
8.54,5.152,0.543,0.0,18.7
8.56,5.173,0.543,0.0,18.7
8.58,5.194,0.543,0.0,18.7
8.6,5.215,0.543,0.0,18.7
8.62,5.238,0.541,0.0,18.7
8.64,5.259,0.541,0.0,18.7
8.66,5.28,0.541,0.0,18.7
8.68,5.302,0.541,0.0,18.7
8.7,5.323,0.539,0.0,18.7
8.72,5.344,0.539,0.0,18.7
8.74,5.367,0.539,0.0,18.7
8.76,5.388,0.539,0.0,18.7
8.78,5.409,0.539,0.0,18.7
8.8,5.431,0.539,0.0,18.7
8.82,5.452,0.539,0.0,18.7
8.84,5.475,0.539,0.0,18.7
8.86,5.496,0.541,0.0,18.7
8.88,5.519,0.541,0.0,18.7
8.9,5.54,0.541,0.0,18.7
8.92,5.562,0.541,0.0,18.7
8.94,5.583,0.541,0.0,18.7
8.96,5.606,0.543,0.0,18.7
8.98,5.627,0.543,0.0,18.7
9.0,5.65,0.543,0.0,18.7
9.02,5.671,0.543,0.0,18.7
9.04,5.693,0.545,0.0,18.7
9.06,5.716,0.545,0.0,18.7
9.08,5.737,0.545,0.0,18.7
9.1,5.76,0.546,0.0,18.7
9.12,5.781,0.546,0.0,18.7
9.14,5.803,0.546,0.0,18.7
9.16,5.826,0.546,0.0,18.7
9.18,5.847,0.548,0.0,18.7
9.2,5.87,0.548,0.0,18.7
9.22,5.892,0.548,0.0,18.7
9.24,5.913,0.55,0.0,18.7
9.26,5.936,0.55,0.0,18.7
9.28,5.959,0.55,0.0,18.7
9.3,5.981,0.552,0.0,18.7
9.32,6.002,0.552,0.0,18.7
9.34,6.025,0.552,0.0,18.7
9.36,6.048,0.552,0.0,18.7
9.38,6.07,0.553,0.0,18.7
9.4,6.091,0.553,0.0,18.7
9.42,6.114,0.553,0.0,18.7
9.44,6.137,0.553,0.0,18.7
9.46,6.159,0.553,0.0,18.7
9.48,6.182,0.555,0.0,18.7
9.5,6.203,0.555,0.0,18.7
9.52,6.226,0.555,0.0,18.7
9.54,6.248,0.555,0.0,18.7
9.56,6.271,0.555,0.0,18.7
9.58,6.294,0.555,0.0,18.7
9.6,6.316,0.555,0.0,18.7
9.62,6.339,0.555,0.0,18.7
9.64,6.362,0.555,0.0,18.7
9.66,6.383,0.555,0.0,18.7
9.68,6.405,0.557,0.0,18.7
9.7,6.428,0.557,0.0,18.7
9.72,6.451,0.557,0.0,18.7
9.74,6.473,0.557,0.0,18.7
9.76,6.496,0.557,0.0,18.7
9.78,6.519,0.559,0.0,18.7
9.8,6.541,0.559,0.0,18.7
9.82,6.564,0.559,0.0,18.7
9.84,6.587,0.559,0.0,18.7
9.86,6.611,0.559,0.0,18.7
9.88,6.634,0.559,0.0,18.7
9.9,6.657,0.559,0.0,18.7
9.92,6.679,0.559,0.0,18.7
9.94,6.702,0.559,0.0,18.7
9.96,6.725,0.559,0.0,18.7
9.98,6.747,0.559,0.0,18.7
10.0,6.77,0.559,0.0,18.7
10.02,6.795,0.559,0.0,18.7
10.04,6.817,0.557,0.0,18.7
10.06,6.84,0.557,0.0,18.7
10.08,6.863,0.557,0.0,18.7
10.1,6.887,0.557,0.0,18.7
10.12,6.91,0.557,0.0,18.7
10.14,6.932,0.557,0.0,18.7
10.16,6.955,0.557,0.0,18.7
10.18,6.98,0.557,0.0,18.7
10.2,7.002,0.557,0.0,18.7
10.22,7.027,0.557,0.0,18.7
10.24,7.049,0.557,0.0,18.7
10.26,7.072,0.557,0.0,18.7
10.28,7.097,0.557,0.0,18.7
10.3,7.119,0.557,0.0,18.7
10.32,7.144,0.557,0.0,18.7
10.34,7.166,0.555,0.0,18.7
10.36,7.191,0.555,0.0,18.7
10.38,7.213,0.555,0.0,18.7
10.4,7.238,0.555,0.0,18.7
10.42,7.261,0.555,0.0,18.7
10.44,7.285,0.555,0.0,18.7
10.46,7.309,0.555,0.0,18.7
10.48,7.332,0.555,0.0,18.7
10.5,7.357,0.555,0.0,18.7
10.52,7.381,0.555,0.0,18.7
10.54,7.404,0.555,0.0,18.7
10.56,7.428,0.555,0.0,18.7
10.58,7.453,0.555,0.0,18.7
10.6,7.475,0.555,0.0,18.7
10.62,7.5,0.555,0.0,18.7
10.64,7.524,0.555,0.0,18.7
10.66,7.549,0.555,0.0,18.7
10.68,7.573,0.555,0.0,18.7
10.7,7.596,0.555,0.0,18.7
10.72,7.62,0.555,0.0,18.7
10.74,7.645,0.555,0.0,18.7
10.76,7.669,0.555,0.0,18.7
10.78,7.693,0.555,0.0,18.7
10.8,7.718,0.555,0.0,18.7
10.82,7.742,0.555,0.0,18.7
10.84,7.767,0.555,0.0,18.7
10.86,7.791,0.555,0.0,18.7
10.88,7.816,0.555,0.0,18.7
10.9,7.84,0.555,0.0,18.7
10.92,7.864,0.555,0.0,18.7
10.94,7.889,0.555,0.0,18.7
10.96,7.913,0.553,0.0,18.7
10.98,7.938,0.553,0.0,18.7
11.0,7.962,0.553,0.0,18.7
11.02,7.987,0.553,0.0,18.7
11.04,8.011,0.553,0.0,18.7
11.06,8.035,0.553,0.0,18.7
11.08,8.062,0.553,0.0,18.7
11.1,8.086,0.553,0.0,18.7
11.12,8.111,0.553,0.0,18.7
11.14,8.135,0.553,0.0,18.7
11.16,8.159,0.553,0.0,18.7
11.18,8.186,0.553,0.0,18.7
11.2,8.21,0.553,0.0,18.7
11.22,8.234,0.553,0.0,18.7
11.24,8.261,0.553,0.0,18.7
11.26,8.285,0.553,0.0,18.7
11.28,8.311,0.553,0.0,18.7
11.3,8.336,0.553,0.0,18.7
11.32,8.362,0.555,0.0,18.7
11.34,8.386,0.555,0.0,18.7
11.36,8.411,0.555,0.0,18.7
11.38,8.437,0.555,0.0,18.7
11.4,8.463,0.555,0.0,18.7
11.42,8.488,0.555,0.0,18.7
11.44,8.514,0.555,0.0,18.7
11.46,8.538,0.555,0.0,18.7
11.48,8.564,0.555,0.0,18.7
11.5,8.591,0.555,0.0,18.7
11.52,8.617,0.555,0.0,18.7
11.54,8.641,0.555,0.0,18.7
11.56,8.667,0.555,0.0,18.7
11.58,8.693,0.555,0.0,18.7
11.6,8.72,0.555,0.0,18.7
11.62,8.744,0.555,0.0,18.7
11.64,8.77,0.555,0.0,18.7
11.66,8.796,0.555,0.0,18.7
11.68,8.823,0.555,0.0,18.7
11.7,8.849,0.555,0.0,18.7
11.72,8.875,0.555,0.0,18.7
11.74,8.901,0.555,0.0,18.7
11.76,8.927,0.555,0.0,18.7
11.78,8.954,0.555,0.0,18.7
11.8,8.98,0.555,0.0,18.7
11.82,9.006,0.555,0.0,18.7
11.84,9.032,0.555,0.0,18.7
11.86,9.058,0.555,0.0,18.7
11.88,9.084,0.555,0.0,18.7
11.9,9.111,0.557,0.0,18.7
11.92,9.137,0.557,0.0,18.7
11.94,9.163,0.559,0.0,18.7
11.96,9.191,0.557,0.0,18.7
11.98,9.217,0.557,0.0,18.7
12.0,9.243,0.557,0.0,18.7
12.02,9.269,0.557,0.0,18.7
12.04,9.297,0.557,6.0,18.7
12.06,9.324,0.557,6.0,18.7
12.08,9.35,0.557,6.0,18.7
12.1,9.376,0.557,6.0,18.7
12.12,9.404,0.559,6.0,18.7
12.14,9.43,0.559,6.0,18.7
12.16,9.456,0.559,6.0,18.7
12.18,9.482,0.559,6.0,18.7
12.2,9.509,0.559,6.0,18.7
12.22,9.535,0.559,6.0,18.7
12.24,9.563,0.557,6.0,18.7
12.26,9.589,0.557,6.0,18.7
12.28,9.615,0.557,6.0,18.7
12.3,9.641,0.557,6.0,18.7
12.32,9.667,0.557,6.0,18.7
12.34,9.694,0.555,6.0,18.7
12.36,9.72,0.555,6.0,18.7
12.38,9.744,0.555,6.0,18.7
12.4,9.77,0.555,6.0,18.7
12.42,9.797,0.555,6.0,18.7
12.44,9.823,0.555,6.0,18.7
12.46,9.847,0.553,6.0,18.7
12.48,9.873,0.553,6.0,18.7
12.5,9.898,0.553,6.0,18.7
12.52,9.924,0.553,6.0,18.7
12.54,9.948,0.553,6.0,18.7
12.56,9.973,0.553,6.0,18.7
12.58,9.999,0.553,6.0,18.7
12.6,10.023,0.553,6.0,18.7
12.62,10.048,0.553,6.0,18.7
12.64,10.072,0.553,6.0,18.7
12.66,10.095,0.553,6.0,18.7
12.68,10.119,0.553,6.0,18.7
12.7,10.144,0.553,6.0,18.7
12.72,10.168,0.553,6.0,18.7
12.74,10.191,0.553,6.0,18.7
12.76,10.215,0.553,6.0,18.7
12.78,10.238,0.553,6.0,18.7
12.8,10.263,0.553,6.0,18.7
12.82,10.285,0.553,6.0,18.7
12.84,10.308,0.553,6.0,18.7
12.86,10.331,0.553,6.0,18.7
12.88,10.353,0.553,6.0,18.7
12.9,10.376,0.552,6.0,18.7
12.92,10.399,0.552,6.0,18.7
12.94,10.421,0.552,6.0,18.7
12.96,10.442,0.552,6.0,18.7
12.98,10.465,0.552,6.0,18.7
13.0,10.488,0.552,6.0,18.7
13.02,10.509,0.552,6.0,18.7
13.04,10.53,0.552,6.0,18.7
13.06,10.551,0.552,6.0,18.7
13.08,10.573,0.552,6.0,18.7
13.1,10.594,0.552,6.0,18.7
13.12,10.615,0.552,6.0,18.7
13.14,10.634,0.552,6.0,18.7
13.16,10.655,0.552,6.0,18.7
13.18,10.676,0.552,6.0,18.7
13.2,10.697,0.552,6.0,18.7
13.22,10.716,0.552,6.0,18.7
13.24,10.736,0.552,6.0,18.7
13.26,10.756,0.552,6.0,18.7
13.28,10.776,0.552,6.0,18.7
13.3,10.795,0.552,6.0,18.7
13.32,10.814,0.552,6.0,18.7
13.34,10.833,0.552,6.0,18.7
13.36,10.852,0.552,6.0,18.7
13.38,10.872,0.552,6.0,18.7
13.4,10.891,0.552,6.0,18.7
13.42,10.908,0.552,6.0,18.7
13.44,10.928,0.552,6.0,18.7
13.46,10.945,0.552,6.0,18.7
13.48,10.964,0.552,6.0,18.7
13.5,10.982,0.552,6.0,18.7
13.52,10.999,0.552,6.0,18.7
13.54,11.017,0.552,6.0,18.7
13.56,11.036,0.552,6.0,18.7
13.58,11.051,0.552,6.0,18.7
13.6,11.069,0.552,6.0,18.7
13.62,11.086,0.552,6.0,18.7
13.64,11.104,0.552,6.0,18.7
13.66,11.119,0.552,6.0,18.7
13.68,11.137,0.552,6.0,18.7
13.7,11.153,0.552,6.0,18.7
13.72,11.17,0.552,6.0,18.7
13.74,11.186,0.552,6.0,18.7
13.76,11.202,0.552,6.0,18.7
13.78,11.217,0.552,6.0,18.7
13.8,11.233,0.552,6.0,18.7
13.82,11.249,0.552,6.0,18.7
13.84,11.264,0.552,6.0,18.7
13.86,11.278,0.552,6.0,18.7
13.88,11.294,0.552,6.0,18.7
13.9,11.31,0.552,6.0,18.7
13.92,11.324,0.552,6.0,18.7
13.94,11.338,0.552,6.0,18.7
13.96,11.353,0.552,6.0,18.7
13.98,11.367,0.552,6.0,18.7
14.0,11.381,0.552,6.0,18.7
14.02,11.395,0.552,6.0,18.7
14.04,11.409,0.552,6.0,18.7
14.06,11.423,0.552,6.0,18.7
14.08,11.437,0.552,6.0,18.7
14.1,11.451,0.553,6.0,18.7
14.12,11.465,0.553,6.0,18.7
14.14,11.477,0.553,6.0,18.7
14.16,11.491,0.553,6.0,18.7
14.18,11.503,0.553,6.0,18.7
14.2,11.517,0.553,6.0,18.7
14.22,11.53,0.553,6.0,18.7
14.24,11.542,0.553,6.0,18.7
14.26,11.554,0.553,6.0,18.7
14.28,11.568,0.553,6.0,18.7
14.3,11.58,0.553,6.0,18.7
14.32,11.592,0.553,6.0,18.7
14.34,11.603,0.553,6.0,18.7
14.36,11.615,0.553,6.0,18.7
14.38,11.627,0.555,6.0,18.7
14.4,11.64,0.555,6.0,18.7
14.42,11.65,0.555,6.0,18.7
14.44,11.662,0.555,6.0,18.7
14.46,11.673,0.555,6.0,18.7
14.48,11.683,0.555,6.0,18.7
14.5,11.695,0.553,6.0,18.7
14.52,11.706,0.553,6.0,18.7
14.54,11.716,0.553,6.0,18.7
14.56,11.727,0.553,6.0,18.7
14.58,11.737,0.552,6.0,18.7
14.6,11.748,0.552,6.0,18.7
14.62,11.758,0.552,6.0,18.7
14.64,11.767,0.552,6.0,18.7
14.66,11.777,0.552,6.0,18.7
14.68,11.788,0.552,6.0,18.7
14.7,11.797,0.55,6.0,18.7
14.72,11.807,0.55,6.0,18.7
14.74,11.816,0.55,6.0,18.7
14.76,11.825,0.55,6.0,18.7
14.78,11.833,0.548,6.0,18.7
14.8,11.844,0.548,6.0,18.7
14.82,11.853,0.548,6.0,18.7
14.84,11.861,0.548,6.0,18.7
14.86,11.87,0.548,6.0,18.7
14.88,11.879,0.546,6.0,18.7
14.9,11.886,0.546,6.0,18.7
14.92,11.894,0.546,6.0,18.7
14.94,11.903,0.546,6.0,18.7
14.96,11.91,0.546,6.0,18.7
14.98,11.919,0.545,6.0,18.7
15.0,11.926,0.545,6.0,18.7
15.02,11.935,0.545,6.0,18.7
15.04,11.942,0.545,6.0,18.7
15.06,11.949,0.545,6.0,18.7
15.08,11.956,0.545,6.0,18.7
15.1,11.964,0.543,6.0,18.7
15.12,11.971,0.543,6.0,18.7
15.14,11.976,0.543,6.0,18.7
15.16,11.983,0.543,6.0,18.7
15.18,11.99,0.543,6.0,18.7
15.2,11.997,0.543,6.0,18.7
15.22,12.003,0.543,6.0,18.7
15.24,12.01,0.543,6.0,18.7
15.26,12.015,0.543,6.0,18.7
15.28,12.022,0.543,6.0,18.7
15.3,12.027,0.541,6.0,18.7
15.32,12.034,0.541,6.0,18.7
15.34,12.039,0.541,6.0,18.7
15.36,12.045,0.541,6.0,18.7
15.38,12.05,0.541,6.0,18.7
15.4,12.055,0.541,6.0,18.7
15.42,12.06,0.541,6.0,18.7
15.44,12.065,0.541,6.0,18.7
15.46,12.069,0.541,6.0,18.7
15.48,12.074,0.541,6.0,18.7
15.5,12.079,0.541,6.0,18.7
15.52,12.083,0.541,6.0,18.7
15.54,12.088,0.541,6.0,18.7
15.56,12.092,0.541,6.0,18.7
15.58,12.097,0.541,6.0,18.7
15.6,12.1,0.541,6.0,18.7
15.62,12.104,0.541,6.0,18.7
15.64,12.107,0.541,6.0,18.7
15.66,12.111,0.541,6.0,18.7
15.68,12.114,0.541,6.0,18.7
15.7,12.118,0.541,6.0,18.7
15.72,12.121,0.541,6.0,18.7
15.74,12.125,0.541,6.0,18.7
15.76,12.127,0.541,6.0,18.7
15.78,12.13,0.541,6.0,18.7
15.8,12.132,0.541,6.0,18.7
15.82,12.135,0.541,6.0,18.7
15.84,12.137,0.541,6.0,18.7
15.86,12.141,0.541,6.0,18.7
15.88,12.142,0.541,6.0,18.7
15.9,12.144,0.539,6.0,18.7
15.92,12.146,0.539,6.0,18.7
15.94,12.149,0.539,6.0,18.7
15.96,12.149,0.539,6.0,18.7
15.98,12.151,0.539,6.0,18.7
16.0,12.153,0.539,6.0,18.7
16.02,12.154,0.539,6.0,18.7
16.04,12.156,0.539,6.0,18.7
16.06,12.156,0.539,6.0,18.7
16.08,12.158,0.539,6.0,18.7
16.1,12.158,0.539,6.0,18.7
16.12,12.16,0.539,6.0,18.7
16.14,12.16,0.539,6.0,18.7
16.16,12.16,0.541,6.0,18.7
16.18,12.16,0.541,6.0,18.7
16.2,12.161,0.541,6.0,18.7
16.22,12.161,0.541,6.0,18.7
16.24,12.161,0.541,6.0,18.7
16.26,12.16,0.541,6.0,18.7
16.28,12.16,0.541,6.0,18.7
16.3,12.16,0.541,6.0,18.7
16.32,12.16,0.541,6.0,18.7
16.34,12.158,0.541,6.0,18.7
16.36,12.158,0.541,6.0,18.7
16.38,12.156,0.541,6.0,18.7
16.4,12.154,0.541,6.0,18.7
16.42,12.154,0.541,6.0,18.7
16.44,12.153,0.541,6.0,18.7
16.46,12.151,0.541,6.0,18.7
16.48,12.151,0.541,6.0,18.7
16.5,12.149,0.541,6.0,18.7
16.52,12.147,0.541,6.0,18.7
16.54,12.147,0.541,6.0,18.7
16.56,12.146,0.541,6.0,18.7
16.58,12.144,0.541,6.0,18.7
16.6,12.142,0.541,6.0,18.7
16.62,12.141,0.541,6.0,18.7
16.64,12.139,0.541,6.0,18.7
16.66,12.139,0.541,6.0,18.7
16.68,12.137,0.541,6.0,18.7
16.7,12.135,0.541,6.0,18.7
16.72,12.134,0.541,6.0,18.7
16.74,12.132,0.541,6.0,18.7
16.76,12.132,0.541,6.0,18.7
16.78,12.13,0.541,6.0,18.7
16.8,12.128,0.541,6.0,18.7
16.82,12.127,0.541,6.0,18.7
16.84,12.125,0.541,6.0,18.7
16.86,12.125,0.541,6.0,18.7
16.88,12.123,0.541,6.0,18.7
16.9,12.121,0.541,6.0,18.7
16.92,12.12,0.541,6.0,18.7
16.94,12.118,0.541,6.0,18.7
16.96,12.118,0.541,6.0,18.7
16.98,12.116,0.541,6.0,18.7
17.0,12.114,0.541,6.0,18.7
17.02,12.113,0.541,6.0,18.7
17.04,12.111,0.541,6.0,18.7
17.06,12.109,0.543,6.0,18.7
17.08,12.107,0.543,6.0,18.7
17.1,12.106,0.543,6.0,18.7
17.12,12.106,0.543,6.0,18.7
17.14,12.104,0.543,6.0,18.7
17.16,12.102,0.543,6.0,18.7
17.18,12.1,0.543,6.0,18.7
17.2,12.099,0.543,6.0,18.7
17.22,12.097,0.543,6.0,18.7
17.24,12.095,0.543,6.0,18.7
17.26,12.093,0.543,6.0,18.7
17.28,12.092,0.543,6.0,18.7
17.3,12.09,0.543,6.0,18.7
17.32,12.088,0.543,6.0,18.7
17.34,12.086,0.543,6.0,18.7
17.36,12.085,0.543,6.0,18.7
17.38,12.083,0.543,6.0,18.7
17.4,12.081,0.543,6.0,18.7
17.42,12.079,0.543,6.0,18.7
17.44,12.078,0.543,6.0,18.7
17.46,12.076,0.543,6.0,18.7
17.48,12.074,0.543,6.0,18.7
17.5,12.072,0.543,6.0,18.7
17.52,12.071,0.543,6.0,18.7
17.54,12.069,0.543,6.0,18.7
17.56,12.067,0.543,6.0,18.7
17.58,12.065,0.543,6.0,18.7
17.6,12.064,0.543,6.0,18.7
17.62,12.062,0.543,6.0,18.7
17.64,12.058,0.543,6.0,18.7
17.66,12.057,0.543,6.0,18.7
17.68,12.055,0.545,6.0,18.7
17.7,12.053,0.546,6.0,18.7
17.72,12.052,0.546,6.0,18.7
17.74,12.05,0.545,6.0,18.7
17.76,12.048,0.545,6.0,18.7
17.78,12.045,0.545,6.0,18.7
17.8,12.043,0.545,6.0,18.7
17.82,12.041,0.545,6.0,18.7
17.84,12.039,0.545,6.0,18.7
17.86,12.038,0.545,6.0,18.7
17.88,12.034,0.545,6.0,18.7
17.9,12.032,0.545,6.0,18.7
17.92,12.031,0.545,6.0,18.7
17.94,12.029,0.545,6.0,18.7
17.96,12.027,0.545,6.0,18.7
17.98,12.024,0.545,6.0,18.7
18.0,12.022,0.545,6.0,18.7
18.02,12.02,0.545,6.0,18.7
18.04,12.017,0.545,6.0,18.7
18.06,12.015,0.545,6.0,18.7
18.08,12.013,0.546,6.0,18.7
18.1,12.011,0.546,6.0,18.7
18.12,12.008,0.546,6.0,18.7
18.14,12.006,0.546,6.0,18.7
18.16,12.004,0.546,6.0,18.7
18.18,12.001,0.546,6.0,18.7
18.2,11.999,0.546,6.0,18.7
18.22,11.997,0.546,6.0,18.7
18.24,11.994,0.546,6.0,18.7
18.26,11.992,0.546,6.0,18.7
18.28,11.99,0.546,6.0,18.7
18.3,11.989,0.546,6.0,18.7
18.32,11.985,0.546,6.0,18.7
18.34,11.983,0.546,6.0,18.7
18.36,11.982,0.548,6.0,18.7
18.38,11.978,0.548,6.0,18.7
18.4,11.976,0.548,6.0,18.7
18.42,11.975,0.548,6.0,18.7
18.44,11.971,0.548,6.0,18.7
18.46,11.969,0.548,6.0,18.7
18.48,11.968,0.548,6.0,18.7
18.5,11.964,0.548,6.0,18.7
18.52,11.962,0.548,6.0,18.7
18.54,11.961,0.548,6.0,18.7
18.56,11.957,0.548,6.0,18.7
18.58,11.956,0.548,6.0,18.7
18.6,11.954,0.55,6.0,18.7
18.62,11.95,0.55,6.0,18.7
18.64,11.949,0.55,6.0,18.7
18.66,11.947,0.55,6.0,18.7
18.68,11.943,0.55,6.0,18.7
18.7,11.942,0.55,6.0,18.7
18.72,11.94,0.55,6.0,18.7
18.74,11.936,0.55,6.0,18.7
18.76,11.935,0.55,6.0,18.7
18.78,11.931,0.55,6.0,18.7
18.8,11.929,0.552,6.0,18.7
18.82,11.928,0.552,6.0,18.7
18.84,11.924,0.552,6.0,18.7
18.86,11.922,0.552,6.0,18.7
18.88,11.919,0.552,6.0,18.7
18.9,11.917,0.552,6.0,18.7
18.92,11.915,0.552,6.0,18.7
18.94,11.912,0.552,6.0,18.7
18.96,11.91,0.552,6.0,18.7
18.98,11.908,0.553,6.0,18.7
19.0,11.905,0.553,6.0,18.7
19.02,11.903,0.553,6.0,18.7
19.04,11.9,0.553,6.0,18.7
19.06,11.898,0.553,6.0,18.7
19.08,11.896,0.553,6.0,18.7
19.1,11.893,0.553,6.0,18.7
19.12,11.891,0.553,6.0,18.7
19.14,11.887,0.553,6.0,18.7
19.16,11.886,0.553,6.0,18.7
19.18,11.884,0.553,6.0,18.7
19.2,11.88,0.553,6.0,18.7
19.22,11.879,0.553,6.0,18.7
19.24,11.875,0.555,6.0,18.7
19.26,11.873,0.555,6.0,18.7
19.28,11.87,0.555,6.0,18.7
19.3,11.868,0.555,6.0,18.7
19.32,11.866,0.555,6.0,18.7
19.34,11.863,0.555,6.0,18.7
19.36,11.861,0.555,6.0,18.7
19.38,11.858,0.555,6.0,18.7
19.4,11.856,0.555,6.0,18.7
19.42,11.853,0.555,6.0,18.7
19.44,11.851,0.555,6.0,18.7
19.46,11.847,0.555,6.0,18.7
19.48,11.846,0.555,6.0,18.7
19.5,11.842,0.555,6.0,18.7
19.52,11.84,0.555,6.0,18.7
19.54,11.837,0.555,6.0,18.7
19.56,11.835,0.555,6.0,18.7
19.58,11.832,0.555,6.0,18.7
19.6,11.83,0.555,6.0,18.7
19.62,11.826,0.555,6.0,18.7
19.64,11.825,0.555,6.0,18.7
19.66,11.821,0.555,6.0,18.7
19.68,11.819,0.555,6.0,18.7
19.7,11.816,0.555,6.0,18.7
19.72,11.814,0.555,6.0,18.7
19.74,11.811,0.555,6.0,18.7
19.76,11.809,0.555,6.0,18.7
19.78,11.805,0.555,6.0,18.7
19.8,11.804,0.555,6.0,18.7
19.82,11.8,0.555,6.0,18.7
19.84,11.798,0.555,6.0,18.7
19.86,11.795,0.555,6.0,18.7
19.88,11.791,0.555,6.0,18.7
19.9,11.79,0.555,6.0,18.7
19.92,11.786,0.555,6.0,18.7
19.94,11.784,0.555,6.0,18.7
19.96,11.781,0.555,6.0,18.7
19.98,11.779,0.555,6.0,18.7
20.0,11.776,0.555,6.0,18.7
20.02,11.772,0.555,0.0,18.7
20.04,11.771,0.555,0.0,18.687
20.06,11.767,0.555,0.0,18.673
20.08,11.764,0.555,0.0,18.66
20.1,11.762,0.555,0.0,18.647
20.12,11.758,0.555,0.0,18.633
20.14,11.757,0.555,0.0,18.62
20.16,11.753,0.555,0.0,18.607
20.18,11.751,0.557,0.0,18.593
20.2,11.748,0.557,0.0,18.58
20.22,11.746,0.557,0.0,18.567
20.24,11.744,0.557,0.0,18.553
20.26,11.743,0.557,0.0,18.54
20.28,11.739,0.557,0.0,18.527
20.3,11.737,0.557,0.0,18.513
20.32,11.736,0.559,0.0,18.5
20.34,11.734,0.559,0.0,18.487
20.36,11.734,0.559,0.0,18.473
20.38,11.732,0.559,0.0,18.46
20.4,11.73,0.559,0.0,18.447
20.42,11.729,0.559,0.0,18.433
20.44,11.729,0.56,0.0,18.42
20.46,11.727,0.56,0.0,18.407
20.48,11.727,0.56,0.0,18.393
20.5,11.727,0.56,0.0,18.38
20.52,11.727,0.56,0.0,18.367
20.54,11.727,0.562,0.0,18.353
20.56,11.727,0.562,0.0,18.34
20.58,11.727,0.562,0.0,18.327
20.6,11.727,0.562,0.0,18.313
20.62,11.727,0.562,0.0,18.3
20.64,11.727,0.562,0.0,18.287
20.66,11.729,0.562,0.0,18.273
20.68,11.729,0.562,0.0,18.26
20.7,11.73,0.564,0.0,18.247
20.72,11.73,0.564,0.0,18.233
20.74,11.732,0.564,0.0,18.22
20.76,11.734,0.564,0.0,18.207
20.78,11.736,0.564,0.0,18.193
20.8,11.736,0.564,0.0,18.18
20.82,11.737,0.564,0.0,18.167
20.84,11.739,0.564,0.0,18.153
20.86,11.741,0.564,0.0,18.14
20.88,11.743,0.564,0.0,18.127
20.9,11.744,0.564,0.0,18.113
20.92,11.746,0.564,0.0,18.1
20.94,11.748,0.564,0.0,18.087
20.96,11.748,0.564,0.0,18.073
20.98,11.751,0.564,0.0,18.06
21.0,11.751,0.564,0.0,18.047
21.02,11.755,0.564,0.0,18.033
21.04,11.757,0.564,0.0,18.02
21.06,11.758,0.564,0.0,18.007
21.08,11.76,0.564,0.0,17.993
21.1,11.762,0.565,0.0,17.98
21.12,11.764,0.565,0.0,17.967
21.14,11.765,0.565,0.0,17.953
21.16,11.769,0.565,0.0,17.94
21.18,11.771,0.565,0.0,17.927
21.2,11.772,0.564,0.0,17.913
21.22,11.774,0.564,0.0,17.9
21.24,11.777,0.564,0.0,17.887
21.26,11.779,0.564,0.0,17.873
21.28,11.781,0.562,0.0,17.86
21.3,11.784,0.562,0.0,17.847
21.32,11.786,0.562,0.0,17.833
21.34,11.79,0.56,0.0,17.82
21.36,11.791,0.56,0.0,17.807
21.38,11.795,0.56,0.0,17.793
21.4,11.797,0.559,0.0,17.78
21.42,11.798,0.559,0.0,17.767
21.44,11.802,0.559,0.0,17.753
21.46,11.805,0.557,0.0,17.74
21.48,11.807,0.557,0.0,17.727
21.5,11.811,0.557,0.0,17.713
21.52,11.812,0.555,0.0,17.7
21.54,11.816,0.555,0.0,17.687
21.56,11.819,0.553,0.0,17.673
21.58,11.821,0.553,0.0,17.66
21.6,11.825,0.553,0.0,17.647
21.62,11.828,0.552,0.0,17.633
21.64,11.832,0.55,0.0,17.62
21.66,11.833,0.55,0.0,17.607
21.68,11.837,0.55,0.0,17.593
21.7,11.84,0.548,0.0,17.58
21.72,11.844,0.546,0.0,17.567
21.74,11.847,0.546,0.0,17.553
21.76,11.849,0.546,0.0,17.54
21.78,11.853,0.545,0.0,17.527
21.8,11.856,0.545,0.0,17.513
21.82,11.86,0.543,0.0,17.5
21.84,11.863,0.543,0.0,17.487
21.86,11.866,0.541,0.0,17.473
21.88,11.87,0.541,0.0,17.46
21.9,11.873,0.539,0.0,17.447
21.92,11.877,0.539,0.0,17.433
21.94,11.88,0.538,0.0,17.42
21.96,11.886,0.536,0.0,17.407
21.98,11.889,0.536,0.0,17.393
22.0,11.893,0.534,0.0,17.38
22.02,11.896,0.534,0.0,17.367
22.04,11.901,0.532,0.0,17.353
22.06,11.905,0.531,0.0,17.34
22.08,11.908,0.529,0.0,17.327
22.1,11.912,0.529,0.0,17.313
22.12,11.917,0.527,0.0,17.3
22.14,11.921,0.527,0.0,17.287
22.16,11.926,0.525,0.0,17.273
22.18,11.929,0.524,0.0,17.26
22.2,11.935,0.522,0.0,17.247
22.22,11.938,0.522,0.0,17.233
22.24,11.943,0.52,0.0,17.22
22.26,11.947,0.518,0.0,17.207
22.28,11.952,0.517,0.0,17.193
22.3,11.956,0.517,0.0,17.18
22.32,11.961,0.515,0.0,17.167
22.34,11.966,0.513,0.0,17.153
22.36,11.969,0.511,0.0,17.14
22.38,11.975,0.51,0.0,17.127
22.4,11.98,0.51,0.0,17.113
22.42,11.985,0.506,0.0,17.1
22.44,11.989,0.506,0.0,17.087
22.46,11.994,0.504,0.0,17.073
22.48,11.999,0.503,0.0,17.06
22.5,12.004,0.501,0.0,17.047
22.52,12.01,0.499,0.0,17.033
22.54,12.015,0.497,0.0,17.02
22.56,12.02,0.496,0.0,17.007
22.58,12.025,0.494,0.0,16.993
22.6,12.031,0.492,0.0,16.98
22.62,12.036,0.489,0.0,16.967
22.64,12.041,0.489,0.0,16.953
22.66,12.046,0.485,0.0,16.94
22.68,12.052,0.485,0.0,16.927
22.7,12.058,0.482,0.0,16.913
22.72,12.064,0.48,0.0,16.9
22.74,12.069,0.478,0.0,16.887
22.76,12.074,0.475,0.0,16.873
22.78,12.081,0.475,0.0,16.86
22.8,12.086,0.471,0.0,16.847
22.82,12.092,0.469,0.0,16.833
22.84,12.099,0.468,0.0,16.82
22.86,12.104,0.466,0.0,16.807
22.88,12.111,0.463,0.0,16.793
22.9,12.116,0.459,0.0,16.78
22.92,12.123,0.459,0.0,16.767
22.94,12.128,0.456,0.0,16.753
22.96,12.135,0.452,0.0,16.74
22.98,12.141,0.45,0.0,16.727
23.0,12.147,0.449,0.0,16.713
23.02,12.154,0.447,0.0,16.7
23.04,12.16,0.442,0.0,16.687
23.06,12.167,0.442,0.0,16.673
23.08,12.174,0.438,0.0,16.66
23.1,12.179,0.436,0.0,16.647
23.12,12.186,0.433,0.0,16.633
23.14,12.193,0.431,0.0,16.62
23.16,12.2,0.426,0.0,16.607
23.18,12.207,0.422,0.0,16.593
23.2,12.214,0.422,0.0,16.58
23.22,12.221,0.419,0.0,16.567
23.24,12.228,0.415,0.0,16.553
23.26,12.235,0.412,0.0,16.54
23.28,12.242,0.408,0.0,16.527
23.3,12.249,0.405,0.0,16.513
23.32,12.256,0.403,0.0,16.5
23.34,12.263,0.4,0.0,16.487
23.36,12.27,0.396,0.0,16.473
23.38,12.277,0.393,0.0,16.46
23.4,12.285,0.389,0.0,16.447
23.42,12.292,0.386,0.0,16.433
23.44,12.299,0.382,0.0,16.42
23.46,12.306,0.382,0.0,16.407
23.48,12.315,0.379,0.0,16.393
23.5,12.322,0.374,0.0,16.38
23.52,12.331,0.37,0.0,16.367
23.54,12.338,0.367,0.0,16.353
23.56,12.345,0.363,0.0,16.34
23.58,12.353,0.361,0.0,16.327
23.6,12.36,0.358,0.0,16.313
23.62,12.369,0.354,0.0,16.3
23.64,12.376,0.349,0.0,16.287
23.66,12.385,0.346,0.0,16.273
23.68,12.392,0.346,0.0,16.26
23.7,12.401,0.34,0.0,16.247
23.72,12.409,0.337,0.0,16.233
23.74,12.418,0.332,0.0,16.22
23.76,12.425,0.328,0.0,16.207
23.78,12.434,0.325,0.0,16.193
23.8,12.442,0.323,0.0,16.18
23.82,12.449,0.319,0.0,16.167
23.84,12.458,0.314,0.0,16.153
23.86,12.467,0.311,0.0,16.14
23.88,12.476,0.307,0.0,16.127
23.9,12.484,0.304,0.0,16.113
23.92,12.493,0.3,0.0,16.1
23.94,12.502,0.297,0.0,16.087
23.96,12.511,0.295,0.0,16.073
23.98,12.518,0.29,0.0,16.06
24.0,12.526,0.286,0.0,16.047
24.02,12.535,0.283,0.0,16.033
24.04,12.544,0.281,0.0,16.02
24.06,12.554,0.278,0.0,16.007
24.08,12.561,0.274,0.0,15.993
24.1,12.572,0.271,0.0,15.98
24.12,12.58,0.267,0.0,15.967
24.14,12.589,0.264,0.0,15.953
24.16,12.598,0.262,0.0,15.94
24.18,12.607,0.258,0.0,15.927
24.2,12.615,0.255,0.0,15.913
24.22,12.624,0.251,0.0,15.9
24.24,12.634,0.248,0.0,15.887
24.26,12.643,0.246,0.0,15.873
24.28,12.652,0.243,0.0,15.86
24.3,12.661,0.239,0.0,15.847
24.32,12.671,0.237,0.0,15.833
24.34,12.68,0.234,0.0,15.82
24.36,12.689,0.232,0.0,15.807
24.38,12.699,0.229,0.0,15.793
24.4,12.708,0.227,0.0,15.78
24.42,12.716,0.223,0.0,15.767
24.44,12.727,0.223,0.0,15.753
24.46,12.736,0.22,0.0,15.74
24.48,12.746,0.216,0.0,15.727
24.5,12.755,0.215,0.0,15.713
24.52,12.765,0.211,0.0,15.7
24.54,12.774,0.209,0.0,15.687
24.56,12.785,0.208,0.0,15.673
24.58,12.793,0.204,0.0,15.66
24.6,12.804,0.202,0.0,15.647
24.62,12.812,0.201,0.0,15.633
24.64,12.823,0.199,0.0,15.62
24.66,12.833,0.197,0.0,15.607
24.68,12.842,0.195,0.0,15.593
24.7,12.853,0.194,0.0,15.58
24.72,12.863,0.194,0.0,15.567
24.74,12.874,0.19,0.0,15.553
24.76,12.882,0.188,0.0,15.54
24.78,12.893,0.188,0.0,15.527
24.8,12.903,0.187,0.0,15.513
24.82,12.914,0.185,0.0,15.5
24.84,12.922,0.183,0.0,15.487
24.86,12.933,0.183,0.0,15.473
24.88,12.943,0.182,0.0,15.46
24.9,12.954,0.18,0.0,15.447
24.92,12.964,0.18,0.0,15.433
24.94,12.975,0.178,0.0,15.42
24.96,12.985,0.178,0.0,15.407
24.98,12.996,0.178,0.0,15.393
25.0,13.006,0.176,0.0,15.38
25.02,13.017,0.176,0.0,15.367
25.04,13.027,0.176,0.0,15.353
25.06,13.038,0.175,0.0,15.34
25.08,13.048,0.175,0.0,15.327
25.1,13.059,0.175,0.0,15.313
25.12,13.069,0.175,0.0,15.3
25.14,13.081,0.175,0.0,15.287
25.16,13.092,0.175,0.0,15.273
25.18,13.102,0.175,0.0,15.26
25.2,13.113,0.175,0.0,15.247
25.22,13.123,0.175,0.0,15.233
25.24,13.134,0.175,0.0,15.22
25.26,13.146,0.175,0.0,15.207
25.28,13.156,0.173,0.0,15.193
25.3,13.167,0.173,0.0,15.18
25.32,13.179,0.173,0.0,15.167
25.34,13.189,0.175,0.0,15.153
25.36,13.2,0.175,0.0,15.14
25.38,13.21,0.175,0.0,15.127
25.4,13.223,0.176,0.0,15.113
25.42,13.233,0.176,0.0,15.1
25.44,13.245,0.178,0.0,15.087
25.46,13.256,0.178,0.0,15.073
25.48,13.266,0.18,0.0,15.06
25.5,13.278,0.18,0.0,15.047
25.52,13.289,0.182,0.0,15.033
25.54,13.301,0.182,0.0,15.02
25.56,13.312,0.183,0.0,15.007
25.58,13.324,0.183,0.0,14.993
25.6,13.334,0.185,0.0,14.98
25.62,13.347,0.187,0.0,14.967
25.64,13.357,0.187,0.0,14.953
25.66,13.369,0.188,0.0,14.94
25.68,13.38,0.19,0.0,14.927
25.7,13.392,0.192,0.0,14.913
25.72,13.404,0.192,0.0,14.9
25.74,13.415,0.194,0.0,14.887
25.76,13.427,0.195,0.0,14.873
25.78,13.437,0.195,0.0,14.86
25.8,13.45,0.197,0.0,14.847
25.82,13.462,0.199,0.0,14.833
25.84,13.472,0.199,0.0,14.82
25.86,13.484,0.201,0.0,14.807
25.88,13.497,0.202,0.0,14.793
25.9,13.507,0.202,0.0,14.78
25.92,13.519,0.204,0.0,14.767
25.94,13.532,0.206,0.0,14.753
25.96,13.542,0.206,0.0,14.74
25.98,13.554,0.208,0.0,14.727
26.0,13.566,0.208,0.0,14.713
26.02,13.579,0.209,0.0,14.7
26.04,13.589,0.211,0.0,14.687
26.06,13.601,0.211,0.0,14.673
26.08,13.614,0.211,0.0,14.66
26.1,13.626,0.213,0.0,14.647
26.12,13.636,0.213,0.0,14.633
26.14,13.648,0.215,0.0,14.62
26.16,13.661,0.215,0.0,14.607
26.18,13.673,0.215,0.0,14.593
26.2,13.685,0.216,0.0,14.58
26.22,13.697,0.216,0.0,14.567
26.24,13.71,0.216,0.0,14.553
26.26,13.72,0.216,0.0,14.54
26.28,13.732,0.218,0.0,14.527
26.3,13.744,0.218,0.0,14.513
26.32,13.757,0.218,0.0,14.5
26.34,13.769,0.218,0.0,14.487
26.36,13.781,0.218,0.0,14.473
26.38,13.793,0.218,0.0,14.46
26.4,13.806,0.218,0.0,14.447
26.42,13.818,0.218,0.0,14.433
26.44,13.83,0.218,0.0,14.42
26.46,13.842,0.218,0.0,14.407
26.48,13.854,0.218,0.0,14.393
26.5,13.868,0.218,0.0,14.38
26.52,13.881,0.218,0.0,14.367
26.54,13.893,0.218,0.0,14.353
26.56,13.905,0.22,0.0,14.34
26.58,13.917,0.22,0.0,14.327
26.6,13.929,0.22,0.0,14.313
26.62,13.943,0.218,0.0,14.3
26.64,13.956,0.218,0.0,14.287
26.66,13.968,0.218,0.0,14.273
26.68,13.98,0.216,0.0,14.26
26.7,13.994,0.216,0.0,14.247
26.72,14.006,0.216,0.0,14.233
26.74,14.018,0.215,0.0,14.22
26.76,14.032,0.215,0.0,14.207
26.78,14.045,0.215,0.0,14.193
26.8,14.057,0.213,0.0,14.18
26.82,14.071,0.213,0.0,14.167
26.84,14.083,0.211,0.0,14.153
26.86,14.097,0.209,0.0,14.14
26.88,14.109,0.209,0.0,14.127
26.9,14.121,0.209,0.0,14.113
26.92,14.135,0.208,0.0,14.1
26.94,14.148,0.206,0.0,14.087
26.96,14.162,0.204,0.0,14.073
26.98,14.176,0.204,0.0,14.06
27.0,14.188,0.202,0.0,14.047
27.02,14.202,0.202,0.0,14.033
27.04,14.214,0.201,0.0,14.02
27.06,14.228,0.201,0.0,14.007
27.08,14.24,0.199,0.0,13.993
27.1,14.254,0.197,0.0,13.98
27.12,14.268,0.197,0.0,13.967
27.14,14.282,0.195,0.0,13.953
27.16,14.294,0.194,0.0,13.94
27.18,14.308,0.194,0.0,13.927
27.2,14.322,0.192,0.0,13.913
27.22,14.336,0.192,0.0,13.9
27.24,14.348,0.19,0.0,13.887
27.26,14.362,0.19,0.0,13.873
27.28,14.376,0.188,0.0,13.86
27.3,14.39,0.187,0.0,13.847
27.32,14.404,0.187,0.0,13.833
27.34,14.418,0.187,0.0,13.82
27.36,14.432,0.185,0.0,13.807
27.38,14.446,0.185,0.0,13.793
27.4,14.46,0.183,0.0,13.78
27.42,14.474,0.183,0.0,13.767
27.44,14.488,0.182,0.0,13.753
27.46,14.502,0.182,0.0,13.74
27.48,14.516,0.18,0.0,13.727
27.5,14.53,0.18,0.0,13.713
27.52,14.546,0.18,0.0,13.7
27.54,14.56,0.178,0.0,13.687
27.56,14.574,0.178,0.0,13.673
27.58,14.587,0.176,0.0,13.66
27.6,14.603,0.176,0.0,13.647
27.62,14.617,0.176,0.0,13.633
27.64,14.631,0.175,0.0,13.62
27.66,14.647,0.175,0.0,13.607
27.68,14.661,0.173,0.0,13.593
27.7,14.676,0.173,0.0,13.58
27.72,14.69,0.173,0.0,13.567
27.74,14.706,0.171,0.0,13.553
27.76,14.72,0.171,0.0,13.54
27.78,14.736,0.169,0.0,13.527
27.8,14.752,0.169,0.0,13.513
27.82,14.765,0.169,0.0,13.5
27.84,14.781,0.168,0.0,13.487
27.86,14.797,0.168,0.0,13.473
27.88,14.811,0.168,0.0,13.46
27.9,14.827,0.166,0.0,13.447
27.92,14.842,0.166,0.0,13.433
27.94,14.858,0.166,0.0,13.42
27.96,14.874,0.164,0.0,13.407
27.98,14.888,0.164,0.0,13.393
28.0,14.903,0.162,0.0,13.38
28.02,14.919,0.162,0.0,13.367
28.04,14.935,0.162,0.0,13.353
28.06,14.95,0.161,0.0,13.34
28.08,14.966,0.161,0.0,13.327
28.1,14.982,0.161,0.0,13.313
28.12,14.998,0.161,0.0,13.3
28.14,15.013,0.159,0.0,13.287
28.16,15.029,0.159,0.0,13.273
28.18,15.046,0.159,0.0,13.26
28.2,15.062,0.159,0.0,13.247
28.22,15.078,0.159,0.0,13.233
28.24,15.094,0.157,0.0,13.22
28.26,15.109,0.157,0.0,13.207
28.28,15.127,0.157,0.0,13.193
28.3,15.142,0.157,0.0,13.18
28.32,15.158,0.157,0.0,13.167
28.34,15.174,0.155,0.0,13.153
28.36,15.191,0.155,0.0,13.14
28.38,15.207,0.155,0.0,13.127
28.4,15.223,0.155,0.0,13.113
28.42,15.24,0.155,0.0,13.1
28.44,15.256,0.155,0.0,13.087
28.46,15.273,0.155,0.0,13.073
28.48,15.289,0.155,0.0,13.06
28.5,15.305,0.155,0.0,13.047
28.52,15.322,0.155,0.0,13.033
28.54,15.338,0.155,0.0,13.02
28.56,15.355,0.155,0.0,13.007
28.58,15.371,0.155,0.0,12.993
28.6,15.389,0.155,0.0,12.98
28.62,15.404,0.155,0.0,12.967
28.64,15.422,0.155,0.0,12.953
28.66,15.437,0.155,0.0,12.94
28.68,15.455,0.155,0.0,12.927
28.7,15.471,0.155,0.0,12.913
28.72,15.488,0.155,0.0,12.9
28.74,15.504,0.155,0.0,12.887
28.76,15.521,0.155,0.0,12.873
28.78,15.539,0.155,0.0,12.86
28.8,15.554,0.154,0.0,12.847
28.82,15.572,0.154,0.0,12.833
28.84,15.588,0.154,0.0,12.82
28.86,15.605,0.154,0.0,12.807
28.88,15.622,0.154,0.0,12.793
28.9,15.638,0.154,0.0,12.78
28.92,15.656,0.154,0.0,12.767
28.94,15.673,0.155,0.0,12.753
28.96,15.689,0.155,0.0,12.74
28.98,15.706,0.155,0.0,12.727
29.0,15.724,0.155,0.0,12.713
29.02,15.739,0.155,0.0,12.7
29.04,15.757,0.157,0.0,12.687
29.06,15.774,0.157,0.0,12.673
29.08,15.792,0.157,0.0,12.66
29.1,15.807,0.157,0.0,12.647
29.12,15.825,0.157,0.0,12.633
29.14,15.842,0.159,0.0,12.62
29.16,15.86,0.159,0.0,12.607
29.18,15.876,0.159,0.0,12.593
29.2,15.893,0.159,0.0,12.58
29.22,15.91,0.159,0.0,12.567
29.24,15.928,0.161,0.0,12.553
29.26,15.945,0.161,0.0,12.54
29.28,15.963,0.161,0.0,12.527
29.3,15.98,0.161,0.0,12.513
29.32,15.996,0.161,0.0,12.5
29.34,16.013,0.161,0.0,12.487
29.36,16.031,0.161,0.0,12.473
29.38,16.048,0.162,0.0,12.46
29.4,16.066,0.162,0.0,12.447
29.42,16.083,0.162,0.0,12.433
29.44,16.101,0.162,0.0,12.42
29.46,16.118,0.162,0.0,12.407
29.48,16.136,0.162,0.0,12.393
29.5,16.153,0.162,0.0,12.38
29.52,16.17,0.162,0.0,12.367
29.54,16.188,0.162,0.0,12.353
29.56,16.204,0.162,0.0,12.34
29.58,16.223,0.162,0.0,12.327
29.6,16.239,0.162,0.0,12.313
29.62,16.256,0.162,0.0,12.3
29.64,16.273,0.162,0.0,12.287
29.66,16.291,0.162,0.0,12.273
29.68,16.308,0.162,0.0,12.26
29.7,16.326,0.162,0.0,12.247
29.72,16.343,0.162,0.0,12.233
29.74,16.361,0.162,0.0,12.22
29.76,16.378,0.162,0.0,12.207
29.78,16.396,0.164,0.0,12.193
29.8,16.413,0.164,0.0,12.18
29.82,16.431,0.164,0.0,12.167
29.84,16.448,0.164,0.0,12.153
29.86,16.467,0.164,0.0,12.14
29.88,16.485,0.164,0.0,12.127
29.9,16.502,0.162,0.0,12.113
29.92,16.52,0.162,0.0,12.1
29.94,16.537,0.162,0.0,12.087
29.96,16.554,0.162,0.0,12.073
29.98,16.572,0.161,0.0,12.06
30.0,16.589,0.161,0.0,12.047
30.02,16.607,0.159,0.0,12.033
30.04,16.624,0.159,0.0,12.02
30.06,16.642,0.159,0.0,12.007
30.08,16.659,0.157,0.0,11.993
30.1,16.677,0.157,0.0,11.98
30.12,16.694,0.157,0.0,11.967
30.14,16.712,0.155,0.0,11.953
30.16,16.729,0.155,0.0,11.94
30.18,16.746,0.155,0.0,11.927
30.2,16.764,0.154,0.0,11.913
30.22,16.781,0.154,0.0,11.9
30.24,16.799,0.152,0.0,11.887
30.26,16.816,0.152,0.0,11.873
30.28,16.834,0.15,0.0,11.86
30.3,16.851,0.15,0.0,11.847
30.32,16.869,0.15,0.0,11.833
30.34,16.886,0.148,0.0,11.82
30.36,16.904,0.147,0.0,11.807
30.38,16.921,0.147,0.0,11.793
30.4,16.938,0.145,0.0,11.78
30.42,16.956,0.145,0.0,11.767
30.44,16.973,0.143,0.0,11.753
30.46,16.991,0.143,0.0,11.74
30.48,17.008,0.141,0.0,11.727
30.5,17.026,0.14,0.0,11.713
30.52,17.043,0.138,0.0,11.7
30.54,17.061,0.138,0.0,11.687
30.56,17.078,0.136,0.0,11.673
30.58,17.096,0.134,0.0,11.66
30.6,17.113,0.134,0.0,11.647
30.62,17.13,0.133,0.0,11.633
30.64,17.148,0.131,0.0,11.62
30.66,17.165,0.129,0.0,11.607
30.68,17.183,0.127,0.0,11.593
30.7,17.2,0.127,0.0,11.58
30.72,17.218,0.124,0.0,11.567
30.74,17.237,0.124,0.0,11.553
30.76,17.254,0.122,0.0,11.54
30.78,17.272,0.12,0.0,11.527
30.8,17.289,0.119,0.0,11.513
30.82,17.307,0.115,0.0,11.5
30.84,17.324,0.115,0.0,11.487
30.86,17.342,0.112,0.0,11.473
30.88,17.359,0.112,0.0,11.46
30.9,17.377,0.11,0.0,11.447
30.92,17.394,0.108,0.0,11.433
30.94,17.413,0.105,0.0,11.42
30.96,17.431,0.103,0.0,11.407
30.98,17.448,0.101,0.0,11.393
31.0,17.466,0.099,0.0,11.38
31.02,17.483,0.098,0.0,11.367
31.04,17.5,0.096,0.0,11.353
31.06,17.52,0.093,0.0,11.34
31.08,17.537,0.091,0.0,11.327
31.1,17.555,0.089,0.0,11.313
31.12,17.572,0.087,0.0,11.3
31.14,17.589,0.084,0.0,11.287
31.16,17.609,0.084,0.0,11.273
31.18,17.626,0.08,0.0,11.26
31.2,17.644,0.079,0.0,11.247
31.22,17.661,0.075,0.0,11.233
31.24,17.68,0.075,0.0,11.22
31.26,17.698,0.072,0.0,11.207
31.28,17.715,0.07,0.0,11.193
31.3,17.734,0.068,0.0,11.18
31.32,17.752,0.066,0.0,11.167
31.34,17.769,0.063,0.0,11.153
31.36,17.788,0.061,0.0,11.14
31.38,17.806,0.059,0.0,11.127
31.4,17.825,0.058,0.0,11.113
31.42,17.843,0.056,0.0,11.1
31.44,17.86,0.056,0.0,11.087
31.46,17.879,0.052,0.0,11.073
31.48,17.897,0.051,0.0,11.06
31.5,17.916,0.049,0.0,11.047
31.52,17.933,0.047,0.0,11.033
31.54,17.952,0.045,0.0,11.02
31.56,17.97,0.044,0.0,11.007
31.58,17.989,0.042,0.0,10.993
31.6,18.007,0.04,0.0,10.98
31.62,18.026,0.038,0.0,10.967
31.64,18.043,0.037,0.0,10.953
31.66,18.062,0.035,0.0,10.94
31.68,18.08,0.035,0.0,10.927
31.7,18.099,0.033,0.0,10.913
31.72,18.117,0.031,0.0,10.9
31.74,18.136,0.03,0.0,10.887
31.76,18.153,0.03,0.0,10.873
31.78,18.172,0.026,0.0,10.86
31.8,18.192,0.026,0.0,10.847
31.82,18.209,0.024,0.0,10.833
31.84,18.228,0.023,0.0,10.82
31.86,18.246,0.021,0.0,10.807
31.88,18.265,0.021,0.0,10.793
31.9,18.284,0.021,0.0,10.78
31.92,18.302,0.019,0.0,10.767
31.94,18.321,0.019,0.0,10.753
31.96,18.34,0.019,0.0,10.74
31.98,18.357,0.019,0.0,10.727
32.0,18.377,0.017,0.0,10.713
32.02,18.394,0.016,0.0,10.7
32.04,18.413,0.016,0.0,10.687
32.06,18.432,0.016,0.0,10.673
32.08,18.45,0.014,0.0,10.66
32.1,18.469,0.012,0.0,10.647
32.12,18.488,0.012,0.0,10.633
32.14,18.506,0.012,0.0,10.62
32.16,18.525,0.012,0.0,10.607
32.18,18.542,0.01,0.0,10.593
32.2,18.562,0.01,0.0,10.58
32.22,18.579,0.01,0.0,10.567
32.24,18.598,0.009,0.0,10.553
32.26,18.617,0.009,0.0,10.54
32.28,18.635,0.009,0.0,10.527
32.3,18.654,0.009,0.0,10.513
32.32,18.672,0.009,0.0,10.5
32.34,18.691,0.007,0.0,10.487
32.36,18.708,0.007,0.0,10.473
32.38,18.727,0.007,0.0,10.46
32.4,18.745,0.007,0.0,10.447
32.42,18.764,0.007,0.0,10.433
32.44,18.781,0.007,0.0,10.42
32.46,18.801,0.007,0.0,10.407
32.48,18.818,0.007,0.0,10.393
32.5,18.837,0.007,0.0,10.38
32.52,18.855,0.007,0.0,10.367
32.54,18.872,0.007,0.0,10.353
32.56,18.891,0.007,0.0,10.34
32.58,18.909,0.007,0.0,10.327
32.6,18.926,0.007,0.0,10.313
32.62,18.946,0.007,0.0,10.3
32.64,18.963,0.007,0.0,10.287
32.66,18.98,0.007,0.0,10.273
32.68,19.0,0.007,0.0,10.26
32.7,19.017,0.007,0.0,10.247
32.72,19.035,0.007,0.0,10.233
32.74,19.052,0.007,0.0,10.22
32.76,19.071,0.007,0.0,10.207
32.78,19.089,0.007,0.0,10.193
32.8,19.106,0.007,0.0,10.18
32.82,19.124,0.007,0.0,10.167
32.84,19.141,0.007,0.0,10.153
32.86,19.158,0.007,0.0,10.14
32.88,19.178,0.007,0.0,10.127
32.9,19.195,0.007,0.0,10.113
32.92,19.213,0.007,0.0,10.1
32.94,19.23,0.007,0.0,10.087
32.96,19.247,0.007,0.0,10.073
32.98,19.265,0.007,0.0,10.06
33.0,19.282,0.007,0.0,10.047
33.02,19.302,0.005,0.0,10.033
33.04,19.319,0.005,0.0,10.02
33.06,19.337,0.005,0.0,10.007
33.08,19.354,0.005,0.0,9.993
33.1,19.371,0.005,0.0,9.98
33.12,19.389,0.005,0.0,9.967
33.14,19.406,0.003,0.0,9.953
33.16,19.424,0.003,0.0,9.94
33.18,19.441,0.003,0.0,9.927
33.2,19.46,0.003,0.0,9.913
33.22,19.478,0.003,0.0,9.9
33.24,19.495,0.003,0.0,9.887
33.26,19.513,0.003,0.0,9.873
33.28,19.53,0.003,0.0,9.86
33.3,19.548,0.003,0.0,9.847
33.32,19.565,0.003,0.0,9.833
33.34,19.583,0.003,0.0,9.82
33.36,19.6,0.003,0.0,9.807
33.38,19.618,0.003,0.0,9.793
33.4,19.635,0.003,0.0,9.78
33.42,19.652,0.003,0.0,9.767
33.44,19.67,0.003,0.0,9.753
33.46,19.687,0.003,0.0,9.74
33.48,19.703,0.003,0.0,9.727
33.5,19.72,0.003,0.0,9.713
33.52,19.738,0.003,0.0,9.7
33.54,19.755,0.003,0.0,9.687
33.56,19.773,0.003,0.0,9.673
33.58,19.79,0.003,0.0,9.66
33.6,19.808,0.003,0.0,9.647
33.62,19.825,0.003,0.0,9.633
33.64,19.843,0.003,0.0,9.62
33.66,19.86,0.003,0.0,9.607
33.68,19.878,0.003,0.0,9.593
33.7,19.895,0.003,0.0,9.58
33.72,19.912,0.003,0.0,9.567
33.74,19.928,0.003,0.0,9.553
33.76,19.946,0.003,0.0,9.54
33.78,19.963,0.003,0.0,9.527
33.8,19.981,0.003,0.0,9.513
33.82,19.998,0.003,0.0,9.5
33.84,20.015,0.003,0.0,9.487
33.86,20.033,0.003,0.0,9.473
33.88,20.049,0.003,0.0,9.46
33.9,20.066,0.003,0.0,9.447
33.92,20.084,0.003,0.0,9.433
33.94,20.101,0.003,0.0,9.42
33.96,20.118,0.003,0.0,9.407
33.98,20.136,0.003,0.0,9.393
34.0,20.153,0.003,0.0,9.38
34.02,20.169,0.003,0.0,-9.333
34.04,20.186,0.003,0.0,-9.347
34.06,20.202,0.003,0.0,-9.36
34.08,20.218,0.003,0.0,-9.373
34.1,20.234,0.003,0.0,-9.387
34.12,20.248,0.003,0.0,-9.4
34.14,20.263,0.003,0.0,-9.413
34.16,20.277,0.003,0.0,-9.427
34.18,20.291,0.003,0.0,-9.44
34.2,20.307,0.003,0.0,-9.453
34.22,20.321,0.003,0.0,-9.467
34.24,20.335,0.003,0.0,-9.48
34.26,20.349,0.003,0.0,-9.493
34.28,20.363,0.003,0.0,-9.507
34.3,20.377,0.003,0.0,-9.52
34.32,20.389,0.003,0.0,-9.533
34.34,20.403,0.003,0.0,-9.547
34.36,20.417,0.003,0.0,-9.56
34.38,20.429,0.003,0.0,-9.573
34.4,20.443,0.003,0.0,-9.587
34.42,20.455,0.003,0.0,-9.6
34.44,20.469,0.003,0.0,-9.613
34.46,20.481,0.003,0.0,-9.627
34.48,20.494,0.003,0.0,-9.64
34.5,20.508,0.003,0.0,-9.653
34.52,20.52,0.003,0.0,-9.667
34.54,20.532,0.003,0.0,-9.68
34.56,20.544,0.003,0.0,-9.693
34.58,20.556,0.003,0.0,-9.707
34.6,20.569,0.003,0.0,-9.72
34.62,20.581,0.003,0.0,-9.733
34.64,20.593,0.003,0.0,-9.747
34.66,20.604,0.003,0.0,-9.76
34.68,20.616,0.003,0.0,-9.773
34.7,20.628,0.003,0.0,-9.787
34.72,20.639,0.003,0.0,-9.8
34.74,20.651,0.003,0.0,-9.813
34.76,20.661,0.003,0.0,-9.827
34.78,20.673,0.003,0.0,-9.84
34.8,20.684,0.003,0.0,-9.853
34.82,20.696,0.003,0.0,-9.867
34.84,20.707,0.003,0.0,-9.88
34.86,20.717,0.003,0.0,-9.893
34.88,20.729,0.003,0.0,-9.907
34.9,20.74,0.003,0.0,-9.92
34.92,20.75,0.003,0.0,-9.933
34.94,20.761,0.003,0.0,-9.947
34.96,20.771,0.003,0.0,-9.96
34.98,20.782,0.003,0.0,-9.973
35.0,20.792,0.003,0.0,-9.987
35.02,20.803,0.003,0.0,-10.0
35.04,20.813,0.003,0.0,-10.0
35.06,20.824,0.003,0.0,-10.0
35.08,20.832,0.003,0.0,-10.0
35.1,20.843,0.003,0.0,-10.0
35.12,20.853,0.003,0.0,-10.0
35.14,20.862,0.003,0.0,-10.0
35.16,20.872,0.003,0.0,-10.0
35.18,20.881,0.003,0.0,-10.0
35.2,20.892,0.003,0.0,-10.0
35.22,20.9,0.003,0.0,-10.0
35.24,20.911,0.003,0.0,-10.0
35.26,20.92,0.003,0.0,-10.0
35.28,20.928,0.003,0.0,-10.0
35.3,20.939,0.003,0.0,-10.0
35.32,20.947,0.003,0.0,-10.0
35.34,20.956,0.003,0.0,-10.0
35.36,20.965,0.003,0.0,-10.0
35.38,20.974,0.003,0.0,-10.0
35.4,20.982,0.003,0.0,-10.0
35.42,20.991,0.003,0.0,-10.0
35.44,21.0,0.003,0.0,-10.0
35.46,21.009,0.003,0.0,-10.0
35.48,21.016,0.003,0.0,-10.0
35.5,21.024,0.003,0.0,-10.0
35.52,21.033,0.003,0.0,-10.0
35.54,21.042,0.003,0.0,-10.0
35.56,21.049,0.003,0.0,-10.0
35.58,21.057,0.003,0.0,-10.0
35.6,21.064,0.003,0.0,-10.0
35.62,21.073,0.003,0.0,-10.0
35.64,21.08,0.003,0.0,-10.0
35.66,21.089,0.003,0.0,-10.0
35.68,21.096,0.003,0.0,-10.0
35.7,21.103,0.003,0.0,-10.0
35.72,21.11,0.003,0.0,-10.0
35.74,21.118,0.003,0.0,-10.0
35.76,21.125,0.003,0.0,-10.0
35.78,21.132,0.003,0.0,-10.0
35.8,21.139,0.003,0.0,-10.0
35.82,21.146,0.003,0.0,-10.0
35.84,21.153,0.003,0.0,-10.0
35.86,21.16,0.003,0.0,-10.0
35.88,21.166,0.003,0.0,-10.0
35.9,21.173,0.003,0.0,-10.0
35.92,21.18,0.003,0.0,-10.0
35.94,21.187,0.003,0.0,-10.0
35.96,21.192,0.003,0.0,-10.0
35.98,21.199,0.003,0.0,-10.0
36.0,21.204,0.003,0.0,-10.0
36.02,21.211,0.003,0.0,-10.0
36.04,21.216,0.003,0.0,-10.0
36.06,21.221,0.003,0.0,-10.0
36.08,21.228,0.003,0.0,-10.0
36.1,21.234,0.003,0.0,-10.0
36.12,21.239,0.003,0.0,-10.0
36.14,21.244,0.003,0.0,-10.0
36.16,21.249,0.003,0.0,-10.0
36.18,21.255,0.003,0.0,-10.0
36.2,21.26,0.003,0.0,-10.0
36.22,21.265,0.003,0.0,-10.0
36.24,21.27,0.003,0.0,-10.0
36.26,21.274,0.003,0.0,-10.0
36.28,21.279,0.003,0.0,-10.0
36.3,21.284,0.003,0.0,-10.0
36.32,21.288,0.003,0.0,-10.0
36.34,21.293,0.003,0.0,-10.0
36.36,21.297,0.003,0.0,-10.0
36.38,21.3,0.003,0.0,-10.0
36.4,21.305,0.003,0.0,-10.0
36.42,21.309,0.003,0.0,-10.0
36.44,21.312,0.003,0.0,-10.0
36.46,21.316,0.003,0.0,-10.0
36.48,21.319,0.003,0.0,-10.0
36.5,21.324,0.003,0.0,-10.0
36.52,21.326,0.003,0.0,-10.0
36.54,21.33,0.003,0.0,-10.0
36.56,21.333,0.003,0.0,-10.0
36.58,21.337,0.003,0.0,-10.0
36.6,21.34,0.003,0.0,-10.0
36.62,21.342,0.003,0.0,-10.0
36.64,21.345,0.003,0.0,-10.0
36.66,21.349,0.003,0.0,-10.0
36.68,21.351,0.003,0.0,-10.0
36.7,21.354,0.003,0.0,-10.0
36.72,21.356,0.003,0.0,-10.0
36.74,21.358,0.003,0.0,-10.0
36.76,21.359,0.003,0.0,-10.0
36.78,21.363,0.003,0.0,-10.0
36.8,21.365,0.003,0.0,-10.0
36.82,21.366,0.003,0.0,-10.0
36.84,21.368,0.003,0.0,-10.0
36.86,21.37,0.003,0.0,-10.0
36.88,21.37,0.003,0.0,-10.0
36.9,21.372,0.003,0.0,-10.0
36.92,21.373,0.003,0.0,-10.0
36.94,21.373,0.003,0.0,-10.0
36.96,21.375,0.003,0.0,-10.0
36.98,21.377,0.003,0.0,-10.0
37.0,21.377,0.003,0.0,-10.0
37.02,21.379,0.003,0.0,-10.0
37.04,21.379,0.003,0.0,-10.0
37.06,21.379,0.003,0.0,-10.0
37.08,21.379,0.003,0.0,-10.0
37.1,21.379,0.003,0.0,-10.0
37.12,21.379,0.003,0.0,-10.0
37.14,21.379,0.003,0.0,-10.0
37.16,21.379,0.003,0.0,-10.0
37.18,21.379,0.003,0.0,-10.0
37.2,21.379,0.003,0.0,-10.0
37.22,21.377,0.003,0.0,-10.0
37.24,21.377,0.003,0.0,-10.0
37.26,21.377,0.003,0.0,-10.0
37.28,21.375,0.003,0.0,-10.0
37.3,21.375,0.003,0.0,-10.0
37.32,21.373,0.003,0.0,-10.0
37.34,21.373,0.003,0.0,-10.0
37.36,21.373,0.003,0.0,-10.0
37.38,21.372,0.003,0.0,-10.0
37.4,21.372,0.003,0.0,-10.0
37.42,21.37,0.003,0.0,-10.0
37.44,21.37,0.003,0.0,-10.0
37.46,21.37,0.003,0.0,-10.0
37.48,21.37,0.003,0.0,-10.0
37.5,21.368,0.003,0.0,-10.0
37.52,21.368,0.003,0.0,-10.0
37.54,21.368,0.003,0.0,-10.0
37.56,21.368,0.003,0.0,-10.0
37.58,21.368,0.003,0.0,-10.0
37.6,21.368,0.003,0.0,-10.0
37.62,21.368,0.003,0.0,-10.0
37.64,21.368,0.003,0.0,-10.0
37.66,21.368,0.003,0.0,-10.0
37.68,21.368,0.003,0.0,-10.0
37.7,21.368,0.003,0.0,-10.0
37.72,21.368,0.003,0.0,-10.0
37.74,21.368,0.003,0.0,-10.0
37.76,21.37,0.003,0.0,-10.0
37.78,21.37,0.003,0.0,-10.0
37.8,21.37,0.003,0.0,-10.0
37.82,21.37,0.003,0.0,-10.0
37.84,21.37,0.003,0.0,-10.0
37.86,21.37,0.003,0.0,-10.0
37.88,21.372,0.003,0.0,-10.0
37.9,21.372,0.003,0.0,-10.0
37.92,21.372,0.003,0.0,-10.0
37.94,21.372,0.003,0.0,-10.0
37.96,21.372,0.003,0.0,-10.0
37.98,21.372,0.003,0.0,-10.0
38.0,21.372,0.003,0.0,-10.0
38.02,21.372,0.003,0.0,-10.0
38.04,21.372,0.003,0.0,-10.0
38.06,21.372,0.003,0.0,-10.0
38.08,21.372,0.003,0.0,-10.0
38.1,21.372,0.003,0.0,-10.0
38.12,21.372,0.003,0.0,-10.0
38.14,21.372,0.003,0.0,-10.0
38.16,21.37,0.003,0.0,-10.0
38.18,21.37,0.003,0.0,-10.0
38.2,21.37,0.003,0.0,-10.0
38.22,21.37,0.003,0.0,-10.0
38.24,21.37,0.003,0.0,-10.0
38.26,21.37,0.003,0.0,-10.0
38.28,21.37,0.003,0.0,-10.0
38.3,21.37,0.003,0.0,-10.0
38.32,21.37,0.003,0.0,-10.0
38.34,21.37,0.003,0.0,-10.0
38.36,21.37,0.003,0.0,-10.0
38.38,21.37,0.003,0.0,-10.0
38.4,21.37,0.003,0.0,-10.0
38.42,21.37,0.003,0.0,-10.0
38.44,21.37,0.003,0.0,-10.0
38.46,21.37,0.003,0.0,-10.0
38.48,21.37,0.003,0.0,-10.0
38.5,21.37,0.003,0.0,-10.0
38.52,21.37,0.003,0.0,-10.0
38.54,21.37,0.003,0.0,-10.0
38.56,21.37,0.003,0.0,-10.0
38.58,21.37,0.003,0.0,-10.0
38.6,21.372,0.003,0.0,-10.0
38.62,21.372,0.003,0.0,-10.0
38.64,21.372,0.003,0.0,-10.0
38.66,21.372,0.003,0.0,-10.0
38.68,21.372,0.003,0.0,-10.0
38.7,21.372,0.003,0.0,-10.0
38.72,21.372,0.003,0.0,-10.0
38.74,21.372,0.003,0.0,-10.0
38.76,21.372,0.003,0.0,-10.0
38.78,21.372,0.003,0.0,-10.0
38.8,21.372,0.003,0.0,-10.0
38.82,21.372,0.003,0.0,-10.0
38.84,21.37,0.003,0.0,-10.0
38.86,21.37,0.003,0.0,-10.0
38.88,21.37,0.003,0.0,-10.0
38.9,21.37,0.003,0.0,-10.0
38.92,21.37,0.003,0.0,-10.0
38.94,21.37,0.003,0.0,-10.0
38.96,21.37,0.003,0.0,-10.0
38.98,21.37,0.003,0.0,-10.0
39.0,21.37,0.003,0.0,-10.0
39.02,21.37,0.003,0.0,-10.0
39.04,21.37,0.003,0.0,-10.0
39.06,21.37,0.003,0.0,-10.0
39.08,21.37,0.003,0.0,-10.0
39.1,21.37,0.003,0.0,-10.0
39.12,21.37,0.003,0.0,-10.0
39.14,21.37,0.003,0.0,-10.0
39.16,21.37,0.003,0.0,-10.0
39.18,21.37,0.003,0.0,-10.0
39.2,21.37,0.003,0.0,-10.0
39.22,21.37,0.003,0.0,-10.0
39.24,21.37,0.003,0.0,-10.0
