Tiempo ,YAW,PITCH,E_PITCH,E_YAW
-0.4,0.0,0.0,0.0,0.0
-0.38,0.0,0.0,0.0,0.0
-0.36,0.0,0.0,0.0,0.0
-0.34,0.0,0.0,0.0,0.0
-0.32,0.0,0.0,0.0,0.0
-0.3,0.0,0.0,0.0,0.0
-0.28,0.0,0.0,0.0,0.0
-0.26,0.0,0.0,0.0,0.0
-0.24,0.0,0.0,0.0,0.0
-0.22,0.0,0.0,0.0,0.0
-0.2,0.0,0.0,0.0,0.0
-0.18,0.0,0.0,0.0,0.0
-0.16,0.0,0.0,0.0,0.0
-0.14,0.0,0.0,0.0,0.0
-0.12,0.0,0.0,0.0,0.0
-0.1,0.0,0.0,0.0,0.0
-0.08,0.0,0.0,0.0,0.0
-0.06,0.0,0.0,0.0,0.0
-0.04,0.0,0.0,0.0,0.0
-0.02,0.0,0.0,0.0,0.0
0.0,-2.384,0.0,0.0,0.0
0.02,-2.384,0.0,0.0,0.0
0.04,-2.384,0.0,0.0,6.0
0.06,-2.384,0.0,0.0,6.0
0.08,-2.384,0.0,0.0,6.0
0.1,-2.384,0.0,0.0,6.0
0.12,-2.384,0.0,0.0,6.0
0.14,-2.384,0.0,0.0,6.0
0.16,-2.384,0.0,0.0,6.0
0.18,-2.384,0.0,0.0,6.0
0.2,-2.384,0.0,0.0,6.0
0.22,-2.384,0.0,0.0,6.0
0.24,-2.386,0.0,0.0,6.0
0.26,-2.386,0.0,0.0,6.0
0.28,-2.386,0.0,0.0,6.0
0.3,-2.386,0.0,0.0,6.0
0.32,-2.388,0.0,0.0,6.0
0.34,-2.388,0.0,0.0,6.0
0.36,-2.389,0.0,0.0,6.0
0.38,-2.389,0.0,0.0,6.0
0.4,-2.391,0.0,0.0,6.0
0.42,-2.391,0.0,0.0,6.0
0.44,-2.393,0.0,0.0,6.0
0.46,-2.393,0.0,0.0,6.0
0.48,-2.395,0.0,0.0,6.0
0.5,-2.396,0.0,0.0,6.0
0.52,-2.398,0.0,0.0,6.0
0.54,-2.4,0.0,0.0,6.0
0.56,-2.402,0.0,0.0,6.0
0.58,-2.403,0.0,0.0,6.0
0.6,-2.405,0.0,0.0,6.0
0.62,-2.407,0.0,0.0,6.0
0.64,-2.409,0.0,0.0,6.0
0.66,-2.41,0.0,0.0,6.0
0.68,-2.414,0.0,0.0,6.0
0.7,-2.416,0.0,0.0,6.0
0.72,-2.419,0.0,0.0,6.0
0.74,-2.421,0.0,0.0,6.0
0.76,-2.424,0.0,0.0,6.0
0.78,-2.428,0.0,0.0,6.0
0.8,-2.429,0.0,0.0,6.0
0.82,-2.433,0.0,0.0,6.0
0.84,-2.436,0.0,0.0,6.0
0.86,-2.44,0.0,0.0,6.0
0.88,-2.443,0.0,0.0,6.0
0.9,-2.449,0.0,0.0,6.0
0.92,-2.452,0.0,0.0,6.0
0.94,-2.456,0.0,0.0,6.0
0.96,-2.461,0.0,0.0,6.0
0.98,-2.464,0.0,0.0,6.0
1.0,-2.47,0.0,0.0,6.0
1.02,-2.475,0.0,0.0,6.0
1.04,-2.48,0.0,0.0,6.0
1.06,-2.485,0.0,0.0,6.0
1.08,-2.491,0.0,0.0,6.0
1.1,-2.496,0.0,0.0,6.0
1.12,-2.501,0.0,0.0,6.0
1.14,-2.506,0.0,0.0,6.0
1.16,-2.512,0.0,0.0,6.0
1.18,-2.519,0.0,0.0,6.0
1.2,-2.524,0.0,0.0,6.0
1.22,-2.531,0.0,0.0,6.0
1.24,-2.538,0.0,0.0,6.0
1.26,-2.543,0.0,0.0,6.0
1.28,-2.55,0.0,0.0,6.0
1.3,-2.557,0.0,0.0,6.0
1.32,-2.564,0.0,0.0,6.0
1.34,-2.571,0.0,0.0,6.0
1.36,-2.58,0.0,0.0,6.0
1.38,-2.587,0.0,0.0,6.0
1.4,-2.594,0.0,0.0,6.0
1.42,-2.602,0.0,0.0,6.0
1.44,-2.611,0.0,0.0,6.0
1.46,-2.618,0.0,0.0,6.0
1.48,-2.627,0.0,0.0,6.0
1.5,-2.635,0.0,0.0,6.0
1.52,-2.644,0.0,0.0,6.0
1.54,-2.653,0.0,0.0,6.0
1.56,-2.662,0.0,0.0,6.0
1.58,-2.67,0.0,0.0,6.0
1.6,-2.681,0.0,0.0,6.0
1.62,-2.69,0.0,0.0,6.0
1.64,-2.7,0.0,0.0,6.0
1.66,-2.709,0.0,0.0,6.0
1.68,-2.719,0.0,0.0,6.0
1.7,-2.73,0.0,0.0,6.0
1.72,-2.74,0.0,0.0,6.0
1.74,-2.751,0.0,0.0,6.0
1.76,-2.761,0.0,0.0,6.0
1.78,-2.772,0.0,0.0,6.0
1.8,-2.782,0.0,0.0,6.0
1.82,-2.793,0.0,0.0,6.0
1.84,-2.805,0.0,0.0,6.0
1.86,-2.815,0.0,0.0,6.0
1.88,-2.827,0.0,0.0,6.0
1.9,-2.84,0.0,0.0,6.0
1.92,-2.852,0.0,0.0,6.0
1.94,-2.862,0.0,0.0,6.0
1.96,-2.875,0.0,0.0,6.0
1.98,-2.889,0.0,0.0,6.0
2.0,-2.901,0.0,0.0,6.0
2.02,-2.913,0.0,0.0,6.0
2.04,-2.925,0.0,0.0,6.0
2.06,-2.939,0.0,0.0,6.0
2.08,-2.951,0.0,0.0,6.0
2.1,-2.965,0.0,0.0,6.0
2.12,-2.979,0.0,0.0,6.0
2.14,-2.993,0.0,0.0,6.0
2.16,-3.005,0.0,0.0,6.0
2.18,-3.019,0.0,0.0,6.0
2.2,-3.035,0.0,0.0,6.0
2.22,-3.049,0.0,0.0,6.0
2.24,-3.063,0.0,0.0,6.0
2.26,-3.077,0.0,0.0,6.0
2.28,-3.093,0.0,0.0,6.0
2.3,-3.108,0.0,0.0,6.0
2.32,-3.122,0.0,0.0,6.0
2.34,-3.138,0.0,0.0,6.0
2.36,-3.154,0.0,0.0,6.0
2.38,-3.17,0.0,0.0,6.0
2.4,-3.185,0.0,0.0,6.0
2.42,-3.201,0.0,0.0,6.0
2.44,-3.217,0.0,0.0,6.0
2.46,-3.232,0.0,0.0,6.0
2.48,-3.25,0.0,0.0,6.0
2.5,-3.266,0.0,0.0,6.0
2.52,-3.283,0.0,0.0,6.0
2.54,-3.3,0.0,0.0,6.0
2.56,-3.316,0.0,0.0,6.0
2.58,-3.334,0.0,0.0,6.0
2.6,-3.351,0.0,0.0,6.0
2.62,-3.368,0.0,0.0,6.0
2.64,-3.388,0.0,0.0,6.0
2.66,-3.405,0.0,0.0,6.0
2.68,-3.423,0.0,0.0,6.0
2.7,-3.44,0.0,0.0,6.0
2.72,-3.459,0.0,0.0,6.0
2.74,-3.478,0.0,0.0,6.0
2.76,-3.496,0.0,0.0,6.0
2.78,-3.515,0.0,0.0,6.0
2.8,-3.534,0.0,0.0,6.0
2.82,-3.553,0.0,0.0,6.0
2.84,-3.573,0.0,0.0,6.0
2.86,-3.592,0.0,0.0,6.0
2.88,-3.613,0.0,0.0,6.0
2.9,-3.632,0.0,0.0,6.0
2.92,-3.651,0.0,0.0,6.0
2.94,-3.672,0.0,0.0,6.0
2.96,-3.691,0.0,0.0,6.0
2.98,-3.712,0.0,0.0,6.0
3.0,-3.733,0.0,0.0,6.0
3.02,-3.754,0.0,0.0,6.0
3.04,-3.775,0.0,0.0,6.0
3.06,-3.796,0.0,0.0,6.0
3.08,-3.817,0.0,0.0,6.0
3.1,-3.838,0.0,0.0,6.0
3.12,-3.861,0.0,0.0,6.0
3.14,-3.882,0.0,0.0,6.0
3.16,-3.904,0.0,0.0,6.0
3.18,-3.925,0.0,0.0,6.0
3.2,-3.948,0.0,0.0,6.0
3.22,-3.971,0.0,0.0,6.0
3.24,-3.993,0.0,0.0,6.0
3.26,-4.016,0.0,0.0,6.0
3.28,-4.039,0.0,0.0,6.0
3.3,-4.061,0.0,0.0,6.0
3.32,-4.084,0.0,0.0,6.0
3.34,-4.109,0.0,0.0,6.0
3.36,-4.131,0.0,0.0,6.0
3.38,-4.156,0.0,0.0,6.0
3.4,-4.18,0.0,0.0,6.0
3.42,-4.203,0.0,0.0,6.0
3.44,-4.227,0.0,0.0,6.0
3.46,-4.252,0.0,0.0,6.0
3.48,-4.276,0.0,0.0,6.0
3.5,-4.3,0.0,0.0,6.0
3.52,-4.327,0.0,0.0,6.0
3.54,-4.351,0.0,0.0,6.0
3.56,-4.376,0.0,0.0,6.0
3.58,-4.402,0.0,0.0,6.0
3.6,-4.428,0.0,0.0,6.0
3.62,-4.452,0.0,0.0,6.0
3.64,-4.479,0.0,0.0,6.0
3.66,-4.505,0.0,0.0,6.0
3.68,-4.531,0.0,0.0,6.0
3.7,-4.557,0.0,0.0,6.0
3.72,-4.583,0.0,0.0,6.0
3.74,-4.611,0.0,0.0,6.0
3.76,-4.637,0.0,0.0,6.0
3.78,-4.664,0.0,0.0,6.0
3.8,-4.691,0.0,0.0,6.0
3.82,-4.718,0.0,0.0,6.0
3.84,-4.746,0.0,0.0,6.0
3.86,-4.773,0.0,0.0,6.0
3.88,-4.801,0.0,0.0,6.0
3.9,-4.829,0.0,0.0,6.0
3.92,-4.857,0.0,0.0,6.0
3.94,-4.885,0.0,0.0,6.0
3.96,-4.913,0.0,0.0,6.0
3.98,-4.943,0.0,0.0,6.0
4.0,-4.971,0.0,0.0,6.0
4.02,-5.0,0.0,0.0,6.0
4.04,-5.028,0.0,0.0,6.0
4.06,-5.058,0.0,0.0,6.0
4.08,-5.088,0.0,0.0,6.0
4.1,-5.116,0.0,0.0,6.0
4.12,-5.145,0.0,0.0,6.0
4.14,-5.175,0.0,0.0,6.0
4.16,-5.205,0.0,0.0,6.0
4.18,-5.234,0.0,0.0,6.0
4.2,-5.266,0.0,0.0,6.0
4.22,-5.295,0.0,0.0,6.0
4.24,-5.325,0.0,0.0,6.0
4.26,-5.356,0.0,0.0,6.0
4.28,-5.388,0.0,0.0,6.0
4.3,-5.418,0.0,0.0,6.0
4.32,-5.449,0.0,0.0,6.0
4.34,-5.48,0.0,0.0,6.0
4.36,-5.512,0.0,0.0,6.0
4.38,-5.543,0.0,0.0,6.0
4.4,-5.575,0.0,0.0,6.0
4.42,-5.606,0.0,0.0,6.0
4.44,-5.637,0.0,0.0,6.0
4.46,-5.669,0.0,0.0,6.0
4.48,-5.702,0.0,0.0,6.0
4.5,-5.733,0.0,0.0,6.0
4.52,-5.767,0.0,0.0,6.0
4.54,-5.798,0.0,0.0,6.0
4.56,-5.831,0.0,0.0,6.0
4.58,-5.864,0.0,0.0,6.0
4.6,-5.897,0.0,0.0,6.0
4.62,-5.929,0.0,0.0,6.0
4.64,-5.964,0.0,0.0,6.0
4.66,-5.997,0.0,0.0,6.0
4.68,-6.03,0.0,0.0,6.0
4.7,-6.063,0.0,0.0,6.0
4.72,-6.096,0.0,0.0,6.0
4.74,-6.131,0.0,0.0,6.0
4.76,-6.165,0.0,0.0,6.0
4.78,-6.199,0.0,0.0,6.0
4.8,-6.233,0.0,0.0,6.0
4.82,-6.267,0.0,0.0,6.0
4.84,-6.302,0.0,0.0,6.0
4.86,-6.336,0.0,0.0,6.0
4.88,-6.37,0.0,0.0,6.0
4.9,-6.405,0.0,0.0,6.0
4.92,-6.44,0.0,0.0,6.0
4.94,-6.475,0.0,0.0,6.0
4.96,-6.51,0.0,0.0,6.0
4.98,-6.547,0.0,0.0,6.0
5.0,-6.582,0.0,0.0,6.0
5.02,-6.617,0.0,0.0,6.0
5.04,-6.653,0.0,0.0,6.0
5.06,-6.688,0.0,0.0,6.0
5.08,-6.725,0.0,0.0,6.0
5.1,-6.761,0.0,0.0,6.0
5.12,-6.796,0.0,0.0,6.0
5.14,-6.833,0.0,0.0,6.0
5.16,-6.87,0.0,0.0,6.0
5.18,-6.906,0.0,0.0,6.0
5.2,-6.943,0.0,0.0,6.0
5.22,-6.98,0.0,0.0,6.0
5.24,-7.016,0.0,0.0,6.0
5.26,-7.053,0.0,0.0,6.0
5.28,-7.091,0.0,0.0,6.0
5.3,-7.128,0.0,0.0,6.0
5.32,-7.165,0.0,0.0,6.0
5.34,-7.203,0.0,0.0,6.0
5.36,-7.24,0.0,0.0,6.0
5.38,-7.278,0.0,0.0,6.0
5.4,-7.316,0.0,0.0,6.0
5.42,-7.355,0.0,0.0,6.0
5.44,-7.391,0.0,0.0,6.0
5.46,-7.43,0.0,0.0,6.0
5.48,-7.468,0.0,0.0,6.0
5.5,-7.507,0.0,0.0,6.0
5.52,-7.547,0.0,0.0,6.0
5.54,-7.585,0.0,0.0,6.0
5.56,-7.624,0.0,0.0,6.0
5.58,-7.664,0.0,0.0,6.0
5.6,-7.702,0.0,0.0,6.0
5.62,-7.742,0.0,0.0,6.0
5.64,-7.781,0.0,0.0,6.0
5.66,-7.821,0.0,0.0,6.0
5.68,-7.861,0.0,0.0,6.0
5.7,-7.901,0.0,0.0,6.0
5.72,-7.941,0.0,0.0,6.0
5.74,-7.981,0.0,0.0,6.0
5.76,-8.022,0.0,0.0,6.0
5.78,-8.062,0.0,0.0,6.0
5.8,-8.102,0.0,0.0,6.0
5.82,-8.144,0.0,0.0,6.0
5.84,-8.184,0.0,0.0,6.0
5.86,-8.226,0.0,0.0,6.0
5.88,-8.266,0.0,0.0,6.0
5.9,-8.308,0.0,0.0,6.0
5.92,-8.348,0.0,0.0,6.0
5.94,-8.39,0.0,0.0,6.0
5.96,-8.432,0.0,0.0,6.0
5.98,-8.474,0.0,0.0,6.0
6.0,-8.515,0.0,0.0,6.0
6.02,-8.557,0.0,0.0,6.0
6.04,-8.601,0.0,0.0,6.0
6.06,-8.643,0.0,0.0,6.0
6.08,-8.685,0.0,0.0,6.0
6.1,-8.728,0.0,0.0,6.0
6.12,-8.77,0.0,0.0,6.0
6.14,-8.814,0.0,0.0,6.0
6.16,-8.858,0.0,0.0,6.0
6.18,-8.899,0.0,0.0,6.0
6.2,-8.943,0.0,0.0,6.0
6.22,-8.987,0.0,0.0,6.0
6.24,-9.03,0.0,0.0,6.0
6.26,-9.074,0.0,0.0,6.0
6.28,-9.118,0.0,0.0,6.0
6.3,-9.161,0.0,0.0,6.0
6.32,-9.205,0.002,0.0,6.0
6.34,-9.25,0.002,0.0,6.0
6.36,-9.294,0.002,0.0,6.0
6.38,-9.338,0.019,0.0,6.0
6.4,-9.383,0.019,0.0,6.0
6.42,-9.427,0.003,0.0,6.0
6.44,-9.472,0.003,0.0,6.0
6.46,-9.517,0.005,0.0,6.0
6.48,-9.561,0.007,0.0,6.0
6.5,-9.606,0.007,0.0,6.0
6.52,-9.652,0.009,0.0,6.0
6.54,-9.695,0.009,0.0,6.0
6.56,-9.741,0.012,0.0,6.0
6.58,-9.786,0.012,0.0,6.0
6.6,-9.831,0.016,0.0,6.0
6.62,-9.877,0.017,0.0,6.0
6.64,-9.922,0.019,0.0,6.0
6.66,-9.968,0.021,0.0,6.0
6.68,-10.013,0.023,0.0,6.0
6.7,-10.058,0.024,0.0,6.0
6.72,-10.104,0.024,0.0,6.0
6.74,-10.149,0.028,0.0,6.0
6.76,-10.194,0.03,0.0,6.0
6.78,-10.24,0.033,0.0,6.0
6.8,-10.285,0.035,0.0,6.0
6.82,-10.331,0.037,0.0,6.0
6.84,-10.376,0.038,0.0,6.0
6.86,-10.421,0.042,0.0,6.0
6.88,-10.467,0.044,0.0,6.0
6.9,-10.512,0.044,0.0,6.0
6.92,-10.558,0.047,0.0,6.0
6.94,-10.603,0.052,0.0,6.0
6.96,-10.65,0.054,0.0,6.0
6.98,-10.695,0.056,0.0,6.0
7.0,-10.741,0.058,0.0,6.0
7.02,-10.786,0.061,0.0,6.0
7.04,-10.832,0.065,0.0,6.0
7.06,-10.879,0.066,0.0,6.0
7.08,-10.924,0.07,0.0,6.0
7.1,-10.969,0.07,0.0,6.0
7.12,-11.015,0.075,0.0,6.0
7.14,-11.06,0.077,0.0,6.0
7.16,-11.107,0.08,0.0,6.0
7.18,-11.153,0.084,0.0,6.0
7.2,-11.198,0.084,0.0,6.0
7.22,-11.243,0.087,0.0,6.0
7.24,-11.291,0.091,0.0,6.0
7.26,-11.336,0.093,0.0,6.0
7.28,-11.381,0.094,0.0,6.0
7.3,-11.427,0.096,0.0,6.0
7.32,-11.474,0.099,0.0,6.0
7.34,-11.519,0.099,0.0,6.0
7.36,-11.566,0.103,0.0,6.0
7.38,-11.612,0.106,0.0,6.0
7.4,-11.657,0.106,0.0,6.0
7.42,-11.704,0.11,0.0,6.0
7.44,-11.75,0.112,0.0,6.0
7.46,-11.797,0.113,0.0,6.0
7.48,-11.842,0.117,0.0,6.0
7.5,-11.889,0.117,0.0,6.0
7.52,-11.935,0.12,0.0,6.0
7.54,-11.982,0.12,0.0,6.0
7.56,-12.027,0.122,0.0,6.0
7.58,-12.074,0.124,0.0,6.0
7.6,-12.121,0.126,0.0,6.0
7.62,-12.168,0.126,0.0,6.0
7.64,-12.214,0.127,0.0,6.0
7.66,-12.261,0.127,0.0,6.0
7.68,-12.308,0.129,0.0,6.0
7.7,-12.355,0.129,0.0,6.0
7.72,-12.402,0.131,0.0,6.0
7.74,-12.449,0.131,0.0,6.0
7.76,-12.497,0.133,0.0,6.0
7.78,-12.544,0.133,0.0,6.0
7.8,-12.591,0.133,0.0,6.0
7.82,-12.638,0.134,0.0,6.0
7.84,-12.687,0.134,0.0,6.0
7.86,-12.734,0.134,0.0,6.0
7.88,-12.783,0.134,0.0,6.0
7.9,-12.83,0.134,0.0,6.0
7.92,-12.879,0.134,0.0,6.0
7.94,-12.926,0.134,0.0,6.0
7.96,-12.975,0.134,0.0,6.0
7.98,-13.024,0.134,0.0,6.0
8.0,-13.071,0.134,0.0,6.0
8.02,-13.12,0.134,0.0,6.0
8.04,-13.169,0.134,0.0,6.0
8.06,-13.217,0.134,0.0,6.0
8.08,-13.266,0.136,0.0,6.0
8.1,-13.317,0.136,0.0,6.0
8.12,-13.366,0.136,0.0,6.0
8.14,-13.415,0.136,0.0,6.0
8.16,-13.465,0.136,0.0,6.0
8.18,-13.514,0.134,0.0,6.0
8.2,-13.565,0.134,0.0,6.0
8.22,-13.614,0.134,0.0,6.0
8.24,-13.664,0.134,0.0,6.0
8.26,-13.715,0.134,0.0,6.0
8.28,-13.764,0.134,0.0,6.0
8.3,-13.814,0.134,0.0,6.0
8.32,-13.865,0.134,0.0,6.0
8.34,-13.916,0.134,0.0,6.0
8.36,-13.968,0.134,0.0,6.0
8.38,-14.018,0.134,0.0,6.0
8.4,-14.069,0.134,0.0,6.0
8.42,-14.12,0.134,0.0,6.0
8.44,-14.172,0.134,0.0,6.0
8.46,-14.223,0.134,0.0,6.0
8.48,-14.275,0.134,0.0,6.0
8.5,-14.326,0.134,0.0,6.0
8.52,-14.378,0.134,0.0,6.0
8.54,-14.43,0.133,0.0,6.0
8.56,-14.481,0.133,0.0,6.0
8.58,-14.533,0.133,0.0,6.0
8.6,-14.586,0.134,0.0,6.0
8.62,-14.638,0.134,0.0,6.0
8.64,-14.69,0.136,0.0,6.0
8.66,-14.743,0.136,0.0,6.0
8.68,-14.795,0.138,0.0,6.0
8.7,-14.848,0.138,0.0,6.0
8.72,-14.9,0.14,0.0,6.0
8.74,-14.952,0.141,0.0,6.0
8.76,-15.005,0.141,0.0,6.0
8.78,-15.057,0.143,0.0,6.0
8.8,-15.111,0.145,0.0,6.0
8.82,-15.163,0.147,0.0,6.0
8.84,-15.216,0.148,0.0,6.0
8.86,-15.268,0.15,0.0,6.0
8.88,-15.322,0.152,0.0,6.0
8.9,-15.375,0.154,0.0,6.0
8.92,-15.427,0.154,0.0,6.0
8.94,-15.481,0.157,0.0,6.0
8.96,-15.533,0.159,0.0,6.0
8.98,-15.586,0.161,0.0,6.0
9.0,-15.64,0.162,0.0,6.0
9.02,-15.692,0.164,0.0,6.0
9.04,-15.746,0.168,0.0,6.0
9.06,-15.799,0.168,0.0,6.0
9.08,-15.853,0.171,0.0,6.0
9.1,-15.905,0.175,0.0,6.0
9.12,-15.958,0.175,0.0,6.0
9.14,-16.012,0.178,0.0,6.0
9.16,-16.064,0.18,0.0,6.0
9.18,-16.118,0.18,0.0,6.0
9.2,-16.17,0.183,0.0,6.0
9.22,-16.225,0.187,0.0,6.0
9.24,-16.279,0.187,0.0,6.0
9.26,-16.331,0.19,0.0,6.0
9.28,-16.385,0.192,0.0,6.0
9.3,-16.438,0.195,0.0,6.0
9.32,-16.492,0.195,0.0,6.0
9.34,-16.544,0.199,0.0,6.0
9.36,-16.598,0.201,0.0,6.0
9.38,-16.652,0.202,0.0,6.0
9.4,-16.705,0.206,0.0,6.0
9.42,-16.759,0.206,0.0,6.0
9.44,-16.813,0.209,0.0,6.0
9.46,-16.867,0.211,0.0,6.0
9.48,-16.919,0.211,0.0,6.0
9.5,-16.973,0.215,0.0,6.0
9.52,-17.027,0.216,0.0,6.0
9.54,-17.082,0.216,0.0,6.0
9.56,-17.136,0.218,0.0,6.0
9.58,-17.19,0.22,0.0,6.0
9.6,-17.244,0.223,0.0,6.0
9.62,-17.298,0.223,0.0,6.0
9.64,-17.354,0.225,0.0,6.0
9.66,-17.408,0.227,0.0,6.0
9.68,-17.462,0.229,0.0,6.0
9.7,-17.516,0.229,0.0,6.0
9.72,-17.572,0.23,0.0,6.0
9.74,-17.626,0.23,0.0,6.0
9.76,-17.68,0.232,0.0,6.0
9.78,-17.736,0.232,0.0,6.0
9.8,-17.79,0.234,0.0,6.0
9.82,-17.846,0.234,0.0,6.0
9.84,-17.902,0.234,0.0,6.0
9.86,-17.956,0.236,0.0,6.0
9.88,-18.012,0.236,0.0,6.0
9.9,-18.068,0.237,0.0,6.0
9.92,-18.124,0.237,0.0,6.0
9.94,-18.178,0.237,0.0,6.0
9.96,-18.233,0.237,0.0,6.0
9.98,-18.289,0.237,0.0,6.0
10.0,-18.345,0.239,0.0,6.0
10.02,-18.403,0.239,0.0,6.0
10.04,-18.459,0.239,0.0,6.0
10.06,-18.514,0.239,0.0,6.0
10.08,-18.57,0.239,0.0,6.0
10.1,-18.628,0.239,0.0,6.0
10.12,-18.684,0.239,0.0,6.0
10.14,-18.741,0.239,0.0,6.0
10.16,-18.797,0.239,0.0,6.0
10.18,-18.855,0.239,0.0,6.0
10.2,-18.911,0.239,0.0,6.0
10.22,-18.968,0.239,0.0,6.0
10.24,-19.026,0.239,0.0,6.0
10.26,-19.083,0.239,0.0,6.0
10.28,-19.141,0.239,0.0,6.0
10.3,-19.199,0.239,0.0,6.0
10.32,-19.256,0.239,0.0,6.0
10.34,-19.314,0.239,0.0,6.0
10.36,-19.371,0.239,0.0,6.0
10.38,-19.429,0.239,0.0,6.0
10.4,-19.487,0.239,0.0,6.0
10.42,-19.546,0.239,0.0,6.0
10.44,-19.604,0.239,0.0,6.0
10.46,-19.663,0.239,0.0,6.0
10.48,-19.72,0.239,0.0,6.0
10.5,-19.78,0.239,0.0,6.0
10.52,-19.837,0.239,0.0,6.0
10.54,-19.897,0.239,0.0,6.0
10.56,-19.956,0.239,0.0,6.0
10.58,-20.014,0.239,0.0,6.0
10.6,-20.073,0.239,0.0,6.0
10.62,-20.132,0.241,0.0,6.0
10.64,-20.192,0.241,0.0,6.0
10.66,-20.251,0.241,0.0,6.0
10.68,-20.31,0.241,0.0,6.0
10.7,-20.37,0.241,0.0,6.0
10.72,-20.429,0.243,0.0,6.0
10.74,-20.49,0.243,0.0,6.0
10.76,-20.55,0.244,0.0,6.0
10.78,-20.609,0.244,0.0,6.0
10.8,-20.67,0.244,0.0,6.0
10.82,-20.729,0.246,0.0,6.0
10.84,-20.789,0.246,0.0,6.0
10.86,-20.85,0.248,0.0,6.0
10.88,-20.909,0.248,0.0,6.0
10.9,-20.97,0.25,0.0,6.0
10.92,-21.031,0.25,0.0,6.0
10.94,-21.091,0.251,0.0,6.0
10.96,-21.152,0.251,0.0,6.0
10.98,-21.213,0.253,0.0,6.0
11.0,-21.274,0.255,0.0,6.0
11.02,-21.333,0.255,0.0,6.0
11.04,-21.394,0.257,0.0,6.0
11.06,-21.455,0.258,0.0,6.0
11.08,-21.516,0.26,0.0,6.0
11.1,-21.578,0.26,0.0,6.0
11.12,-21.639,0.262,0.0,6.0
11.14,-21.7,0.262,0.0,6.0
11.16,-21.761,0.264,0.0,6.0
11.18,-21.822,0.265,0.0,6.0
11.2,-21.881,0.265,0.0,6.0
11.22,-21.944,0.269,0.0,6.0
11.24,-22.005,0.269,0.0,6.0
11.26,-22.066,0.271,0.0,6.0
11.28,-22.127,0.271,0.0,6.0
11.3,-22.188,0.274,0.0,6.0
11.32,-22.249,0.274,0.0,6.0
11.34,-22.311,0.276,0.0,6.0
11.36,-22.373,0.278,0.0,6.0
11.38,-22.434,0.279,0.0,6.0
11.4,-22.496,0.279,0.0,6.0
11.42,-22.558,0.281,0.0,6.0
11.44,-22.619,0.283,0.0,6.0
11.46,-22.681,0.283,0.0,6.0
11.48,-22.743,0.283,0.0,6.0
11.5,-22.804,0.286,0.0,6.0
11.52,-22.867,0.286,0.0,6.0
11.54,-22.928,0.288,0.0,6.0
11.56,-22.991,0.288,0.0,6.0
11.58,-23.054,0.29,0.0,6.0
11.6,-23.115,0.29,0.0,6.0
11.62,-23.178,0.291,0.0,6.0
11.64,-23.241,0.293,0.0,6.0
11.66,-23.304,0.293,0.0,6.0
11.68,-23.366,0.295,0.0,6.0
11.7,-23.429,0.295,0.0,6.0
11.72,-23.492,0.297,0.0,6.0
11.74,-23.555,0.298,0.0,6.0
11.76,-23.618,0.298,0.0,6.0
11.78,-23.681,0.298,0.0,6.0
11.8,-23.743,0.3,0.0,6.0
11.82,-23.808,0.3,0.0,6.0
11.84,-23.871,0.302,0.0,6.0
11.86,-23.934,0.302,0.0,6.0
11.88,-23.998,0.302,0.0,6.0
11.9,-24.061,0.304,0.0,6.0
11.92,-24.124,0.304,0.0,6.0
11.94,-24.189,0.305,0.0,6.0
11.96,-24.253,0.305,0.0,6.0
11.98,-24.316,0.307,0.0,6.0
12.0,-24.381,0.307,0.0,6.0
12.02,-24.443,0.307,0.0,6.0
12.04,-24.508,0.309,0.0,6.0
12.06,-24.573,0.309,0.0,6.0
12.08,-24.637,0.309,0.0,6.0
12.1,-24.702,0.309,0.0,6.0
12.12,-24.766,0.311,0.0,6.0
12.14,-24.831,0.311,0.0,6.0
12.16,-24.895,0.311,0.0,6.0
12.18,-24.96,0.311,0.0,6.0
12.2,-25.025,0.312,0.0,6.0
12.22,-25.089,0.312,0.0,6.0
12.24,-25.154,0.312,0.0,6.0
12.26,-25.218,0.312,0.0,6.0
12.28,-25.285,0.312,0.0,6.0
12.3,-25.349,0.314,0.0,6.0
12.32,-25.415,0.314,0.0,6.0
12.34,-25.48,0.314,0.0,6.0
12.36,-25.546,0.314,0.0,6.0
12.38,-25.611,0.314,0.0,6.0
12.4,-25.677,0.314,0.0,6.0
12.42,-25.742,0.316,0.0,6.0
12.44,-25.808,0.316,0.0,6.0
12.46,-25.875,0.316,0.0,6.0
12.48,-25.941,0.316,0.0,6.0
12.5,-26.005,0.316,0.0,6.0
12.52,-26.072,0.316,0.0,6.0
12.54,-26.138,0.316,0.0,6.0
12.56,-26.204,0.318,0.0,6.0
12.58,-26.271,0.318,0.0,6.0
12.6,-26.337,0.318,0.0,6.0
12.62,-26.405,0.318,0.0,6.0
12.64,-26.471,0.318,0.0,6.0
12.66,-26.538,0.318,0.0,6.0
12.68,-26.604,0.318,0.0,6.0
12.7,-26.672,0.318,0.0,6.0
12.72,-26.738,0.318,0.0,6.0
12.74,-26.807,0.319,0.0,6.0
12.76,-26.873,0.319,0.0,6.0
12.78,-26.941,0.319,0.0,6.0
12.8,-27.007,0.319,0.0,6.0
12.82,-27.075,0.319,0.0,6.0
12.84,-27.143,0.319,0.0,6.0
12.86,-27.211,0.321,0.0,6.0
12.88,-27.28,0.321,0.0,6.0
12.9,-27.346,0.321,0.0,6.0
12.92,-27.414,0.321,0.0,6.0
12.94,-27.482,0.321,0.0,6.0
12.96,-27.55,0.323,0.0,6.0
12.98,-27.618,0.323,0.0,6.0
13.0,-27.688,0.323,0.0,6.0
13.02,-27.756,0.323,0.0,6.0
13.04,-27.824,0.323,0.0,6.0
13.06,-27.892,0.325,0.0,6.0
13.08,-27.96,0.325,0.0,6.0
13.1,-28.028,0.325,0.0,6.0
13.12,-28.098,0.326,0.0,6.0
13.14,-28.166,0.326,0.0,6.0
13.16,-28.234,0.326,0.0,6.0
13.18,-28.304,0.328,0.0,6.0
13.2,-28.372,0.328,0.0,6.0
13.22,-28.442,0.328,0.0,6.0
13.24,-28.51,0.33,0.0,6.0
13.26,-28.58,0.33,0.0,6.0
13.28,-28.648,0.332,0.0,6.0
13.3,-28.718,0.332,0.0,6.0
13.32,-28.786,0.332,0.0,6.0
13.34,-28.856,0.333,0.0,6.0
13.36,-28.925,0.335,0.0,6.0
13.38,-28.993,0.335,0.0,6.0
13.4,-29.063,0.335,0.0,6.0
13.42,-29.133,0.337,0.0,6.0
13.44,-29.203,0.337,0.0,6.0
13.46,-29.273,0.339,0.0,6.0
13.48,-29.341,0.339,0.0,6.0
13.5,-29.411,0.34,0.0,6.0
13.52,-29.48,0.34,0.0,6.0
13.54,-29.55,0.34,0.0,6.0
13.56,-29.62,0.342,0.0,6.0
13.58,-29.692,0.344,0.0,6.0
13.6,-29.761,0.344,0.0,6.0
13.62,-29.831,0.346,0.0,6.0
13.64,-29.901,0.346,0.0,6.0
13.66,-29.973,0.347,0.0,6.0
13.68,-30.042,0.349,0.0,6.0
13.7,-30.112,0.349,0.0,6.0
13.72,-30.184,0.351,0.0,6.0
13.74,-30.254,0.353,0.0,6.0
13.76,-30.325,0.353,0.0,6.0
13.78,-30.395,0.354,0.0,6.0
13.8,-30.466,0.354,0.0,6.0
13.82,-30.536,0.356,0.0,6.0
13.84,-30.608,0.356,0.0,6.0
13.86,-30.678,0.358,0.0,6.0
13.88,-30.749,0.358,0.0,6.0
13.9,-30.821,0.358,0.0,6.0
13.92,-30.892,0.36,0.0,6.0
13.94,-30.962,0.361,0.0,6.0
13.96,-31.034,0.361,0.0,6.0
13.98,-31.105,0.361,0.0,6.0
14.0,-31.177,0.363,0.0,6.0
14.02,-31.248,0.363,0.0,6.0
14.04,-31.32,0.363,0.0,6.0
14.06,-31.392,0.365,0.0,6.0
14.08,-31.463,0.365,0.0,6.0
14.1,-31.535,0.365,0.0,6.0
14.12,-31.606,0.367,0.0,6.0
14.14,-31.678,0.367,0.0,6.0
14.16,-31.749,0.367,0.0,6.0
14.18,-31.823,0.367,0.0,6.0
14.2,-31.894,0.367,0.0,6.0
14.22,-31.966,0.367,0.0,6.0
14.24,-32.039,0.368,0.0,6.0
14.26,-32.111,0.368,0.0,6.0
14.28,-32.184,0.368,0.0,6.0
14.3,-32.255,0.368,0.0,6.0
14.32,-32.329,0.368,0.0,6.0
14.34,-32.4,0.368,0.0,6.0
14.36,-32.474,0.37,0.0,6.0
14.38,-32.547,0.37,0.0,6.0
14.4,-32.62,0.37,0.0,6.0
14.42,-32.692,0.37,0.0,6.0
14.44,-32.765,0.37,0.0,6.0
14.46,-32.838,0.37,0.0,6.0
14.48,-32.912,0.37,0.0,6.0
14.5,-32.987,0.37,0.0,6.0
14.52,-33.06,0.368,0.0,6.0
14.54,-33.133,0.368,0.0,6.0
14.56,-33.207,0.368,0.0,6.0
14.58,-33.282,0.368,0.0,6.0
14.6,-33.355,0.368,0.0,6.0
14.62,-33.428,0.368,0.0,6.0
14.64,-33.503,0.368,0.0,6.0
14.66,-33.578,0.368,0.0,6.0
14.68,-33.652,0.368,0.0,6.0
14.7,-33.727,0.368,0.0,6.0
14.72,-33.8,0.368,0.0,6.0
14.74,-33.875,0.368,0.0,6.0
14.76,-33.95,0.368,0.0,6.0
14.78,-34.025,0.368,0.0,6.0
14.8,-34.1,0.368,0.0,6.0
14.82,-34.174,0.368,0.0,6.0
14.84,-34.249,0.368,0.0,6.0
14.86,-34.324,0.368,0.0,6.0
14.88,-34.399,0.367,0.0,6.0
14.9,-34.474,0.367,0.0,6.0
14.92,-34.549,0.367,0.0,6.0
14.94,-34.624,0.367,0.0,6.0
14.96,-34.699,0.367,0.0,6.0
14.98,-34.774,0.368,0.0,6.0
15.0,-34.849,0.368,0.0,6.0
15.02,-34.924,0.368,0.0,6.0
15.04,-34.999,0.37,0.0,6.0
15.06,-35.076,0.37,0.0,6.0
15.08,-35.151,0.37,0.0,6.0
15.1,-35.226,0.372,0.0,6.0
15.12,-35.301,0.372,0.0,6.0
15.14,-35.378,0.374,0.0,6.0
15.16,-35.453,0.374,0.0,6.0
15.18,-35.528,0.375,0.0,6.0
15.2,-35.605,0.375,0.0,6.0
15.22,-35.68,0.375,0.0,6.0
15.24,-35.757,0.377,0.0,6.0
15.26,-35.832,0.377,0.0,6.0
15.28,-35.908,0.379,0.0,6.0
15.3,-35.983,0.379,0.0,6.0
15.32,-36.06,0.38,0.0,6.0
15.34,-36.137,0.382,0.0,6.0
15.36,-36.212,0.382,0.0,6.0
15.38,-36.289,0.384,0.0,6.0
15.4,-36.366,0.384,0.0,6.0
15.42,-36.442,0.386,0.0,6.0
15.44,-36.518,0.386,0.0,6.0
15.46,-36.594,0.387,0.0,6.0
15.48,-36.671,0.387,0.0,6.0
15.5,-36.748,0.387,0.0,6.0
15.52,-36.825,0.389,0.0,6.0
15.54,-36.902,0.391,0.0,6.0
15.56,-36.978,0.391,0.0,6.0
15.58,-37.055,0.391,0.0,6.0
15.6,-37.132,0.393,0.0,6.0
15.62,-37.209,0.393,0.0,6.0
15.64,-37.285,0.393,0.0,6.0
15.66,-37.362,0.394,0.0,6.0
15.68,-37.441,0.394,0.0,6.0
15.7,-37.518,0.394,0.0,6.0
15.72,-37.594,0.394,0.0,6.0
15.74,-37.671,0.394,0.0,6.0
15.76,-37.75,0.396,0.0,6.0
15.78,-37.827,0.396,0.0,6.0
15.8,-37.905,0.396,0.0,6.0
15.82,-37.982,0.396,0.0,6.0
15.84,-38.06,0.396,0.0,6.0
15.86,-38.137,0.396,0.0,6.0
15.88,-38.216,0.396,0.0,6.0
15.9,-38.293,0.396,0.0,6.0
15.92,-38.371,0.396,0.0,6.0
15.94,-38.45,0.396,0.0,6.0
15.96,-38.528,0.396,0.0,6.0
15.98,-38.605,0.398,0.0,6.0
16.0,-38.683,0.398,0.0,6.0
16.02,-38.762,0.398,0.0,6.0
16.04,-38.841,0.398,0.0,6.0
16.06,-38.919,0.398,0.0,6.0
16.08,-38.998,0.398,0.0,6.0
16.1,-39.078,0.396,0.0,6.0
16.12,-39.156,0.396,0.0,6.0
16.14,-39.235,0.396,0.0,6.0
16.16,-39.314,0.396,0.0,6.0
16.18,-39.394,0.396,0.0,6.0
16.2,-39.472,0.396,0.0,6.0
16.22,-39.553,0.396,0.0,6.0
16.24,-39.631,0.394,0.0,6.0
16.26,-39.711,0.394,0.0,6.0
16.28,-39.792,0.394,0.0,6.0
16.3,-39.87,0.394,0.0,6.0
16.32,-39.951,0.394,0.0,6.0
16.34,-40.031,0.394,0.0,6.0
16.36,-40.109,0.394,0.0,6.0
16.38,-40.19,0.393,0.0,6.0
16.4,-40.27,0.393,0.0,6.0
16.42,-40.35,0.393,0.0,6.0
16.44,-40.431,0.393,0.0,6.0
16.46,-40.511,0.393,0.0,6.0
16.48,-40.591,0.393,0.0,6.0
16.5,-40.671,0.393,0.0,6.0
16.52,-40.75,0.394,0.0,6.0
16.54,-40.83,0.394,0.0,6.0
16.56,-40.911,0.394,0.0,6.0
16.58,-40.991,0.394,0.0,6.0
16.6,-41.071,0.396,0.0,6.0
16.62,-41.153,0.396,0.0,6.0
16.64,-41.233,0.396,0.0,6.0
16.66,-41.314,0.398,0.0,6.0
16.68,-41.394,0.398,0.0,6.0
16.7,-41.474,0.398,0.0,6.0
16.72,-41.555,0.4,0.0,6.0
16.74,-41.635,0.4,0.0,6.0
16.76,-41.717,0.401,0.0,6.0
16.78,-41.797,0.401,0.0,6.0
16.8,-41.877,0.401,0.0,6.0
16.82,-41.958,0.401,0.0,6.0
16.84,-42.04,0.401,0.0,6.0
16.86,-42.12,0.403,0.0,6.0
16.88,-42.202,0.405,0.0,6.0
16.9,-42.282,0.405,0.0,6.0
16.92,-42.364,0.405,0.0,6.0
16.94,-42.445,0.407,0.0,6.0
16.96,-42.527,0.407,0.0,6.0
16.98,-42.609,0.408,0.0,6.0
17.0,-42.689,0.408,0.0,6.0
17.02,-42.771,0.408,0.0,6.0
17.04,-42.853,0.41,0.0,6.0
17.06,-42.933,0.41,0.0,6.0
17.08,-43.015,0.41,0.0,6.0
17.1,-43.097,0.412,0.0,6.0
17.12,-43.179,0.412,0.0,6.0
17.14,-43.261,0.412,0.0,6.0
17.16,-43.344,0.414,0.0,6.0
17.18,-43.426,0.414,0.0,6.0
17.2,-43.508,0.414,0.0,6.0
17.22,-43.59,0.414,0.0,6.0
17.24,-43.672,0.415,0.0,6.0
17.26,-43.754,0.415,0.0,6.0
17.28,-43.836,0.415,0.0,6.0
17.3,-43.918,0.415,0.0,6.0
17.32,-44.0,0.415,0.0,6.0
17.34,-44.084,0.415,0.0,6.0
17.36,-44.166,0.415,0.0,6.0
17.38,-44.248,0.415,0.0,6.0
17.4,-44.331,0.417,0.0,6.0
17.42,-44.413,0.417,0.0,6.0
17.44,-44.495,0.417,0.0,6.0
17.46,-44.579,0.417,0.0,6.0
17.48,-44.661,0.417,0.0,6.0
17.5,-44.745,0.419,0.0,6.0
17.52,-44.829,0.419,0.0,6.0
17.54,-44.911,0.419,0.0,6.0
17.56,-44.995,0.419,0.0,6.0
17.58,-45.078,0.419,0.0,6.0
17.6,-45.162,0.419,0.0,6.0
17.62,-45.244,0.419,0.0,6.0
17.64,-45.328,0.419,0.0,6.0
17.66,-45.412,0.417,0.0,6.0
17.68,-45.496,0.417,0.0,6.0
17.7,-45.579,0.417,0.0,6.0
17.72,-45.663,0.417,0.0,6.0
17.74,-45.749,0.417,0.0,6.0
17.76,-45.832,0.417,0.0,6.0
17.78,-45.916,0.417,0.0,6.0
17.8,-46.002,0.417,0.0,6.0
17.82,-46.085,0.417,0.0,6.0
17.84,-46.169,0.417,0.0,6.0
17.86,-46.255,0.417,0.0,6.0
17.88,-46.339,0.417,0.0,6.0
17.9,-46.424,0.417,0.0,6.0
17.92,-46.508,0.417,0.0,6.0
17.94,-46.593,0.417,0.0,6.0
17.96,-46.677,0.417,0.0,6.0
17.98,-46.763,0.417,0.0,6.0
18.0,-46.848,0.417,0.0,6.0
18.02,-46.932,0.417,0.0,6.0
18.04,-47.017,0.417,0.0,6.0
18.06,-47.101,0.415,0.0,6.0
18.08,-47.187,0.415,0.0,6.0
18.1,-47.272,0.415,0.0,6.0
18.12,-47.358,0.415,0.0,6.0
18.14,-47.442,0.415,0.0,6.0
18.16,-47.527,0.417,0.0,6.0
18.18,-47.613,0.417,0.0,6.0
18.2,-47.698,0.417,0.0,6.0
18.22,-47.782,0.419,0.0,6.0
18.24,-47.867,0.419,0.0,6.0
18.26,-47.953,0.419,0.0,6.0
18.28,-48.038,0.419,0.0,6.0
18.3,-48.124,0.421,0.0,6.0
18.32,-48.208,0.421,0.0,6.0
18.34,-48.293,0.421,0.0,6.0
18.36,-48.379,0.421,0.0,6.0
18.38,-48.464,0.422,0.0,6.0
18.4,-48.55,0.422,0.0,6.0
18.42,-48.637,0.422,0.0,6.0
18.44,-48.723,0.424,0.0,6.0
18.46,-48.808,0.424,0.0,6.0
18.48,-48.894,0.424,0.0,6.0
18.5,-48.979,0.426,0.0,6.0
18.52,-49.066,0.426,0.0,6.0
18.54,-49.152,0.426,0.0,6.0
18.56,-49.238,0.426,0.0,6.0
18.58,-49.325,0.428,0.0,6.0
18.6,-49.41,0.428,0.0,6.0
18.62,-49.496,0.428,0.0,6.0
18.64,-49.583,0.428,0.0,6.0
18.66,-49.669,0.428,0.0,6.0
18.68,-49.756,0.429,0.0,6.0
18.7,-49.841,0.429,0.0,6.0
18.72,-49.929,0.429,0.0,6.0
18.74,-50.016,0.429,0.0,6.0
18.76,-50.101,0.429,0.0,6.0
18.78,-50.189,0.429,0.0,6.0
18.8,-50.276,0.431,0.0,6.0
18.82,-50.361,0.431,0.0,6.0
18.84,-50.449,0.431,0.0,6.0
18.86,-50.536,0.431,0.0,6.0
18.88,-50.623,0.431,0.0,6.0
18.9,-50.711,0.431,0.0,6.0
18.92,-50.798,0.431,0.0,6.0
18.94,-50.885,0.431,0.0,6.0
18.96,-50.972,0.431,0.0,6.0
18.98,-51.06,0.431,0.0,6.0
19.0,-51.147,0.431,0.0,6.0
19.02,-51.234,0.431,0.0,0.0
19.04,-51.321,0.433,0.0,0.0
19.06,-51.41,0.433,0.0,0.0
19.08,-51.498,0.433,0.0,0.0
19.1,-51.585,0.433,0.0,0.0
19.12,-51.674,0.433,0.0,0.0
19.14,-51.761,0.433,0.0,0.0
19.16,-51.849,0.433,0.0,0.0
19.18,-51.936,0.433,0.0,0.0
19.2,-52.025,0.433,0.0,0.0
19.22,-52.112,0.433,0.0,0.0
19.24,-52.199,0.433,0.0,0.0
19.26,-52.288,0.433,0.0,0.0
19.28,-52.376,0.431,0.0,0.0
19.3,-52.463,0.431,0.0,0.0
19.32,-52.55,0.431,0.0,0.0
19.34,-52.639,0.431,0.0,0.0
19.36,-52.726,0.431,0.0,0.0
19.38,-52.814,0.431,0.0,0.0
19.4,-52.901,0.431,0.0,0.0
19.42,-52.988,0.431,0.0,0.0
19.44,-53.075,0.433,0.0,0.0
19.46,-53.161,0.433,0.0,0.0
19.48,-53.248,0.433,0.0,0.0
19.5,-53.336,0.433,0.0,0.0
19.52,-53.421,0.433,0.0,0.0
19.54,-53.508,0.433,0.0,0.0
19.56,-53.596,0.433,0.0,0.0
19.58,-53.681,0.433,0.0,0.0
19.6,-53.767,0.433,0.0,0.0
19.62,-53.854,0.433,0.0,0.0
19.64,-53.939,0.433,0.0,0.0
19.66,-54.025,0.433,0.0,0.0
19.68,-54.11,0.435,0.0,0.0
19.7,-54.196,0.435,0.0,0.0
19.72,-54.282,0.435,0.0,0.0
19.74,-54.367,0.435,0.0,0.0
19.76,-54.453,0.435,0.0,0.0
19.78,-54.538,0.435,0.0,0.0
19.8,-54.624,0.435,0.0,0.0
19.82,-54.709,0.433,0.0,0.0
19.84,-54.795,0.433,0.0,0.0
19.86,-54.878,0.433,0.0,0.0
19.88,-54.964,0.433,0.0,0.0
19.9,-55.049,0.433,0.0,0.0
19.92,-55.135,0.433,0.0,0.0
19.94,-55.219,0.431,0.0,0.0
19.96,-55.304,0.431,0.0,0.0
19.98,-55.388,0.431,0.0,0.0
20.0,-55.474,0.431,0.0,0.0
20.02,-55.557,0.431,0.0,0.0
20.04,-55.643,0.429,0.0,0.0
20.06,-55.727,0.429,0.0,0.0
20.08,-55.81,0.429,0.0,0.0
20.1,-55.896,0.429,0.0,0.0
20.12,-55.98,0.428,0.0,0.0
20.14,-56.063,0.428,0.0,0.0
20.16,-56.147,0.428,0.0,0.0
20.18,-56.233,0.428,0.0,0.0
20.2,-56.317,0.428,0.0,0.0
20.22,-56.4,0.426,0.0,0.0
20.24,-56.484,0.426,0.0,0.0
20.26,-56.568,0.426,0.0,0.0
20.28,-56.652,0.426,0.0,0.0
20.3,-56.735,0.426,0.0,0.0
20.32,-56.819,0.426,0.0,0.0
20.34,-56.901,0.426,0.0,0.0
20.36,-56.985,0.424,0.0,0.0
20.38,-57.069,0.424,0.0,0.0
20.4,-57.153,0.424,0.0,0.0
20.42,-57.235,0.424,0.0,0.0
20.44,-57.318,0.424,0.0,0.0
20.46,-57.402,0.424,0.0,0.0
20.48,-57.486,0.424,0.0,0.0
20.5,-57.568,0.424,0.0,0.0
20.52,-57.652,0.422,0.0,0.0
20.54,-57.734,0.422,0.0,0.0
20.56,-57.818,0.422,0.0,0.0
20.58,-57.9,0.422,0.0,0.0
20.6,-57.983,0.422,0.0,0.0
20.62,-58.065,0.422,0.0,0.0
20.64,-58.147,0.422,0.0,0.0
20.66,-58.231,0.421,0.0,0.0
20.68,-58.313,0.421,0.0,0.0
20.7,-58.395,0.421,0.0,0.0
20.72,-58.479,0.421,0.0,0.0
20.74,-58.561,0.421,0.0,0.0
20.76,-58.643,0.421,0.0,0.0
20.78,-58.725,0.419,0.0,0.0
20.8,-58.807,0.419,0.0,0.0
20.82,-58.889,0.419,0.0,0.0
20.84,-58.973,0.419,0.0,0.0
20.86,-59.055,0.419,0.0,0.0
20.88,-59.137,0.419,0.0,0.0
20.9,-59.217,0.417,0.0,0.0
20.92,-59.299,0.417,0.0,0.0
20.94,-59.381,0.417,0.0,0.0
20.96,-59.463,0.417,0.0,0.0
20.98,-59.545,0.417,0.0,0.0
21.0,-59.626,0.417,0.0,0.0
21.02,-59.708,0.417,0.0,0.0
21.04,-59.788,0.415,0.0,0.0
21.06,-59.87,0.415,0.0,0.0
21.08,-59.95,0.415,0.0,0.0
21.1,-60.032,0.415,0.0,0.0
21.12,-60.113,0.415,0.0,0.0
21.14,-60.193,0.415,0.0,0.0
21.16,-60.275,0.415,0.0,0.0
21.18,-60.355,0.414,0.0,0.0
21.2,-60.436,0.414,0.0,0.0
21.22,-60.516,0.414,0.0,0.0
21.24,-60.596,0.414,0.0,0.0
21.26,-60.676,0.414,0.0,0.0
21.28,-60.757,0.414,0.0,0.0
21.3,-60.837,0.414,0.0,0.0
21.32,-60.917,0.414,0.0,0.0
21.34,-60.998,0.412,0.0,0.0
21.36,-61.078,0.412,0.0,0.0
21.38,-61.158,0.412,0.0,0.0
21.4,-61.238,0.412,0.0,0.0
21.42,-61.319,0.412,0.0,0.0
21.44,-61.397,0.412,0.0,0.0
21.46,-61.478,0.412,0.0,0.0
21.48,-61.558,0.412,0.0,0.0
21.5,-61.636,0.412,0.0,0.0
21.52,-61.717,0.412,0.0,0.0
21.54,-61.797,0.412,0.0,0.0
21.56,-61.875,0.412,0.0,0.0
21.58,-61.956,0.412,0.0,0.0
21.6,-62.034,0.412,0.0,0.0
21.62,-62.113,0.412,0.0,0.0
21.64,-62.193,0.412,0.0,0.0
21.66,-62.272,0.412,0.0,0.0
21.68,-62.35,0.412,0.0,0.0
21.7,-62.43,0.412,0.0,0.0
21.72,-62.509,0.412,0.0,0.0
21.74,-62.588,0.412,0.0,0.0
21.76,-62.666,0.412,0.0,0.0
21.78,-62.745,0.412,0.0,0.0
21.8,-62.823,0.412,0.0,0.0
21.82,-62.903,0.412,0.0,0.0
21.84,-62.982,0.412,0.0,0.0
21.86,-63.061,0.41,0.0,0.0
21.88,-63.137,0.41,0.0,0.0
21.9,-63.216,0.41,0.0,0.0
21.92,-63.294,0.41,0.0,0.0
21.94,-63.373,0.41,0.0,0.0
21.96,-63.451,0.41,0.0,0.0
21.98,-63.53,0.41,0.0,0.0
22.0,-63.607,0.408,0.0,0.0
22.02,-63.685,0.408,0.0,0.0
22.04,-63.764,0.408,0.0,0.0
22.06,-63.842,0.407,0.0,0.0
22.08,-63.919,0.407,0.0,0.0
22.1,-63.998,0.407,0.0,0.0
22.12,-64.075,0.405,0.0,0.0
22.14,-64.153,0.405,0.0,0.0
22.16,-64.232,0.405,0.0,0.0
22.18,-64.308,0.403,0.0,0.0
22.2,-64.387,0.403,0.0,0.0
22.22,-64.464,0.401,0.0,0.0
22.24,-64.542,0.401,0.0,0.0
22.26,-64.619,0.401,0.0,0.0
22.28,-64.698,0.401,0.0,0.0
22.3,-64.774,0.4,0.0,0.0
22.32,-64.851,0.4,0.0,0.0
22.34,-64.93,0.398,0.0,0.0
22.36,-65.007,0.398,0.0,0.0
22.38,-65.083,0.396,0.0,0.0
22.4,-65.162,0.396,0.0,0.0
22.42,-65.239,0.396,0.0,0.0
22.44,-65.315,0.394,0.0,0.0
22.46,-65.394,0.394,0.0,0.0
22.48,-65.471,0.394,0.0,0.0
22.5,-65.548,0.393,0.0,0.0
22.52,-65.624,0.393,0.0,0.0
22.54,-65.701,0.393,0.0,0.0
22.56,-65.778,0.391,0.0,0.0
22.58,-65.855,0.391,0.0,0.0
22.6,-65.932,0.391,0.0,0.0
22.62,-66.007,0.391,0.0,0.0
22.64,-66.083,0.391,0.0,0.0
22.66,-66.16,0.389,0.0,0.0
22.68,-66.237,0.389,0.0,0.0
22.7,-66.312,0.389,0.0,0.0
22.72,-66.389,0.389,0.0,0.0
22.74,-66.464,0.389,0.0,0.0
22.76,-66.541,0.389,0.0,0.0
22.78,-66.618,0.389,0.0,0.0
22.8,-66.693,0.389,0.0,0.0
22.82,-66.768,0.389,0.0,0.0
22.84,-66.844,0.389,0.0,0.0
22.86,-66.919,0.389,0.0,0.0
22.88,-66.994,0.389,0.0,0.0
22.9,-67.07,0.389,0.0,0.0
22.92,-67.146,0.389,0.0,0.0
22.94,-67.221,0.389,0.0,0.0
22.96,-67.296,0.389,0.0,0.0
22.98,-67.371,0.389,0.0,0.0
23.0,-67.447,0.389,0.0,0.0
23.02,-67.522,0.387,0.0,0.0
23.04,-67.597,0.387,0.0,0.0
23.06,-67.672,0.387,0.0,0.0
23.08,-67.747,0.387,0.0,0.0
23.1,-67.822,0.387,0.0,0.0
23.12,-67.897,0.387,0.0,0.0
23.14,-67.972,0.387,0.0,0.0
23.16,-68.045,0.387,0.0,0.0
23.18,-68.12,0.387,0.0,0.0
23.2,-68.195,0.387,0.0,0.0
23.22,-68.269,0.387,0.0,0.0
23.24,-68.344,0.387,0.0,0.0
23.26,-68.419,0.387,0.0,0.0
23.28,-68.492,0.387,0.0,0.0
23.3,-68.567,0.387,0.0,0.0
23.32,-68.64,0.387,0.0,0.0
23.34,-68.715,0.387,0.0,0.0
23.36,-68.789,0.387,0.0,0.0
23.38,-68.862,0.387,0.0,0.0
23.4,-68.937,0.387,0.0,0.0
23.42,-69.01,0.387,0.0,0.0
23.44,-69.084,0.387,0.0,0.0
23.46,-69.157,0.389,0.0,0.0
23.48,-69.232,0.389,0.0,0.0
23.5,-69.305,0.389,0.0,0.0
23.52,-69.379,0.389,0.0,0.0
23.54,-69.452,0.387,0.0,0.0
23.56,-69.525,0.387,0.0,0.0
23.58,-69.599,0.387,0.0,0.0
23.6,-69.672,0.387,0.0,0.0
23.62,-69.745,0.386,0.0,0.0
23.64,-69.818,0.386,0.0,0.0
23.66,-69.892,0.384,0.0,0.0
23.68,-69.965,0.384,0.0,0.0
23.7,-70.038,0.384,0.0,0.0
23.72,-70.112,0.382,0.0,0.0
23.74,-70.183,0.382,0.0,0.0
23.76,-70.257,0.38,0.0,0.0
23.78,-70.33,0.38,0.0,0.0
23.8,-70.403,0.38,0.0,0.0
23.82,-70.476,0.379,0.0,0.0
23.84,-70.548,0.377,0.0,0.0
23.86,-70.621,0.377,0.0,0.0
23.88,-70.695,0.377,0.0,0.0
23.9,-70.768,0.375,0.0,0.0
23.92,-70.839,0.375,0.0,0.0
23.94,-70.913,0.374,0.0,0.0
23.96,-70.986,0.374,0.0,0.0
23.98,-71.058,0.374,0.0,0.0
24.0,-71.131,0.372,0.0,0.0
24.02,-71.204,0.372,0.0,0.0
24.04,-71.276,0.37,0.0,0.0
24.06,-71.349,0.37,0.0,0.0
24.08,-71.421,0.37,0.0,0.0
24.1,-71.494,0.368,0.0,0.0
24.12,-71.566,0.368,0.0,0.0
24.14,-71.639,0.367,0.0,0.0
24.16,-71.71,0.367,0.0,0.0
24.18,-71.782,0.367,0.0,0.0
24.2,-71.855,0.365,0.0,0.0
24.22,-71.927,0.365,0.0,0.0
24.24,-71.998,0.365,0.0,0.0
24.26,-72.07,0.365,0.0,0.0
24.28,-72.143,0.365,0.0,0.0
24.3,-72.215,0.365,0.0,0.0
24.32,-72.286,0.363,0.0,0.0
24.34,-72.358,0.363,0.0,0.0
24.36,-72.429,0.363,0.0,0.0
24.38,-72.501,0.363,0.0,0.0
24.4,-72.573,0.363,0.0,0.0
24.42,-72.644,0.363,0.0,0.0
24.44,-72.714,0.363,0.0,0.0
24.46,-72.785,0.363,0.0,0.0
24.48,-72.857,0.363,0.0,0.0
24.5,-72.929,0.363,0.0,0.0
24.52,-72.998,0.363,0.0,0.0
24.54,-73.07,0.363,0.0,0.0
24.56,-73.14,0.363,0.0,0.0
24.58,-73.211,0.361,0.0,0.0
24.6,-73.281,0.361,0.0,0.0
24.62,-73.353,0.361,0.0,0.0
24.64,-73.423,0.361,0.0,0.0
24.66,-73.494,0.361,0.0,0.0
24.68,-73.564,0.361,0.0,0.0
24.7,-73.634,0.361,0.0,0.0
24.72,-73.705,0.361,0.0,0.0
24.74,-73.775,0.363,0.0,0.0
24.76,-73.845,0.363,0.0,0.0
24.78,-73.915,0.363,0.0,0.0
24.8,-73.986,0.363,0.0,0.0
24.82,-74.056,0.363,0.0,0.0
24.84,-74.126,0.363,0.0,0.0
24.86,-74.196,0.363,0.0,0.0
24.88,-74.266,0.363,0.0,0.0
24.9,-74.335,0.363,0.0,0.0
24.92,-74.405,0.363,0.0,0.0
24.94,-74.475,0.363,0.0,0.0
24.96,-74.545,0.363,0.0,0.0
24.98,-74.615,0.363,0.0,0.0
25.0,-74.683,0.363,0.0,0.0
25.02,-74.752,0.363,0.0,0.0
25.04,-74.822,0.363,0.0,0.0
25.06,-74.892,0.363,0.0,0.0
25.08,-74.96,0.365,0.0,0.0
25.1,-75.03,0.365,0.0,0.0
25.12,-75.1,0.365,0.0,0.0
25.14,-75.168,0.365,0.0,0.0
25.16,-75.238,0.363,0.0,0.0
25.18,-75.306,0.363,0.0,0.0
25.2,-75.376,0.363,0.0,0.0
25.22,-75.444,0.363,0.0,0.0
25.24,-75.513,0.363,0.0,0.0
25.26,-75.582,0.361,0.0,0.0
25.28,-75.651,0.361,0.0,0.0
25.3,-75.719,0.361,0.0,0.0
25.32,-75.789,0.361,0.0,0.0
25.34,-75.857,0.36,0.0,0.0
25.36,-75.925,0.36,0.0,0.0
25.38,-75.993,0.358,0.0,0.0
25.4,-76.063,0.358,0.0,0.0
25.42,-76.131,0.356,0.0,0.0
25.44,-76.199,0.356,0.0,0.0
25.46,-76.267,0.356,0.0,0.0
25.48,-76.336,0.354,0.0,0.0
25.5,-76.405,0.354,0.0,0.0
25.52,-76.473,0.354,0.0,0.0
25.54,-76.541,0.353,0.0,0.0
25.56,-76.61,0.351,0.0,0.0
25.58,-76.678,0.351,0.0,0.0
25.6,-76.746,0.351,0.0,0.0
25.62,-76.814,0.349,0.0,0.0
25.64,-76.882,0.349,0.0,0.0
25.66,-76.95,0.347,0.0,0.0
25.68,-77.018,0.347,0.0,0.0
25.7,-77.086,0.346,0.0,0.0
25.72,-77.156,0.346,0.0,0.0
25.74,-77.224,0.346,0.0,0.0
25.76,-77.292,0.344,0.0,0.0
25.78,-77.36,0.344,0.0,0.0
25.8,-77.426,0.342,0.0,0.0
25.82,-77.494,0.342,0.0,0.0
25.84,-77.562,0.34,0.0,0.0
25.86,-77.631,0.34,0.0,0.0
25.88,-77.699,0.34,0.0,0.0
25.9,-77.767,0.339,0.0,0.0
25.92,-77.835,0.339,0.0,0.0
25.94,-77.901,0.339,0.0,0.0
25.96,-77.969,0.337,0.0,0.0
25.98,-78.037,0.337,0.0,0.0
26.0,-78.105,0.337,0.0,0.0
26.02,-78.172,0.337,0.0,0.0
26.04,-78.24,0.335,0.0,0.0
26.06,-78.306,0.335,0.0,0.0
26.08,-78.374,0.335,0.0,0.0
26.1,-78.44,0.335,0.0,0.0
26.12,-78.508,0.335,0.0,0.0
26.14,-78.575,0.335,0.0,0.0
26.16,-78.641,0.335,0.0,0.0
26.18,-78.709,0.333,0.0,0.0
26.2,-78.775,0.333,0.0,0.0
26.22,-78.842,0.333,0.0,0.0
26.24,-78.908,0.333,0.0,0.0
26.26,-78.974,0.333,0.0,0.0
26.28,-79.043,0.333,0.0,0.0
26.3,-79.109,0.333,0.0,0.0
26.32,-79.175,0.333,0.0,0.0
26.34,-79.241,0.333,0.0,0.0
26.36,-79.308,0.333,0.0,0.0
26.38,-79.374,0.332,0.0,0.0
26.4,-79.439,0.332,0.0,0.0
26.42,-79.505,0.332,0.0,0.0
26.44,-79.571,0.332,0.0,0.0
26.46,-79.638,0.332,0.0,0.0
26.48,-79.704,0.332,0.0,0.0
26.5,-79.769,0.332,0.0,0.0
26.52,-79.835,0.332,0.0,0.0
26.54,-79.901,0.332,0.0,0.0
26.56,-79.966,0.332,0.0,0.0
26.58,-80.032,0.332,0.0,0.0
26.6,-80.097,0.333,0.0,0.0
26.62,-80.163,0.333,0.0,0.0
26.64,-80.228,0.333,0.0,0.0
26.66,-80.294,0.333,0.0,0.0
26.68,-80.358,0.333,0.0,0.0
26.7,-80.425,0.333,0.0,0.0
26.72,-80.489,0.333,0.0,0.0
26.74,-80.554,0.333,0.0,0.0
26.76,-80.62,0.333,0.0,0.0
26.78,-80.685,0.333,0.0,0.0
26.8,-80.749,0.333,0.0,0.0
26.82,-80.816,0.333,0.0,0.0
26.84,-80.88,0.333,0.0,0.0
26.86,-80.945,0.333,0.0,0.0
26.88,-81.009,0.335,0.0,0.0
26.9,-81.074,0.335,0.0,0.0
26.92,-81.139,0.335,0.0,0.0
26.94,-81.203,0.335,0.0,0.0
26.96,-81.268,0.335,0.0,0.0
26.98,-81.332,0.335,0.0,0.0
27.0,-81.397,0.333,0.0,0.0
27.02,-81.462,0.333,0.0,0.0
27.04,-81.526,0.333,0.0,0.0
27.06,-81.591,0.333,0.0,0.0
27.08,-81.655,0.332,0.0,0.0
27.1,-81.72,0.332,0.0,0.0
27.12,-81.783,0.332,0.0,0.0
27.14,-81.847,0.33,0.0,0.0
27.16,-81.912,0.33,0.0,0.0
27.18,-81.976,0.33,0.0,0.0
27.2,-82.039,0.328,0.0,0.0
27.22,-82.104,0.328,0.0,0.0
27.24,-82.167,0.328,0.0,0.0
27.26,-82.231,0.326,0.0,0.0
27.28,-82.296,0.326,0.0,0.0
27.3,-82.359,0.326,0.0,0.0
27.32,-82.423,0.325,0.0,0.0
27.34,-82.486,0.323,0.0,0.0
27.36,-82.551,0.323,0.0,0.0
27.38,-82.613,0.321,0.0,0.0
27.4,-82.678,0.321,0.0,0.0
27.42,-82.741,0.319,0.0,0.0
27.44,-82.805,0.319,0.0,0.0
27.46,-82.868,0.319,0.0,0.0
27.48,-82.933,0.318,0.0,0.0
27.5,-82.996,0.316,0.0,0.0
27.52,-83.06,0.316,0.0,0.0
27.54,-83.123,0.314,0.0,0.0
27.56,-83.186,0.312,0.0,0.0
27.58,-83.25,0.312,0.0,0.0
27.6,-83.313,0.312,0.0,0.0
27.62,-83.378,0.311,0.0,0.0
27.64,-83.441,0.311,0.0,0.0
27.66,-83.504,0.309,0.0,0.0
27.68,-83.568,0.309,0.0,0.0
27.7,-83.631,0.307,0.0,0.0
27.72,-83.694,0.307,0.0,0.0
27.74,-83.758,0.305,0.0,0.0
27.76,-83.821,0.305,0.0,0.0
27.78,-83.884,0.304,0.0,0.0
27.8,-83.949,0.304,0.0,0.0
27.82,-84.011,0.302,0.0,0.0
27.84,-84.074,0.302,0.0,0.0
27.86,-84.137,0.302,0.0,0.0
27.88,-84.2,0.3,0.0,0.0
27.9,-84.265,0.3,0.0,0.0
27.92,-84.327,0.3,0.0,0.0
27.94,-84.39,0.3,0.0,0.0
27.96,-84.453,0.298,0.0,0.0
27.98,-84.516,0.298,0.0,0.0
28.0,-84.579,0.298,0.0,0.0
28.02,-84.64,0.298,0.0,0.0
28.04,-84.703,0.298,0.0,0.0
28.06,-84.765,0.297,0.0,0.0
28.08,-84.828,0.297,0.0,0.0
28.1,-84.891,0.297,0.0,0.0
28.12,-84.954,0.297,0.0,0.0
28.14,-85.015,0.297,0.0,0.0
28.16,-85.078,0.297,0.0,0.0
28.18,-85.139,0.297,0.0,0.0
28.2,-85.202,0.297,0.0,0.0
28.22,-85.265,0.297,0.0,0.0
28.24,-85.326,0.295,0.0,0.0
28.26,-85.389,0.295,0.0,0.0
28.28,-85.45,0.295,0.0,0.0
28.3,-85.511,0.295,0.0,0.0
28.32,-85.574,0.295,0.0,0.0
28.34,-85.635,0.295,0.0,0.0
28.36,-85.696,0.295,0.0,0.0
28.38,-85.759,0.295,0.0,0.0
28.4,-85.82,0.297,0.0,0.0
28.42,-85.881,0.297,0.0,0.0
28.44,-85.942,0.297,0.0,0.0
28.46,-86.003,0.297,0.0,0.0
28.48,-86.064,0.297,0.0,0.0
28.5,-86.125,0.297,0.0,0.0
28.52,-86.186,0.297,0.0,0.0
28.54,-86.247,0.297,0.0,0.0
28.56,-86.308,0.297,0.0,0.0
28.58,-86.369,0.297,0.0,0.0
28.6,-86.43,0.297,0.0,0.0
28.62,-86.492,0.298,0.0,0.0
28.64,-86.553,0.298,0.0,0.0
28.66,-86.614,0.298,0.0,0.0
28.68,-86.675,0.298,0.0,0.0
28.7,-86.734,0.298,0.0,0.0
28.72,-86.795,0.298,0.0,0.0
28.74,-86.856,0.298,0.0,0.0
28.76,-86.917,0.3,0.0,0.0
28.78,-86.977,0.3,0.0,0.0
28.8,-87.038,0.3,0.0,0.0
28.82,-87.099,0.3,0.0,0.0
28.84,-87.158,0.3,0.0,0.0
28.86,-87.219,0.3,0.0,0.0
28.88,-87.279,0.3,0.0,0.0
28.9,-87.34,0.3,0.0,0.0
28.92,-87.399,0.3,0.0,0.0
28.94,-87.46,0.298,0.0,0.0
28.96,-87.52,0.298,0.0,0.0
28.98,-87.581,0.298,0.0,0.0
29.0,-87.64,0.298,0.0,0.0
29.02,-87.699,0.297,0.0,0.0
29.04,-87.76,0.297,0.0,0.0
29.06,-87.82,0.297,0.0,0.0
29.08,-87.879,0.295,0.0,0.0
29.1,-87.938,0.295,0.0,0.0
29.12,-88.0,0.295,0.0,0.0
29.14,-88.059,0.295,0.0,0.0
29.16,-88.118,0.293,0.0,0.0
29.18,-88.178,0.293,0.0,0.0
29.2,-88.237,0.291,0.0,0.0
29.22,-88.298,0.291,0.0,0.0
29.24,-88.357,0.291,0.0,0.0
29.26,-88.417,0.29,0.0,0.0
29.28,-88.476,0.29,0.0,0.0
29.3,-88.535,0.288,0.0,0.0
29.32,-88.595,0.288,0.0,0.0
29.34,-88.654,0.286,0.0,0.0
29.36,-88.713,0.286,0.0,0.0
29.38,-88.773,0.284,0.0,0.0
29.4,-88.832,0.284,0.0,0.0
29.42,-88.891,0.283,0.0,0.0
29.44,-88.951,0.283,0.0,0.0
29.46,-89.01,0.281,0.0,0.0
29.48,-89.069,0.281,0.0,0.0
29.5,-89.127,0.279,0.0,0.0
29.52,-89.186,0.279,0.0,0.0
29.54,-89.246,0.278,0.0,0.0
29.56,-89.305,0.276,0.0,0.0
29.58,-89.364,0.276,0.0,0.0
29.6,-89.424,0.274,0.0,0.0
29.62,-89.483,0.272,0.0,0.0
29.64,-89.542,0.272,0.0,0.0
29.66,-89.6,0.271,0.0,0.0
29.68,-89.659,0.271,0.0,0.0
29.7,-89.719,0.269,0.0,0.0
29.72,-89.778,0.269,0.0,0.0
29.74,-89.837,0.267,0.0,0.0
29.76,-89.897,0.267,0.0,0.0
29.78,-89.954,0.265,0.0,0.0
29.8,-90.014,0.265,0.0,0.0
29.82,-90.073,0.264,0.0,0.0
29.84,-90.132,0.264,0.0,0.0
29.86,-90.19,0.262,0.0,0.0
29.88,-90.249,0.262,0.0,0.0
29.9,-90.309,0.262,0.0,0.0
29.92,-90.366,0.26,0.0,0.0
29.94,-90.426,0.26,0.0,0.0
29.96,-90.485,0.258,0.0,0.0
29.98,-90.542,0.258,0.0,0.0
30.0,-90.602,0.258,0.0,0.0
30.02,-90.661,0.257,0.0,0.0
30.04,-90.719,0.257,0.0,0.0
30.06,-90.778,0.257,0.0,0.0
30.08,-90.836,0.257,0.0,0.0
30.1,-90.893,0.257,0.0,0.0
30.12,-90.953,0.255,0.0,0.0
30.14,-91.01,0.255,0.0,0.0
30.16,-91.07,0.255,0.0,0.0
30.18,-91.127,0.255,0.0,0.0
30.2,-91.185,0.255,0.0,0.0
30.22,-91.242,0.255,0.0,0.0
30.24,-91.302,0.255,0.0,0.0
30.26,-91.359,0.255,0.0,0.0
30.28,-91.417,0.255,0.0,0.0
30.3,-91.474,0.255,0.0,0.0
30.32,-91.532,0.255,0.0,0.0
30.34,-91.59,0.255,0.0,0.0
30.36,-91.647,0.253,0.0,0.0
30.38,-91.705,0.253,0.0,0.0
30.4,-91.762,0.253,0.0,0.0
30.42,-91.82,0.253,0.0,0.0
30.44,-91.878,0.253,0.0,0.0
30.46,-91.934,0.253,0.0,0.0
30.48,-91.991,0.253,0.0,0.0
30.5,-92.049,0.253,0.0,0.0
30.52,-92.106,0.253,0.0,0.0
30.54,-92.162,0.255,0.0,0.0
30.56,-92.22,0.255,0.0,0.0
30.58,-92.277,0.255,0.0,0.0
30.6,-92.333,0.255,0.0,0.0
30.62,-92.391,0.255,0.0,0.0
30.64,-92.447,0.255,0.0,0.0
30.66,-92.504,0.255,0.0,0.0
30.68,-92.56,0.255,0.0,0.0
30.7,-92.618,0.255,0.0,0.0
30.72,-92.674,0.255,0.0,0.0
30.74,-92.731,0.255,0.0,0.0
30.76,-92.787,0.257,0.0,0.0
30.78,-92.845,0.257,0.0,0.0
30.8,-92.9,0.257,0.0,0.0
30.82,-92.956,0.257,0.0,0.0
30.84,-93.012,0.257,0.0,0.0
30.86,-93.07,0.258,0.0,0.0
30.88,-93.126,0.258,0.0,0.0
30.9,-93.181,0.258,0.0,0.0
30.92,-93.237,0.258,0.0,0.0
30.94,-93.295,0.258,0.0,0.0
30.96,-93.351,0.258,0.0,0.0
30.98,-93.407,0.258,0.0,0.0
31.0,-93.462,0.258,0.0,0.0
31.02,-93.518,0.258,0.0,0.0
31.04,-93.574,0.258,0.0,0.0
31.06,-93.63,0.258,0.0,0.0
31.08,-93.686,0.257,0.0,0.0
31.1,-93.742,0.257,0.0,0.0
31.12,-93.798,0.257,0.0,0.0
31.14,-93.853,0.255,0.0,0.0
31.16,-93.907,0.255,0.0,0.0
31.18,-93.963,0.255,0.0,0.0
31.2,-94.019,0.255,0.0,0.0
31.22,-94.075,0.253,0.0,0.0
31.24,-94.131,0.253,0.0,0.0
31.26,-94.187,0.253,0.0,0.0
31.28,-94.241,0.251,0.0,0.0
31.3,-94.297,0.251,0.0,0.0
31.32,-94.353,0.25,0.0,0.0
31.34,-94.407,0.25,0.0,0.0
31.36,-94.463,0.25,0.0,0.0
31.38,-94.518,0.248,0.0,0.0
31.4,-94.572,0.248,0.0,0.0
31.42,-94.628,0.248,0.0,0.0
31.44,-94.682,0.246,0.0,0.0
31.46,-94.738,0.246,0.0,0.0
31.48,-94.792,0.244,0.0,0.0
31.5,-94.848,0.243,0.0,0.0
31.52,-94.902,0.243,0.0,0.0
31.54,-94.958,0.241,0.0,0.0
31.56,-95.012,0.241,0.0,0.0
31.58,-95.066,0.239,0.0,0.0
31.6,-95.122,0.239,0.0,0.0
31.62,-95.176,0.239,0.0,0.0
31.64,-95.232,0.236,0.0,0.0
31.66,-95.286,0.236,0.0,0.0
31.68,-95.34,0.234,0.0,0.0
31.7,-95.396,0.234,0.0,0.0
31.72,-95.45,0.232,0.0,0.0
31.74,-95.504,0.23,0.0,0.0
31.76,-95.56,0.229,0.0,0.0
31.78,-95.614,0.229,0.0,0.0
31.8,-95.669,0.227,0.0,0.0
31.82,-95.724,0.225,0.0,0.0
31.84,-95.778,0.225,0.0,0.0
31.86,-95.833,0.223,0.0,0.0
31.88,-95.888,0.222,0.0,0.0
31.9,-95.943,0.222,0.0,0.0
31.92,-95.997,0.22,0.0,0.0
31.94,-96.052,0.218,0.0,0.0
31.96,-96.107,0.218,0.0,0.0
31.98,-96.161,0.216,0.0,0.0
32.0,-96.215,0.216,0.0,0.0
32.02,-96.271,0.215,0.0,0.0
32.04,-96.325,0.213,0.0,0.0
32.06,-96.379,0.213,0.0,0.0
32.08,-96.433,0.211,0.0,0.0
32.1,-96.487,0.211,0.0,0.0
32.12,-96.543,0.209,0.0,0.0
32.14,-96.597,0.209,0.0,0.0
32.16,-96.651,0.208,0.0,0.0
32.18,-96.705,0.208,0.0,0.0
32.2,-96.759,0.208,0.0,0.0
32.22,-96.815,0.206,0.0,0.0
32.24,-96.869,0.206,0.0,0.0
32.26,-96.923,0.204,0.0,0.0
32.28,-96.978,0.204,0.0,0.0
32.3,-97.032,0.204,0.0,0.0
32.32,-97.086,0.204,0.0,0.0
32.34,-97.14,0.204,0.0,0.0
32.36,-97.192,0.202,0.0,0.0
32.38,-97.246,0.202,0.0,0.0
32.4,-97.3,0.202,0.0,0.0
32.42,-97.355,0.202,0.0,0.0
32.44,-97.409,0.202,0.0,0.0
32.46,-97.463,0.202,0.0,0.0
32.48,-97.515,0.202,0.0,0.0
32.5,-97.569,0.202,0.0,0.0
32.52,-97.623,0.202,0.0,0.0
32.54,-97.677,0.202,0.0,0.0
32.56,-97.73,0.202,0.0,0.0
32.58,-97.784,0.202,0.0,0.0
32.6,-97.836,0.202,0.0,0.0
32.62,-97.89,0.202,0.0,0.0
32.64,-97.943,0.202,0.0,0.0
32.66,-97.997,0.202,0.0,0.0
32.68,-98.049,0.201,0.0,0.0
32.7,-98.102,0.201,0.0,0.0
32.72,-98.156,0.201,0.0,0.0
32.74,-98.208,0.201,0.0,0.0
32.76,-98.26,0.201,0.0,0.0
32.78,-98.313,0.201,0.0,0.0
32.8,-98.367,0.202,0.0,0.0
32.82,-98.419,0.202,0.0,0.0
32.84,-98.472,0.202,0.0,0.0
32.86,-98.524,0.202,0.0,0.0
32.88,-98.576,0.202,0.0,0.0
32.9,-98.629,0.202,0.0,0.0
32.92,-98.681,0.202,0.0,0.0
32.94,-98.733,0.204,0.0,0.0
32.96,-98.786,0.204,0.0,0.0
32.98,-98.838,0.204,0.0,0.0
33.0,-98.89,0.204,0.0,0.0
33.02,-98.943,0.204,0.0,0.0
33.04,-98.995,0.204,0.0,0.0
33.06,-99.047,0.204,0.0,0.0
33.08,-99.1,0.204,0.0,0.0
33.1,-99.15,0.204,0.0,0.0
33.12,-99.203,0.204,0.0,0.0
33.14,-99.255,0.204,0.0,0.0
33.16,-99.308,0.204,0.0,0.0
33.18,-99.358,0.204,0.0,0.0
33.2,-99.411,0.204,0.0,0.0
33.22,-99.463,0.204,0.0,0.0
33.24,-99.513,0.204,0.0,0.0
33.26,-99.566,0.204,0.0,0.0
33.28,-99.616,0.204,0.0,0.0
33.3,-99.669,0.204,0.0,0.0
33.32,-99.719,0.206,0.0,0.0
33.34,-99.772,0.206,0.0,0.0
33.36,-99.822,0.206,0.0,0.0
33.38,-99.875,0.206,0.0,0.0
33.4,-99.925,0.206,0.0,0.0
33.42,-99.978,0.204,0.0,0.0
33.44,-100.028,0.204,0.0,0.0
33.46,-100.079,0.204,0.0,0.0
33.48,-100.131,0.202,0.0,0.0
33.5,-100.182,0.202,0.0,0.0
33.52,-100.233,0.202,0.0,0.0
33.54,-100.285,0.201,0.0,0.0
33.56,-100.336,0.201,0.0,0.0
33.58,-100.386,0.201,0.0,0.0
33.6,-100.437,0.199,0.0,0.0
33.62,-100.489,0.199,0.0,0.0
33.64,-100.54,0.197,0.0,0.0
33.66,-100.59,0.197,0.0,0.0
33.68,-100.641,0.195,0.0,0.0
33.7,-100.692,0.195,0.0,0.0
33.72,-100.742,0.194,0.0,0.0
33.74,-100.795,0.194,0.0,0.0
33.76,-100.845,0.194,0.0,0.0
33.78,-100.896,0.192,0.0,0.0
33.8,-100.946,0.19,0.0,0.0
33.82,-100.997,0.19,0.0,0.0
33.84,-101.048,0.188,0.0,0.0
33.86,-101.098,0.187,0.0,0.0
33.88,-101.149,0.187,0.0,0.0
33.9,-101.199,0.187,0.0,0.0
33.92,-101.25,0.183,0.0,0.0
33.94,-101.301,0.183,0.0,0.0
33.96,-101.351,0.182,0.0,0.0
33.98,-101.402,0.182,0.0,0.0
34.0,-101.453,0.18,0.0,0.0
34.02,-101.503,0.178,0.0,0.0
34.04,-101.554,0.176,0.0,0.0
34.06,-101.604,0.176,0.0,0.0
34.08,-101.655,0.175,0.0,0.0
34.1,-101.706,0.175,0.0,0.0
34.12,-101.756,0.173,0.0,0.0
34.14,-101.807,0.171,0.0,0.0
34.16,-101.859,0.169,0.0,0.0
34.18,-101.91,0.169,0.0,0.0
34.2,-101.96,0.168,0.0,0.0
34.22,-102.011,0.166,0.0,0.0
34.24,-102.062,0.166,0.0,0.0
34.26,-102.112,0.164,0.0,0.0
34.28,-102.163,0.162,0.0,0.0
34.3,-102.214,0.162,0.0,0.0
34.32,-102.264,0.161,0.0,0.0
34.34,-102.315,0.161,0.0,0.0
34.36,-102.365,0.159,0.0,0.0
34.38,-102.416,0.157,0.0,0.0
34.4,-102.467,0.157,0.0,0.0
34.42,-102.517,0.155,0.0,0.0
34.44,-102.568,0.155,0.0,0.0
34.46,-102.618,0.155,0.0,0.0
34.48,-102.669,0.154,0.0,0.0
34.5,-102.72,0.154,0.0,0.0
34.52,-102.77,0.152,0.0,0.0
34.54,-102.821,0.152,0.0,0.0
34.56,-102.87,0.152,0.0,0.0
34.58,-102.92,0.15,0.0,0.0
34.6,-102.971,0.15,0.0,0.0
34.62,-103.022,0.15,0.0,0.0
34.64,-103.072,0.148,0.0,0.0
34.66,-103.123,0.148,0.0,0.0
34.68,-103.173,0.148,0.0,0.0
34.7,-103.222,0.148,0.0,0.0
34.72,-103.273,0.147,0.0,0.0
34.74,-103.324,0.147,0.0,0.0
34.76,-103.372,0.147,0.0,0.0
34.78,-103.423,0.147,0.0,0.0
34.8,-103.472,0.147,0.0,0.0
34.82,-103.523,0.147,0.0,0.0
34.84,-103.573,0.147,0.0,0.0
34.86,-103.622,0.147,0.0,0.0
34.88,-103.671,0.147,0.0,0.0
34.9,-103.721,0.147,0.0,0.0
34.92,-103.77,0.147,0.0,0.0
34.94,-103.821,0.147,0.0,0.0
34.96,-103.87,0.147,0.0,0.0
34.98,-103.919,0.145,0.0,0.0
35.0,-103.969,0.145,0.0,0.0
35.02,-104.018,0.145,0.0,0.0
35.04,-104.067,0.145,0.0,0.0
35.06,-104.116,0.145,0.0,0.0
35.08,-104.165,0.145,0.0,0.0
35.1,-104.214,0.147,0.0,0.0
35.12,-104.263,0.147,0.0,0.0
35.14,-104.313,0.147,0.0,0.0
35.16,-104.362,0.147,0.0,0.0
35.18,-104.409,0.147,0.0,0.0
35.2,-104.458,0.147,0.0,0.0
35.22,-104.507,0.147,0.0,0.0
35.24,-104.556,0.147,0.0,0.0
35.26,-104.605,0.147,0.0,0.0
35.28,-104.653,0.148,0.0,0.0
35.3,-104.701,0.148,0.0,0.0
35.32,-104.749,0.148,0.0,0.0
35.34,-104.798,0.148,0.0,0.0
35.36,-104.847,0.148,0.0,0.0
35.38,-104.894,0.148,0.0,0.0
35.4,-104.943,0.148,0.0,0.0
35.42,-104.992,0.148,0.0,0.0
35.44,-105.039,0.148,0.0,0.0
35.46,-105.088,0.148,0.0,0.0
35.48,-105.137,0.148,0.0,0.0
35.5,-105.184,0.148,0.0,0.0
35.52,-105.233,0.148,0.0,0.0
35.54,-105.28,0.148,0.0,0.0
35.56,-105.329,0.148,0.0,0.0
35.58,-105.376,0.15,0.0,0.0
35.6,-105.425,0.15,0.0,0.0
35.62,-105.472,0.15,0.0,0.0
35.64,-105.519,0.15,0.0,0.0
35.66,-105.568,0.15,0.0,0.0
35.68,-105.615,0.15,0.0,0.0
35.7,-105.664,0.15,0.0,0.0
35.72,-105.711,0.148,0.0,0.0
35.74,-105.758,0.148,0.0,0.0
35.76,-105.807,0.148,0.0,0.0
35.78,-105.854,0.148,0.0,0.0
35.8,-105.901,0.148,0.0,0.0
35.82,-105.949,0.147,0.0,0.0
35.84,-105.997,0.147,0.0,0.0
35.86,-106.045,0.147,0.0,0.0
35.88,-106.092,0.147,0.0,0.0
35.9,-106.139,0.145,0.0,0.0
35.92,-106.186,0.145,0.0,0.0
35.94,-106.233,0.145,0.0,0.0
35.96,-106.28,0.143,0.0,0.0
35.98,-106.329,0.143,0.0,0.0
36.0,-106.376,0.143,0.0,0.0
36.02,-106.423,0.143,0.0,0.0
36.04,-106.47,0.141,0.0,0.0
36.06,-106.517,0.14,0.0,0.0
36.08,-106.565,0.14,0.0,0.0
36.1,-106.612,0.14,0.0,0.0
36.12,-106.659,0.138,0.0,0.0
36.14,-106.706,0.138,0.0,0.0
36.16,-106.753,0.136,0.0,0.0
36.18,-106.8,0.136,0.0,0.0
36.2,-106.847,0.134,0.0,0.0
36.22,-106.893,0.134,0.0,0.0
36.24,-106.94,0.134,0.0,0.0
36.26,-106.987,0.133,0.0,0.0
36.28,-107.034,0.133,0.0,0.0
36.3,-107.081,0.131,0.0,0.0
36.32,-107.128,0.131,0.0,0.0
36.34,-107.175,0.129,0.0,0.0
36.36,-107.221,0.127,0.0,0.0
36.38,-107.268,0.127,0.0,0.0
36.4,-107.315,0.126,0.0,0.0
36.42,-107.362,0.126,0.0,0.0
36.44,-107.409,0.124,0.0,0.0
36.46,-107.455,0.122,0.0,0.0
36.48,-107.502,0.122,0.0,0.0
36.5,-107.549,0.12,0.0,0.0
36.52,-107.596,0.12,0.0,0.0
36.54,-107.641,0.119,0.0,0.0
36.56,-107.689,0.117,0.0,0.0
36.58,-107.736,0.117,0.0,0.0
36.6,-107.783,0.115,0.0,0.0
36.62,-107.828,0.113,0.0,0.0
36.64,-107.875,0.113,0.0,0.0
36.66,-107.922,0.112,0.0,0.0
36.68,-107.968,0.112,0.0,0.0
36.7,-108.015,0.11,0.0,0.0
36.72,-108.062,0.108,0.0,0.0
36.74,-108.109,0.108,0.0,0.0
36.76,-108.155,0.106,0.0,0.0
36.78,-108.202,0.105,0.0,0.0
36.8,-108.249,0.103,0.0,0.0
36.82,-108.296,0.103,0.0,0.0
36.84,-108.341,0.101,0.0,0.0
36.86,-108.388,0.101,0.0,0.0
36.88,-108.436,0.101,0.0,0.0
36.9,-108.483,0.099,0.0,0.0
36.92,-108.528,0.098,0.0,0.0
36.94,-108.575,0.098,0.0,0.0
36.96,-108.622,0.096,0.0,0.0
36.98,-108.668,0.094,0.0,0.0
37.0,-108.715,0.094,0.0,0.0
37.02,-108.762,0.094,0.0,0.0
37.04,-108.807,0.093,0.0,0.0
37.06,-108.854,0.093,0.0,0.0
37.08,-108.902,0.091,0.0,0.0
37.1,-108.947,0.091,0.0,0.0
37.12,-108.994,0.089,0.0,0.0
37.14,-109.041,0.089,0.0,0.0
37.16,-109.087,0.089,0.0,0.0
37.18,-109.134,0.087,0.0,0.0
37.2,-109.179,0.087,0.0,0.0
37.22,-109.226,0.087,0.0,0.0
37.24,-109.272,0.086,0.0,0.0
37.26,-109.319,0.086,0.0,0.0
37.28,-109.364,0.084,0.0,0.0
37.3,-109.411,0.084,0.0,0.0
37.32,-109.457,0.084,0.0,0.0
37.34,-109.504,0.084,0.0,0.0
37.36,-109.549,0.084,0.0,0.0
37.38,-109.595,0.084,0.0,0.0
37.4,-109.642,0.084,0.0,0.0
37.42,-109.687,0.082,0.0,0.0
37.44,-109.732,0.082,0.0,0.0
37.46,-109.778,0.082,0.0,0.0
37.48,-109.825,0.082,0.0,0.0
37.5,-109.87,0.082,0.0,0.0
37.52,-109.916,0.082,0.0,0.0
37.54,-109.961,0.082,0.0,0.0
37.56,-110.006,0.082,0.0,0.0
37.58,-110.052,0.082,0.0,0.0
37.6,-110.097,0.082,0.0,0.0
37.62,-110.143,0.082,0.0,0.0
37.64,-110.188,0.082,0.0,0.0
37.66,-110.233,0.082,0.0,0.0
37.68,-110.279,0.082,0.0,0.0
37.7,-110.322,0.082,0.0,0.0
37.72,-110.368,0.082,0.0,0.0
37.74,-110.413,0.082,0.0,0.0
37.76,-110.457,0.082,0.0,0.0
37.78,-110.502,0.082,0.0,0.0
37.8,-110.547,0.082,0.0,0.0
37.82,-110.591,0.082,0.0,0.0
37.84,-110.636,0.082,0.0,0.0
37.86,-110.68,0.082,0.0,0.0
37.88,-110.725,0.082,0.0,0.0
37.9,-110.769,0.082,0.0,0.0
37.92,-110.814,0.082,0.0,0.0
37.94,-110.858,0.082,0.0,0.0
37.96,-110.902,0.082,0.0,0.0
37.98,-110.947,0.082,0.0,0.0
38.0,-110.991,0.082,0.0,0.0
38.02,-111.034,0.082,0.0,0.0
38.04,-111.078,0.082,0.0,0.0
38.06,-111.123,0.082,0.0,0.0
38.08,-111.167,0.082,0.0,0.0
38.1,-111.211,0.082,0.0,0.0
38.12,-111.254,0.082,0.0,0.0
38.14,-111.298,0.082,0.0,0.0
38.16,-111.342,0.08,0.0,0.0
38.18,-111.385,0.08,0.0,0.0
38.2,-111.429,0.08,0.0,0.0
38.22,-111.472,0.08,0.0,0.0
38.24,-111.516,0.08,0.0,0.0
38.26,-111.56,0.08,0.0,0.0
38.28,-111.603,0.08,0.0,0.0
38.3,-111.647,0.079,0.0,0.0
38.32,-111.691,0.079,0.0,0.0
38.34,-111.734,0.079,0.0,0.0
38.36,-111.778,0.079,0.0,0.0
38.38,-111.82,0.077,0.0,0.0
38.4,-111.863,0.077,0.0,0.0
38.42,-111.907,0.077,0.0,0.0
38.44,-111.951,0.077,0.0,0.0
38.46,-111.993,0.075,0.0,0.0
38.48,-112.036,0.075,0.0,0.0
38.5,-112.08,0.075,0.0,0.0
38.52,-112.122,0.073,0.0,0.0
38.54,-112.165,0.073,0.0,0.0
38.56,-112.207,0.073,0.0,0.0
38.58,-112.251,0.072,0.0,0.0
38.6,-112.293,0.072,0.0,0.0
38.62,-112.336,0.072,0.0,0.0
38.64,-112.378,0.07,0.0,0.0
38.66,-112.422,0.068,0.0,0.0
38.68,-112.464,0.068,0.0,0.0
38.7,-112.507,0.066,0.0,0.0
38.72,-112.549,0.066,0.0,0.0
38.74,-112.591,0.066,0.0,0.0
38.76,-112.635,0.065,0.0,0.0
38.78,-112.677,0.063,0.0,0.0
38.8,-112.719,0.063,0.0,0.0
38.82,-112.762,0.061,0.0,0.0
38.84,-112.804,0.061,0.0,0.0
38.86,-112.846,0.059,0.0,0.0
38.88,-112.89,0.058,0.0,0.0
38.9,-112.932,0.058,0.0,0.0
38.92,-112.973,0.056,0.0,0.0
38.94,-113.015,0.054,0.0,0.0
38.96,-113.057,0.054,0.0,0.0
38.98,-113.101,0.052,0.0,0.0
39.0,-113.143,0.051,0.0,0.0
39.02,-113.185,0.051,0.0,0.0
39.04,-113.227,0.049,0.0,0.0
39.06,-113.268,0.047,0.0,0.0
39.08,-113.312,0.047,0.0,0.0
39.1,-113.354,0.045,0.0,0.0
39.12,-113.396,0.044,0.0,0.0
39.14,-113.438,0.042,0.0,0.0
39.16,-113.48,0.042,0.0,0.0
39.18,-113.521,0.04,0.0,0.0
39.2,-113.563,0.038,0.0,0.0
39.22,-113.607,0.038,0.0,0.0
39.24,-113.649,0.035,0.0,0.0
39.26,-113.691,0.035,0.0,0.0
39.28,-113.733,0.033,0.0,0.0
39.3,-113.775,0.033,0.0,0.0
39.32,-113.816,0.031,0.0,0.0
39.34,-113.858,0.03,0.0,0.0
39.36,-113.9,0.028,0.0,0.0
39.38,-113.942,0.028,0.0,0.0
39.4,-113.984,0.026,0.0,0.0
39.42,-114.026,0.024,0.0,0.0
39.44,-114.07,0.024,0.0,0.0
39.46,-114.111,0.023,0.0,0.0
39.48,-114.153,0.021,0.0,0.0
39.5,-114.195,0.021,0.0,0.0
39.52,-114.237,0.019,0.0,0.0
39.54,-114.279,0.019,0.0,0.0
39.56,-114.321,0.019,0.0,0.0
39.58,-114.363,0.017,0.0,0.0
39.6,-114.405,0.017,0.0,0.0
39.62,-114.447,0.016,0.0,0.0
39.64,-114.488,0.016,0.0,0.0
39.66,-114.53,0.014,0.0,0.0
39.68,-114.572,0.014,0.0,0.0
39.7,-114.614,0.012,0.0,0.0
39.72,-114.656,0.012,0.0,0.0
39.74,-114.698,0.012,0.0,0.0
39.76,-114.74,0.01,0.0,0.0
39.78,-114.782,0.009,0.0,0.0
39.8,-114.824,0.009,0.0,0.0
39.82,-114.865,0.009,0.0,0.0
39.84,-114.907,0.009,0.0,0.0
39.86,-114.949,0.007,0.0,0.0
39.88,-114.991,0.007,0.0,0.0
39.9,-115.033,0.007,0.0,0.0
39.92,-115.075,0.007,0.0,0.0
39.94,-115.115,0.007,0.0,0.0
39.96,-115.157,0.005,0.0,0.0
39.98,-115.199,0.005,0.0,0.0
40.0,-115.241,0.005,0.0,0.0
40.02,-115.281,0.005,0.0,0.0
40.04,-115.323,0.005,0.0,0.0
40.06,-115.365,0.005,0.0,0.0
40.08,-115.405,0.005,0.0,0.0
40.1,-115.447,0.005,0.0,0.0
40.12,-115.488,0.005,0.0,0.0
40.14,-115.529,0.005,0.0,0.0
40.16,-115.571,0.005,0.0,0.0
40.18,-115.611,0.005,0.0,0.0
40.2,-115.651,0.005,0.0,0.0
40.22,-115.693,0.005,0.0,0.0
40.24,-115.733,0.005,0.0,0.0
40.26,-115.773,0.005,0.0,0.0
40.28,-115.815,0.005,0.0,0.0
40.3,-115.855,0.005,0.0,0.0
40.32,-115.895,0.005,0.0,0.0
40.34,-115.935,0.005,0.0,0.0
40.36,-115.975,0.005,0.0,0.0
40.38,-116.016,0.005,0.0,0.0
40.4,-116.056,0.005,0.0,0.0
40.42,-116.096,0.005,0.0,0.0
40.44,-116.136,0.005,0.0,0.0
40.46,-116.176,0.005,0.0,0.0
40.48,-116.216,0.005,0.0,0.0
40.5,-116.256,0.005,0.0,0.0
40.52,-116.297,0.005,0.0,0.0
40.54,-116.337,0.005,0.0,0.0
40.56,-116.377,0.005,0.0,0.0
40.58,-116.417,0.005,0.0,0.0
40.6,-116.457,0.005,0.0,0.0
40.62,-116.496,0.005,0.0,0.0
40.64,-116.536,0.003,0.0,0.0
40.66,-116.576,0.003,0.0,0.0
40.68,-116.616,0.003,0.0,0.0
40.7,-116.654,0.003,0.0,0.0
40.72,-116.695,0.003,0.0,0.0
40.74,-116.733,0.003,0.0,0.0
40.76,-116.773,0.003,0.0,0.0
40.78,-116.813,0.003,0.0,0.0
40.8,-116.852,0.003,0.0,0.0
40.82,-116.892,0.003,0.0,0.0
40.84,-116.93,0.003,0.0,0.0
40.86,-116.97,0.003,0.0,0.0
40.88,-117.009,0.003,0.0,0.0
40.9,-117.047,0.003,0.0,0.0
40.92,-117.087,0.003,0.0,0.0
40.94,-117.126,0.003,0.0,0.0
40.96,-117.164,0.003,0.0,0.0
40.98,-117.204,0.003,0.0,0.0
41.0,-117.243,0.003,0.0,0.0
41.02,-117.281,0.003,0.0,0.0
41.04,-117.319,0.003,0.0,0.0
41.06,-117.358,0.003,0.0,0.0
41.08,-117.398,0.003,0.0,0.0
41.1,-117.436,0.003,0.0,0.0
41.12,-117.475,0.003,0.0,0.0
41.14,-117.513,0.003,0.0,0.0
41.16,-117.551,0.003,0.0,0.0
41.18,-117.59,0.003,0.0,0.0
41.2,-117.628,0.003,0.0,0.0
41.22,-117.667,0.003,0.0,0.0
41.24,-117.705,0.003,0.0,0.0
41.26,-117.743,0.003,0.0,0.0
41.28,-117.782,0.003,0.0,0.0
41.3,-117.82,0.003,0.0,0.0
41.32,-117.859,0.003,0.0,0.0
41.34,-117.897,0.003,0.0,0.0
41.36,-117.934,0.003,0.0,0.0
41.38,-117.972,0.003,0.0,0.0
41.4,-118.01,0.003,0.0,0.0
41.42,-118.049,0.003,0.0,0.0
41.44,-118.087,0.003,0.0,0.0
41.46,-118.124,0.003,0.0,0.0
41.48,-118.162,0.003,0.0,0.0
41.5,-118.199,0.003,0.0,0.0
41.52,-118.237,0.003,0.0,0.0
41.54,-118.276,0.003,0.0,0.0
41.56,-118.312,0.003,0.0,0.0
41.58,-118.351,0.003,0.0,0.0
41.6,-118.387,0.003,0.0,0.0
41.62,-118.426,0.003,0.0,0.0
41.64,-118.463,0.003,0.0,0.0
41.66,-118.499,0.003,0.0,0.0
41.68,-118.538,0.003,0.0,0.0
41.7,-118.574,0.003,0.0,0.0
41.72,-118.611,0.003,0.0,0.0
41.74,-118.648,0.003,0.0,0.0
41.76,-118.686,0.003,0.0,0.0
41.78,-118.723,0.003,0.0,0.0
41.8,-118.759,0.003,0.0,0.0
41.82,-118.796,0.003,0.0,0.0
41.84,-118.833,0.003,0.0,0.0
41.86,-118.869,0.003,0.0,0.0
41.88,-118.906,0.003,0.0,0.0
41.9,-118.942,0.003,0.0,0.0
41.92,-118.979,0.003,0.0,0.0
41.94,-119.016,0.003,0.0,0.0
41.96,-119.051,0.003,0.0,0.0
41.98,-119.087,0.003,0.0,0.0
42.0,-119.124,0.003,0.0,0.0
42.02,-119.161,0.003,0.0,0.0
42.04,-119.196,0.003,0.0,0.0
42.06,-119.232,0.003,0.0,0.0
42.08,-119.267,0.003,0.0,0.0
42.1,-119.304,0.003,0.0,0.0
42.12,-119.34,0.003,0.0,0.0
42.14,-119.375,0.003,0.0,0.0
42.16,-119.41,0.003,0.0,0.0
42.18,-119.447,0.003,0.0,0.0
42.2,-119.482,0.003,0.0,0.0
42.22,-119.517,0.003,0.0,0.0
42.24,-119.553,0.003,0.0,0.0
42.26,-119.588,0.003,0.0,0.0
42.28,-119.623,0.003,0.0,0.0
42.3,-119.658,0.003,0.0,0.0
42.32,-119.693,0.003,0.0,0.0
42.34,-119.728,0.003,0.0,0.0
42.36,-119.763,0.003,0.0,0.0
42.38,-119.798,0.003,0.0,0.0
42.4,-119.833,0.003,0.0,0.0
42.42,-119.868,0.003,0.0,0.0
42.44,-119.902,0.003,0.0,0.0
42.46,-119.937,0.003,0.0,0.0
42.48,-119.972,0.003,0.0,0.0
42.5,-120.005,0.003,0.0,0.0
42.52,-120.04,0.003,0.0,0.0
42.54,-120.075,0.003,0.0,0.0
42.56,-120.108,0.003,0.0,0.0
42.58,-120.143,0.003,0.0,0.0
42.6,-120.178,0.003,0.0,0.0
42.62,-120.211,0.003,0.0,0.0
42.64,-120.245,0.003,0.0,0.0
42.66,-120.279,0.003,0.0,0.0
42.68,-120.313,0.003,0.0,0.0
42.7,-120.347,0.003,0.0,0.0
42.72,-120.381,0.003,0.0,0.0
42.74,-120.414,0.003,0.0,0.0
42.76,-120.447,0.003,0.0,0.0
42.78,-120.482,0.003,0.0,0.0
42.8,-120.515,0.003,0.0,0.0
42.82,-120.548,0.003,0.0,0.0
42.84,-120.581,0.003,0.0,0.0
42.86,-120.615,0.003,0.0,0.0
42.88,-120.648,0.003,0.0,0.0
42.9,-120.681,0.003,0.0,0.0
42.92,-120.714,0.003,0.0,0.0
42.94,-120.747,0.003,0.0,0.0
42.96,-120.78,0.003,0.0,0.0
42.98,-120.813,0.003,0.0,0.0
43.0,-120.845,0.003,0.0,0.0
43.02,-120.878,0.003,0.0,0.0
43.04,-120.911,0.003,0.0,0.0
43.06,-120.944,0.003,0.0,0.0
43.08,-120.976,0.003,0.0,0.0
43.1,-121.009,0.003,0.0,0.0
43.12,-121.042,0.003,0.0,0.0
43.14,-121.074,0.003,0.0,0.0
43.16,-121.107,0.003,0.0,0.0
43.18,-121.138,0.003,0.0,0.0
43.2,-121.171,0.003,0.0,0.0
43.22,-121.203,0.003,0.0,0.0
43.24,-121.234,0.003,0.0,0.0
43.26,-121.267,0.003,0.0,0.0
43.28,-121.299,0.003,0.0,0.0
43.3,-121.33,0.003,0.0,0.0
43.32,-121.363,0.003,0.0,0.0
43.34,-121.395,0.003,0.0,0.0
43.36,-121.426,0.003,0.0,0.0
43.38,-121.458,0.003,0.0,0.0
43.4,-121.489,0.003,0.0,0.0
43.42,-121.52,0.003,0.0,0.0
43.44,-121.552,0.003,0.0,0.0
43.46,-121.583,0.003,0.0,0.0
43.48,-121.615,0.003,0.0,0.0
43.5,-121.646,0.003,0.0,0.0
43.52,-121.677,0.003,0.0,0.0
43.54,-121.709,0.003,0.0,0.0
43.56,-121.74,0.003,0.0,0.0
43.58,-121.772,0.003,0.0,0.0
43.6,-121.803,0.003,0.0,0.0
43.62,-121.835,0.003,0.0,0.0
43.64,-121.864,0.003,0.0,0.0
43.66,-121.896,0.003,0.0,0.0
43.68,-121.927,0.003,0.0,0.0
43.7,-121.958,0.003,0.0,0.0
43.72,-121.988,0.003,0.0,0.0
43.74,-122.02,0.003,0.0,0.0
43.76,-122.049,0.003,0.0,0.0
43.78,-122.081,0.003,0.0,0.0
43.8,-122.11,0.003,0.0,0.0
43.82,-122.142,0.003,0.0,0.0
43.84,-122.171,0.003,0.0,0.0
43.86,-122.203,0.003,0.0,0.0
43.88,-122.232,0.003,0.0,0.0
43.9,-122.262,0.003,0.0,0.0
43.92,-122.294,0.003,0.0,0.0
43.94,-122.323,0.003,0.0,0.0
43.96,-122.353,0.003,0.0,0.0
43.98,-122.384,0.003,0.0,0.0
44.0,-122.414,0.003,0.0,0.0
44.02,-122.444,0.003,0.0,0.0
44.04,-122.473,0.003,0.0,0.0
44.06,-122.503,0.003,0.0,0.0
44.08,-122.533,0.003,0.0,0.0
44.1,-122.562,0.003,0.0,0.0
44.12,-122.594,0.003,0.0,0.0
44.14,-122.622,0.003,0.0,0.0
44.16,-122.653,0.003,0.0,0.0
44.18,-122.681,0.003,0.0,0.0
44.2,-122.711,0.003,0.0,0.0
44.22,-122.74,0.003,0.0,0.0
44.24,-122.77,0.003,0.0,0.0
44.26,-122.8,0.003,0.0,0.0
44.28,-122.829,0.003,0.0,0.0
44.3,-122.859,0.003,0.0,0.0
44.32,-122.887,0.003,0.0,0.0
44.34,-122.917,0.003,0.0,0.0
44.36,-122.946,0.003,0.0,0.0
44.38,-122.974,0.003,0.0,0.0
44.4,-123.004,0.003,0.0,0.0
44.42,-123.034,0.003,0.0,0.0
44.44,-123.061,0.003,0.0,0.0
44.46,-123.091,0.003,0.0,0.0
44.48,-123.119,0.003,0.0,0.0
44.5,-123.149,0.003,0.0,0.0
44.52,-123.177,0.003,0.0,0.0
44.54,-123.206,0.003,0.0,0.0
44.56,-123.234,0.003,0.0,0.0
44.58,-123.262,0.003,0.0,0.0
44.6,-123.292,0.003,0.0,0.0
44.62,-123.32,0.003,0.0,0.0
44.64,-123.348,0.003,0.0,0.0
44.66,-123.377,0.003,0.0,0.0
44.68,-123.405,0.003,0.0,0.0
44.7,-123.433,0.003,0.0,0.0
44.72,-123.463,0.003,0.0,0.0
44.74,-123.491,0.003,0.0,0.0
44.76,-123.519,0.003,0.0,0.0
44.78,-123.547,0.003,0.0,0.0
44.8,-123.575,0.003,0.0,0.0
44.82,-123.603,0.003,0.0,0.0
44.84,-123.63,0.003,0.0,0.0
44.86,-123.66,0.003,0.0,0.0
44.88,-123.688,0.003,0.0,0.0
44.9,-123.716,0.003,0.0,0.0
44.92,-123.744,0.003,0.0,0.0
44.94,-123.772,0.003,0.0,0.0
44.96,-123.8,0.003,0.0,0.0
44.98,-123.828,0.003,0.0,0.0
45.0,-123.856,0.003,0.0,0.0
45.02,-123.882,0.003,0.0,0.0
45.04,-123.91,0.003,0.0,0.0
45.06,-123.938,0.003,0.0,0.0
45.08,-123.966,0.003,0.0,0.0
45.1,-123.993,0.003,0.0,0.0
45.12,-124.021,0.003,0.0,0.0
45.14,-124.049,0.003,0.0,0.0
45.16,-124.076,0.003,0.0,0.0
45.18,-124.103,0.003,0.0,0.0
45.2,-124.131,0.003,0.0,0.0
45.22,-124.158,0.003,0.0,0.0
45.24,-124.185,0.003,0.0,0.0
45.26,-124.213,0.003,0.0,0.0
45.28,-124.24,0.003,0.0,0.0
45.3,-124.268,0.003,0.0,0.0
45.32,-124.294,0.003,0.0,0.0
45.34,-124.322,0.003,0.0,0.0
45.36,-124.348,0.003,0.0,0.0
45.38,-124.376,0.003,0.0,0.0
45.4,-124.402,0.003,0.0,0.0
45.42,-124.428,0.003,0.0,0.0
45.44,-124.456,0.003,0.0,0.0
45.46,-124.482,0.003,0.0,0.0
45.48,-124.508,0.003,0.0,0.0
45.5,-124.536,0.003,0.0,0.0
45.52,-124.562,0.003,0.0,0.0
45.54,-124.589,0.003,0.0,0.0
45.56,-124.615,0.003,0.0,0.0
45.58,-124.641,0.003,0.0,0.0
45.6,-124.667,0.003,0.0,0.0
45.62,-124.693,0.003,0.0,0.0
45.64,-124.72,0.003,0.0,0.0
45.66,-124.746,0.003,0.0,0.0
45.68,-124.772,0.003,0.0,0.0
45.7,-124.798,0.003,0.0,0.0
45.72,-124.824,0.003,0.0,0.0
45.74,-124.85,0.003,0.0,0.0
45.76,-124.877,0.003,0.0,0.0
45.78,-124.901,0.003,0.0,0.0
45.8,-124.927,0.003,0.0,0.0
45.82,-124.953,0.003,0.0,0.0
45.84,-124.978,0.003,0.0,0.0
45.86,-125.004,0.003,0.0,0.0
45.88,-125.028,0.003,0.0,0.0
45.9,-125.055,0.003,0.0,0.0
45.92,-125.079,0.003,0.0,0.0
45.94,-125.105,0.003,0.0,0.0
45.96,-125.13,0.003,0.0,0.0
45.98,-125.156,0.003,0.0,0.0
46.0,-125.18,0.003,0.0,0.0
46.02,-125.205,0.003,0.0,0.0
46.04,-125.229,0.003,0.0,0.0
46.06,-125.254,0.003,0.0,0.0
46.08,-125.278,0.003,0.0,0.0
46.1,-125.304,0.003,0.0,0.0
46.12,-125.329,0.003,0.0,0.0
46.14,-125.353,0.003,0.0,0.0
46.16,-125.378,0.003,0.0,0.0
46.18,-125.4,0.003,0.0,0.0
46.2,-125.425,0.003,0.0,0.0
46.22,-125.449,0.003,0.0,0.0
46.24,-125.474,0.003,0.0,0.0
46.26,-125.498,0.003,0.0,0.0
46.28,-125.521,0.003,0.0,0.0
46.3,-125.545,0.003,0.0,0.0
46.32,-125.568,0.003,0.0,0.0
46.34,-125.592,0.003,0.0,0.0
46.36,-125.617,0.003,0.0,0.0
46.38,-125.639,0.003,0.0,0.0
46.4,-125.662,0.003,0.0,0.0
46.42,-125.686,0.003,0.0,0.0
46.44,-125.709,0.003,0.0,0.0
46.46,-125.732,0.003,0.0,0.0
46.48,-125.756,0.003,0.0,0.0
46.5,-125.779,0.003,0.0,0.0
46.52,-125.802,0.003,0.0,0.0
46.54,-125.824,0.003,0.0,0.0
46.56,-125.847,0.003,0.0,0.0
46.58,-125.87,0.003,0.0,0.0
46.6,-125.892,0.003,0.0,0.0
46.62,-125.915,0.003,0.0,0.0
46.64,-125.936,0.003,0.0,0.0
46.66,-125.959,0.003,0.0,0.0
46.68,-125.981,0.003,0.0,0.0
46.7,-126.004,0.003,0.0,0.0
46.72,-126.025,0.003,0.0,0.0
46.74,-126.048,0.003,0.0,0.0
46.76,-126.069,0.003,0.0,0.0
46.78,-126.091,0.003,0.0,0.0
46.8,-126.112,0.003,0.0,0.0
46.82,-126.133,0.003,0.0,0.0
46.84,-126.156,0.003,0.0,0.0
46.86,-126.177,0.003,0.0,0.0
46.88,-126.198,0.003,0.0,0.0
46.9,-126.219,0.003,0.0,0.0
46.92,-126.24,0.003,0.0,0.0
46.94,-126.261,0.003,0.0,0.0
46.96,-126.282,0.003,0.0,0.0
46.98,-126.303,0.003,0.0,0.0
47.0,-126.324,0.003,0.0,0.0
47.02,-126.344,0.003,0.0,0.0
47.04,-126.365,0.003,0.0,0.0
47.06,-126.385,0.003,0.0,0.0
47.08,-126.406,0.003,0.0,0.0
47.1,-126.426,0.003,0.0,0.0
47.12,-126.446,0.003,0.0,0.0
47.14,-126.467,0.003,0.0,0.0
47.16,-126.486,0.003,0.0,0.0
47.18,-126.505,0.003,0.0,0.0
47.2,-126.526,0.003,0.0,0.0
47.22,-126.545,0.003,0.0,0.0
47.24,-126.564,0.003,0.0,0.0
47.26,-126.584,0.003,0.0,0.0
47.28,-126.604,0.003,0.0,0.0
47.3,-126.624,0.003,0.0,0.0
47.32,-126.643,0.003,0.0,0.0
47.34,-126.662,0.003,0.0,0.0
47.36,-126.681,0.003,0.0,0.0
47.38,-126.699,0.003,0.0,0.0
47.4,-126.718,0.003,0.0,0.0
47.42,-126.737,0.003,0.0,0.0
47.44,-126.756,0.003,0.0,0.0
47.46,-126.776,0.003,0.0,0.0
47.48,-126.793,0.003,0.0,0.0
47.5,-126.812,0.003,0.0,0.0
47.52,-126.83,0.003,0.0,0.0
47.54,-126.849,0.003,0.0,0.0
47.56,-126.866,0.003,0.0,0.0
47.58,-126.885,0.003,0.0,0.0
47.6,-126.903,0.003,0.0,0.0
47.62,-126.922,0.003,0.0,0.0
47.64,-126.94,0.003,0.0,0.0
47.66,-126.957,0.003,0.0,0.0
47.68,-126.975,0.003,0.0,0.0
47.7,-126.994,0.003,0.0,0.0
47.72,-127.011,0.003,0.0,0.0
47.74,-127.029,0.003,0.0,0.0
47.76,-127.046,0.003,0.0,0.0
47.78,-127.064,0.003,0.0,0.0
47.8,-127.081,0.003,0.0,0.0
47.82,-127.098,0.003,0.0,0.0
47.84,-127.116,0.003,0.0,0.0
47.86,-127.133,0.003,0.0,0.0
47.88,-127.149,0.003,0.0,0.0
47.9,-127.166,0.003,0.0,0.0
47.92,-127.184,0.003,0.0,0.0
47.94,-127.2,0.003,0.0,0.0
47.96,-127.217,0.003,0.0,0.0
47.98,-127.235,0.003,0.0,0.0
48.0,-127.25,0.003,0.0,0.0
48.02,-127.268,0.003,0.0,0.0
48.04,-127.283,0.003,0.0,0.0
48.06,-127.299,0.003,0.0,0.0
48.08,-127.317,0.003,0.0,0.0
48.1,-127.332,0.003,0.0,0.0
48.12,-127.348,0.003,0.0,0.0
48.14,-127.365,0.003,0.0,0.0
48.16,-127.381,0.003,0.0,0.0
48.18,-127.397,0.003,0.0,0.0
48.2,-127.413,0.003,0.0,0.0
48.22,-127.428,0.003,0.0,0.0
48.24,-127.444,0.003,0.0,0.0
48.26,-127.46,0.003,0.0,0.0
48.28,-127.475,0.003,0.0,0.0
48.3,-127.491,0.003,0.0,0.0
48.32,-127.507,0.003,0.0,0.0
48.34,-127.521,0.003,0.0,0.0
48.36,-127.537,0.003,0.0,0.0
48.38,-127.552,0.003,0.0,0.0
48.4,-127.566,0.003,0.0,0.0
48.42,-127.582,0.003,0.0,0.0
48.44,-127.598,0.003,0.0,0.0
48.46,-127.612,0.003,0.0,0.0
48.48,-127.627,0.003,0.0,0.0
48.5,-127.641,0.003,0.0,0.0
48.52,-127.657,0.003,0.0,0.0
48.54,-127.671,0.003,0.0,0.0
48.56,-127.685,0.003,0.0,0.0
48.58,-127.701,0.003,0.0,0.0
48.6,-127.715,0.003,0.0,0.0
48.62,-127.728,0.003,0.0,0.0
48.64,-127.742,0.003,0.0,0.0
48.66,-127.756,0.003,0.0,0.0
48.68,-127.77,0.003,0.0,0.0
48.7,-127.786,0.003,0.0,0.0
48.72,-127.8,0.003,0.0,0.0
48.74,-127.814,0.003,0.0,0.0
48.76,-127.828,0.003,0.0,0.0
48.78,-127.84,0.003,0.0,0.0
48.8,-127.854,0.003,0.0,0.0
48.82,-127.868,0.003,0.0,0.0
48.84,-127.882,0.003,0.0,0.0
48.86,-127.896,0.003,0.0,0.0
48.88,-127.908,0.003,0.0,0.0
48.9,-127.922,0.003,0.0,0.0
48.92,-127.936,0.003,0.0,0.0
48.94,-127.948,0.003,0.0,0.0
48.96,-127.962,0.003,0.0,0.0
48.98,-127.975,0.003,0.0,0.0
49.0,-127.989,0.003,0.0,0.0
49.02,-128.001,0.003,0.0,0.0
49.04,-128.015,0.003,0.0,0.0
49.06,-128.027,0.003,0.0,0.0
49.08,-128.041,0.003,0.0,0.0
49.1,-128.053,0.003,0.0,0.0
49.12,-128.065,0.003,0.0,0.0
49.14,-128.078,0.003,0.0,0.0
49.16,-128.092,0.003,0.0,0.0
49.18,-128.104,0.003,0.0,0.0
49.2,-128.116,0.003,0.0,0.0
49.22,-128.128,0.003,0.0,0.0
49.24,-128.14,0.003,0.0,0.0
49.26,-128.153,0.003,0.0,0.0
49.28,-128.165,0.003,0.0,0.0
49.3,-128.177,0.003,0.0,0.0
49.32,-128.189,0.003,0.0,0.0
49.34,-128.201,0.003,0.0,0.0
49.36,-128.214,0.003,0.0,0.0
49.38,-128.224,0.003,0.0,0.0
49.4,-128.236,0.003,0.0,0.0
49.42,-128.249,0.003,0.0,0.0
49.44,-128.261,0.003,0.0,0.0
49.46,-128.271,0.003,0.0,0.0
49.48,-128.284,0.003,0.0,0.0
49.5,-128.294,0.003,0.0,0.0
49.52,-128.306,0.003,0.0,0.0
49.54,-128.317,0.003,0.0,0.0
49.56,-128.329,0.003,0.0,0.0
49.58,-128.339,0.003,0.0,0.0
49.6,-128.352,0.003,0.0,0.0
49.62,-128.362,0.003,0.0,0.0
49.64,-128.373,0.003,0.0,0.0
49.66,-128.385,0.003,0.0,0.0
49.68,-128.395,0.003,0.0,0.0
49.7,-128.406,0.003,0.0,0.0
49.72,-128.416,0.003,0.0,0.0
49.74,-128.427,0.003,0.0,0.0
49.76,-128.437,0.003,0.0,0.0
49.78,-128.448,0.003,0.0,0.0
49.8,-128.458,0.003,0.0,0.0
49.82,-128.469,0.003,0.0,0.0
49.84,-128.479,0.003,0.0,0.0
49.86,-128.489,0.003,0.0,0.0
49.88,-128.5,0.003,0.0,0.0
49.9,-128.51,0.003,0.0,0.0
49.92,-128.521,0.003,0.0,0.0
49.94,-128.53,0.003,0.0,0.0
49.96,-128.54,0.003,0.0,0.0
49.98,-128.551,0.003,0.0,0.0
50.0,-128.559,0.003,0.0,0.0
50.02,-128.57,0.003,0.0,0.0
50.04,-128.58,0.003,0.0,0.0
50.06,-128.589,0.003,0.0,0.0
50.08,-128.599,0.003,0.0,0.0
50.1,-128.608,0.003,0.0,0.0
50.12,-128.617,0.003,0.0,0.0
50.14,-128.627,0.003,0.0,0.0
50.16,-128.636,0.003,0.0,0.0
50.18,-128.645,0.003,0.0,0.0
50.2,-128.655,0.003,0.0,0.0
50.22,-128.664,0.003,0.0,0.0
50.24,-128.673,0.003,0.0,0.0
50.26,-128.681,0.003,0.0,0.0
50.28,-128.69,0.003,0.0,0.0
50.3,-128.699,0.003,0.0,0.0
50.32,-128.708,0.003,0.0,0.0
50.34,-128.716,0.003,0.0,0.0
50.36,-128.725,0.003,0.0,0.0
50.38,-128.734,0.003,0.0,0.0
50.4,-128.743,0.003,0.0,0.0
50.42,-128.75,0.003,0.0,0.0
50.44,-128.758,0.003,0.0,0.0
50.46,-128.767,0.003,0.0,0.0
50.48,-128.774,0.003,0.0,0.0
50.5,-128.783,0.003,0.0,0.0
50.52,-128.79,0.003,0.0,0.0
50.54,-128.798,0.003,0.0,0.0
50.56,-128.805,0.003,0.0,0.0
50.58,-128.814,0.003,0.0,0.0
50.6,-128.821,0.003,0.0,0.0
50.62,-128.83,0.003,0.0,0.0
50.64,-128.837,0.003,0.0,0.0
50.66,-128.844,0.003,0.0,0.0
50.68,-128.851,0.003,0.0,0.0
50.7,-128.858,0.003,0.0,0.0
50.72,-128.866,0.003,0.0,0.0
50.74,-128.873,0.003,0.0,0.0
50.76,-128.88,0.003,0.0,0.0
50.78,-128.887,0.003,0.0,0.0
50.8,-128.893,0.003,0.0,0.0
50.82,-128.9,0.003,0.0,0.0
50.84,-128.907,0.003,0.0,0.0
50.86,-128.914,0.003,0.0,0.0
50.88,-128.921,0.003,0.0,0.0
50.9,-128.926,0.003,0.0,0.0
50.92,-128.933,0.003,0.0,0.0
50.94,-128.94,0.003,0.0,0.0
50.96,-128.945,0.003,0.0,0.0
50.98,-128.952,0.003,0.0,0.0
51.0,-128.957,0.003,0.0,0.0
51.02,-128.964,0.003,0.0,0.0
51.04,-128.969,0.003,0.0,0.0
