Tiempo ,CONTROL,PID,ANGULO,REFERENCIA,PERTURBACION
-0.4,0.0,0.0,0.0,0.0,0.0
-0.38,0.0,0.0,0.0,0.0,0.0
-0.36,0.0,0.0,0.0,0.0,0.0
-0.34,0.0,0.0,0.0,0.0,0.0
-0.32,0.0,0.0,0.0,0.0,0.0
-0.3,0.0,0.0,0.0,0.0,0.0
-0.28,0.0,0.0,0.0,0.0,0.0
-0.26,0.0,0.0,0.0,0.0,0.0
-0.24,0.0,0.0,0.0,0.0,0.0
-0.22,0.0,0.0,0.0,0.0,0.0
-0.2,0.0,0.0,0.0,0.0,0.0
-0.18,0.0,0.0,0.0,0.0,0.0
-0.16,0.0,0.0,0.0,0.0,0.0
-0.14,0.0,0.0,0.0,0.0,0.0
-0.12,0.0,0.0,0.0,0.0,0.0
-0.1,0.0,0.0,0.0,0.0,0.0
-0.08,0.0,0.0,0.0,0.0,0.0
-0.06,0.0,0.0,0.0,0.0,0.0
-0.04,0.0,0.0,0.0,0.0,0.0
-0.02,0.0,0.0,0.0,0.0,0.0
0.0,0.0,0.0,-0.0,0.0,0.0
0.02,0.0,0.0,-0.0,0.0,0.0
0.04,0.926,0.926,-0.0,0.6,0.0
0.06,0.788,0.788,-0.0,0.6,0.0
0.08,0.669,0.669,-0.0,0.6,0.0
0.1,0.566,0.566,-0.0,0.6,0.0
0.12,0.478,0.478,-0.0,0.6,0.0
0.14,0.402,0.402,-0.0,0.6,0.0
0.16,0.338,0.338,-0.0,0.6,0.0
0.18,0.281,0.281,0.002,0.6,0.0
0.2,0.235,0.235,0.002,0.6,0.0
0.22,0.197,0.197,0.002,0.6,0.0
0.24,0.163,0.163,0.003,0.6,0.0
0.26,0.138,0.138,0.003,0.6,0.0
0.28,0.115,0.115,0.005,0.6,0.0
0.3,0.097,0.097,0.007,0.6,0.0
0.32,0.083,0.083,0.009,0.6,0.0
0.34,0.075,0.075,0.009,0.6,0.0
0.36,0.068,0.068,0.01,0.6,0.0
0.38,0.063,0.063,0.012,0.6,0.0
0.4,0.061,0.061,0.014,0.6,0.0
0.42,0.061,0.061,0.016,0.6,0.0
0.44,0.066,0.066,0.016,0.6,0.0
0.46,0.07,0.07,0.017,0.6,0.0
0.48,0.074,0.074,0.019,0.6,0.0
0.5,0.083,0.083,0.019,0.6,0.0
0.52,0.09,0.09,0.021,0.6,0.0
0.54,0.098,0.098,0.023,0.6,0.0
0.56,0.11,0.11,0.023,0.6,0.0
0.58,0.119,0.119,0.024,0.6,0.0
0.6,0.132,0.132,0.024,0.6,0.0
0.62,0.145,0.145,0.024,0.6,0.0
0.64,0.159,0.159,0.024,0.6,0.0
0.66,0.169,0.169,0.026,0.6,0.0
0.68,0.184,0.184,0.026,0.6,0.0
0.7,0.2,0.2,0.024,0.6,0.0
0.72,0.214,0.214,0.024,0.6,0.0
0.74,0.228,0.228,0.024,0.6,0.0
0.76,0.243,0.243,0.024,0.6,0.0
0.78,0.259,0.259,0.023,0.6,0.0
0.8,0.273,0.273,0.023,0.6,0.0
0.82,0.29,0.29,0.021,0.6,0.0
0.84,0.304,0.304,0.021,0.6,0.0
0.86,0.321,0.321,0.019,0.6,0.0
0.88,0.337,0.337,0.017,0.6,0.0
0.9,0.353,0.353,0.016,0.6,0.0
0.92,0.366,0.366,0.016,0.6,0.0
0.94,0.382,0.382,0.014,0.6,0.0
0.96,0.398,0.398,0.012,0.6,0.0
0.98,0.412,0.412,0.012,0.6,0.0
1.0,0.428,0.428,0.01,0.6,0.0
1.02,0.444,0.444,0.009,0.6,0.0
1.04,0.457,0.457,0.009,0.6,0.0
1.06,0.47,0.47,0.009,0.6,0.0
1.08,0.484,0.484,0.009,0.6,0.0
1.1,0.498,0.498,0.009,0.6,0.0
1.12,0.509,0.509,0.01,0.6,0.0
1.14,0.523,0.523,0.01,0.6,0.0
1.16,0.535,0.535,0.012,0.6,0.0
1.18,0.545,0.545,0.016,0.6,0.0
1.2,0.558,0.558,0.017,0.6,0.0
1.22,0.569,0.569,0.021,0.6,0.0
1.24,0.581,0.581,0.024,0.6,0.0
1.26,0.59,0.59,0.03,0.6,0.0
1.28,0.603,0.603,0.033,0.6,0.0
1.3,0.611,0.611,0.04,0.6,0.0
1.32,0.623,0.623,0.045,0.6,0.0
1.34,0.633,0.633,0.052,0.6,0.0
1.36,0.643,0.643,0.059,0.6,0.0
1.38,0.652,0.652,0.068,0.6,0.0
1.4,0.662,0.662,0.077,0.6,0.0
1.42,0.672,0.672,0.086,0.6,0.0
1.44,0.683,0.683,0.094,0.6,0.0
1.46,0.692,0.692,0.105,0.6,0.0
1.48,0.702,0.702,0.115,0.6,0.0
1.5,0.716,0.716,0.124,0.6,0.0
1.52,0.724,0.724,0.136,0.6,0.0
1.54,0.736,0.736,0.147,0.6,0.0
1.56,0.749,0.749,0.157,0.6,0.0
1.58,0.759,0.759,0.169,0.6,0.0
1.6,0.77,0.77,0.182,0.6,0.0
1.62,0.784,0.784,0.192,0.6,0.0
1.64,0.798,0.798,0.202,0.6,0.0
1.66,0.809,0.809,0.215,0.6,0.0
1.68,0.824,0.824,0.225,0.6,0.0
1.7,0.838,0.838,0.236,0.6,0.0
1.72,0.85,0.85,0.248,0.6,0.0
1.74,0.864,0.864,0.258,0.6,0.0
1.76,0.881,0.881,0.267,0.6,0.0
1.78,0.895,0.895,0.278,0.6,0.0
1.8,0.911,0.911,0.286,0.6,0.0
1.82,0.926,0.926,0.295,0.6,0.0
1.84,0.941,0.941,0.304,0.6,0.0
1.86,0.956,0.956,0.312,0.6,0.0
1.88,0.972,0.972,0.319,0.6,0.0
1.9,0.988,0.988,0.326,0.6,0.0
1.92,1.006,1.006,0.332,0.6,0.0
1.94,1.02,1.02,0.339,0.6,0.0
1.96,1.036,1.036,0.344,0.6,0.0
1.98,1.054,1.054,0.347,0.6,0.0
2.0,1.068,1.068,0.353,0.6,0.0
2.02,1.084,1.084,0.356,0.6,0.0
2.04,1.099,1.099,0.36,0.6,0.0
2.06,1.115,1.115,0.361,0.6,0.0
2.08,1.128,1.128,0.365,0.6,0.0
2.1,1.143,1.143,0.367,0.6,0.0
2.12,1.157,1.157,0.368,0.6,0.0
2.14,1.173,1.173,0.368,0.6,0.0
2.16,1.184,1.184,0.37,0.6,0.0
2.18,1.198,1.198,0.37,0.6,0.0
2.2,1.211,1.211,0.37,0.6,0.0
2.22,1.223,1.223,0.37,0.6,0.0
2.24,1.234,1.234,0.37,0.6,0.0
2.26,1.245,1.245,0.37,0.6,0.0
2.28,1.255,1.255,0.37,0.6,0.0
2.3,1.265,1.265,0.37,0.6,0.0
2.32,1.274,1.274,0.37,0.6,0.0
2.34,1.282,1.282,0.37,0.6,0.0
2.36,1.291,1.291,0.37,0.6,0.0
2.38,1.299,1.299,0.37,0.6,0.0
2.4,1.307,1.307,0.37,0.6,0.0
2.42,1.314,1.314,0.37,0.6,0.0
2.44,1.322,1.322,0.37,0.6,0.0
2.46,1.326,1.326,0.372,0.6,0.0
2.48,1.331,1.331,0.374,0.6,0.0
2.5,1.339,1.339,0.374,0.6,0.0
2.52,1.343,1.343,0.375,0.6,0.0
2.54,1.348,1.348,0.377,0.6,0.0
2.56,1.351,1.351,0.38,0.6,0.0
2.58,1.357,1.357,0.382,0.6,0.0
2.6,1.36,1.36,0.386,0.6,0.0
2.62,1.366,1.366,0.387,0.6,0.0
2.64,1.37,1.37,0.391,0.6,0.0
2.66,1.373,1.373,0.394,0.6,0.0
2.68,1.375,1.375,0.4,0.6,0.0
2.7,1.38,1.38,0.403,0.6,0.0
2.72,1.385,1.385,0.407,0.6,0.0
2.74,1.388,1.388,0.412,0.6,0.0
2.76,1.391,1.391,0.417,0.6,0.0
2.78,1.394,1.394,0.422,0.6,0.0
2.8,1.398,1.398,0.428,0.6,0.0
2.82,1.402,1.402,0.433,0.6,0.0
2.84,1.407,1.407,0.438,0.6,0.0
2.86,1.411,1.411,0.443,0.6,0.0
2.88,1.416,1.416,0.449,0.6,0.0
2.9,1.418,1.418,0.456,0.6,0.0
2.92,1.424,1.424,0.461,0.6,0.0
2.94,1.429,1.429,0.466,0.6,0.0
2.96,1.435,1.435,0.471,0.6,0.0
2.98,1.44,1.44,0.476,0.6,0.0
3.0,1.445,1.445,0.482,0.6,0.0
3.02,1.451,1.451,0.487,0.6,0.0
3.04,1.456,1.456,0.492,0.6,0.0
3.06,1.461,1.461,0.497,0.6,0.0
3.08,1.466,1.466,0.503,0.6,0.0
3.1,1.474,1.474,0.506,0.6,0.0
3.12,1.478,1.478,0.511,0.6,0.0
3.14,1.486,1.486,0.515,0.6,0.0
3.16,1.492,1.492,0.518,0.6,0.0
3.18,1.499,1.499,0.522,0.6,0.0
3.2,1.505,1.505,0.525,0.6,0.0
3.22,1.51,1.51,0.529,0.6,0.0
3.24,1.518,1.518,0.531,0.6,0.0
3.26,1.525,1.525,0.532,0.6,0.0
3.28,1.529,1.529,0.536,0.6,0.0
3.3,1.536,1.536,0.538,0.6,0.0
3.32,1.542,1.542,0.539,0.6,0.0
3.34,1.55,1.55,0.539,0.6,0.0
3.36,1.555,1.555,0.541,0.6,0.0
3.38,1.562,1.562,0.541,0.6,0.0
3.4,1.566,1.566,0.543,0.6,0.0
3.42,1.572,1.572,0.543,0.6,0.0
3.44,1.578,1.578,0.543,0.6,0.0
3.46,1.583,1.583,0.543,0.6,0.0
3.48,1.588,1.588,0.543,0.6,0.0
3.5,1.592,1.592,0.543,0.6,0.0
3.52,1.599,1.599,0.541,0.6,0.0
3.54,1.602,1.602,0.541,0.6,0.0
3.56,1.605,1.605,0.541,0.6,0.0
3.58,1.61,1.61,0.539,0.6,0.0
3.6,1.613,1.613,0.539,0.6,0.0
3.62,1.618,1.618,0.538,0.6,0.0
3.64,1.619,1.619,0.538,0.6,0.0
3.66,1.624,1.624,0.536,0.6,0.0
3.68,1.625,1.625,0.536,0.6,0.0
3.7,1.629,1.629,0.534,0.6,0.0
3.72,1.63,1.63,0.534,0.6,0.0
3.74,1.631,1.631,0.534,0.6,0.0
3.76,1.635,1.635,0.532,0.6,0.0
3.78,1.636,1.636,0.532,0.6,0.0
3.8,1.637,1.637,0.532,0.6,0.0
3.82,1.638,1.638,0.532,0.6,0.0
3.84,1.639,1.639,0.532,0.6,0.0
3.86,1.64,1.64,0.532,0.6,0.0
3.88,1.641,1.641,0.532,0.6,0.0
3.9,1.643,1.643,0.532,0.6,0.0
3.92,1.644,1.644,0.532,0.6,0.0
3.94,1.643,1.643,0.534,0.6,0.0
3.96,1.645,1.645,0.534,0.6,0.0
3.98,1.644,1.644,0.536,0.6,0.0
4.0,1.646,1.646,0.536,0.6,0.0
4.02,1.646,1.646,0.538,0.6,0.0
4.04,1.648,1.648,0.538,0.6,0.0
4.06,1.648,1.648,0.539,0.6,0.0
4.08,1.648,1.648,0.541,0.6,0.0
4.1,1.651,1.651,0.541,0.6,0.0
4.12,1.651,1.651,0.543,0.6,0.0
4.14,1.651,1.651,0.545,0.6,0.0
4.16,1.652,1.652,0.546,0.6,0.0
4.18,1.652,1.652,0.548,0.6,0.0
4.2,1.653,1.653,0.55,0.6,0.0
4.22,1.654,1.654,0.552,0.6,0.0
4.24,1.655,1.655,0.553,0.6,0.0
4.26,1.657,1.657,0.555,0.6,0.0
4.28,1.658,1.658,0.557,0.6,0.0
4.3,1.659,1.659,0.559,0.6,0.0
4.32,1.661,1.661,0.56,0.6,0.0
4.34,1.662,1.662,0.562,0.6,0.0
4.36,1.661,1.661,0.565,0.6,0.0
4.38,1.663,1.663,0.567,0.6,0.0
4.4,1.665,1.665,0.569,0.6,0.0
4.42,1.666,1.666,0.571,0.6,0.0
4.44,1.668,1.668,0.572,0.6,0.0
4.46,1.67,1.67,0.574,0.6,0.0
4.48,1.671,1.671,0.576,0.6,0.0
4.5,1.673,1.673,0.578,0.6,0.0
4.52,1.677,1.677,0.578,0.6,0.0
4.54,1.678,1.678,0.579,0.6,0.0
4.56,1.679,1.679,0.581,0.6,0.0
4.58,1.68,1.68,0.583,0.6,0.0
4.6,1.684,1.684,0.583,0.6,0.0
4.62,1.685,1.685,0.585,0.6,0.0
4.64,1.688,1.688,0.585,0.6,0.0
4.66,1.689,1.689,0.586,0.6,0.0
4.68,1.692,1.692,0.586,0.6,0.0
4.7,1.692,1.692,0.588,0.6,0.0
4.72,1.695,1.695,0.588,0.6,0.0
4.74,1.697,1.697,0.588,0.6,0.0
4.76,1.697,1.697,0.59,0.6,0.0
4.78,1.699,1.699,0.59,0.6,0.0
4.8,1.702,1.702,0.59,0.6,0.0
4.82,1.704,1.704,0.59,0.6,0.0
4.84,1.705,1.705,0.59,0.6,0.0
4.86,1.707,1.707,0.59,0.6,0.0
4.88,1.708,1.708,0.59,0.6,0.0
4.9,1.709,1.709,0.59,0.6,0.0
4.92,1.711,1.711,0.59,0.6,0.0
4.94,1.714,1.714,0.588,0.6,0.0
4.96,1.715,1.715,0.588,0.6,0.0
4.98,1.715,1.715,0.588,0.6,0.0
5.0,1.716,1.716,0.588,0.6,0.0
5.02,1.716,1.716,0.588,0.6,0.0
5.04,1.719,1.719,0.586,0.6,0.0
5.06,1.719,1.719,0.586,0.6,0.0
5.08,1.72,1.72,0.586,0.6,0.0
5.1,1.72,1.72,0.586,0.6,0.0
5.12,1.72,1.72,0.586,0.6,0.0
5.14,1.723,1.723,0.585,0.6,0.0
5.16,1.722,1.722,0.585,0.6,0.0
5.18,1.722,1.722,0.585,0.6,0.0
5.2,1.722,1.722,0.585,0.6,0.0
5.22,1.722,1.722,0.585,0.6,0.0
5.24,1.722,1.722,0.585,0.6,0.0
5.26,1.722,1.722,0.585,0.6,0.0
5.28,1.72,1.72,0.586,0.6,0.0
5.3,1.72,1.72,0.586,0.6,0.0
5.32,1.721,1.721,0.586,0.6,0.0
5.34,1.721,1.721,0.586,0.6,0.0
5.36,1.722,1.722,0.586,0.6,0.0
5.38,1.72,1.72,0.588,0.6,0.0
5.4,1.72,1.72,0.588,0.6,0.0
5.42,1.721,1.721,0.588,0.6,0.0
5.44,1.719,1.719,0.59,0.6,0.0
5.46,1.72,1.72,0.59,0.6,0.0
5.48,1.719,1.719,0.592,0.6,0.0
5.5,1.72,1.72,0.592,0.6,0.0
5.52,1.721,1.721,0.592,0.6,0.0
5.54,1.719,1.719,0.593,0.6,0.0
5.56,1.721,1.721,0.593,0.6,0.0
5.58,1.719,1.719,0.595,0.6,0.0
5.6,1.721,1.721,0.595,0.6,0.0
5.62,1.722,1.722,0.595,0.6,0.0
5.64,1.721,1.721,0.597,0.6,0.0
5.66,1.722,1.722,0.597,0.6,0.0
5.68,1.723,1.723,0.597,0.6,0.0
5.7,1.722,1.722,0.599,0.6,0.0
5.72,1.723,1.723,0.599,0.6,0.0
5.74,1.724,1.724,0.599,0.6,0.0
5.76,1.725,1.725,0.599,0.6,0.0
5.78,1.724,1.724,0.6,0.6,0.0
5.8,1.726,1.726,0.6,0.6,0.0
5.82,1.727,1.727,0.6,0.6,0.0
5.84,1.728,1.728,0.6,0.6,0.0
5.86,1.728,1.728,0.6,0.6,0.0
5.88,1.729,1.729,0.6,0.6,0.0
5.9,1.73,1.73,0.6,0.6,0.0
5.92,1.73,1.73,0.6,0.6,0.0
5.94,1.731,1.731,0.6,0.6,0.0
5.96,1.731,1.731,0.6,0.6,0.0
5.98,1.731,1.731,0.6,0.6,0.0
6.0,1.732,1.732,0.6,0.6,0.0
6.02,1.732,1.732,0.6,0.6,0.0
6.04,1.732,1.732,0.6,0.6,0.0
6.06,1.732,1.732,0.6,0.6,0.0
6.08,1.733,1.733,0.6,0.6,0.0
6.1,1.733,1.733,0.6,0.6,0.0
6.12,1.735,1.735,0.599,0.6,0.0
6.14,1.735,1.735,0.599,0.6,0.0
6.16,1.734,1.734,0.599,0.6,0.0
6.18,1.734,1.734,0.599,0.6,0.0
6.2,1.734,1.734,0.599,0.6,0.0
6.22,1.737,1.737,0.597,0.6,0.0
6.24,1.736,1.736,0.597,0.6,0.0
6.26,1.736,1.736,0.597,0.6,0.0
6.28,1.735,1.735,0.597,0.6,0.0
6.3,1.738,1.738,0.595,0.6,0.0
6.32,1.737,1.737,0.595,0.6,0.0
6.34,1.737,1.737,0.595,0.6,0.0
6.36,1.736,1.736,0.595,0.6,0.0
6.38,1.738,1.738,0.593,0.6,0.0
6.4,1.738,1.738,0.593,0.6,0.0
6.42,1.737,1.737,0.593,0.6,0.0
6.44,1.737,1.737,0.593,0.6,0.0
6.46,1.736,1.736,0.593,0.6,0.0
6.48,1.738,1.738,0.592,0.6,0.0
6.5,1.738,1.738,0.592,0.6,0.0
6.52,1.737,1.737,0.592,0.6,0.0
6.54,1.737,1.737,0.592,0.6,0.0
6.56,1.736,1.736,0.592,0.6,0.0
6.58,1.736,1.736,0.592,0.6,0.0
6.6,1.736,1.736,0.592,0.6,0.0
6.62,1.738,1.738,0.59,0.6,0.0
6.64,1.738,1.738,0.59,0.6,0.0
6.66,1.737,1.737,0.59,0.6,0.0
6.68,1.737,1.737,0.59,0.6,0.0
6.7,1.737,1.737,0.59,0.6,0.0
6.72,1.736,1.736,0.59,0.6,0.0
6.74,1.736,1.736,0.59,0.6,0.0
6.76,1.736,1.736,0.59,0.6,0.0
6.78,1.736,1.736,0.59,0.6,0.0
6.8,1.736,1.736,0.59,0.6,0.0
6.82,1.733,1.733,0.592,0.6,0.0
6.84,1.734,1.734,0.592,0.6,0.0
6.86,1.734,1.734,0.592,0.6,0.0
6.88,1.735,1.735,0.592,0.6,0.0
6.9,1.735,1.735,0.592,0.6,0.0
6.92,1.735,1.735,0.592,0.6,0.0
6.94,1.736,1.736,0.592,0.6,0.0
6.96,1.736,1.736,0.592,0.6,0.0
6.98,1.734,1.734,0.593,0.6,0.0
7.0,1.734,1.734,0.593,0.6,0.0
7.02,1.735,1.735,0.593,0.6,0.0
7.04,1.735,1.735,0.593,0.6,0.0
7.06,1.736,1.736,0.593,0.6,0.0
7.08,1.736,1.736,0.593,0.6,0.0
7.1,1.734,1.734,0.595,0.6,0.0
7.12,1.735,1.735,0.595,0.6,0.0
7.14,1.736,1.736,0.595,0.6,0.0
7.16,1.736,1.736,0.595,0.6,0.0
7.18,1.737,1.737,0.595,0.6,0.0
7.2,1.737,1.737,0.595,0.6,0.0
7.22,1.738,1.738,0.595,0.6,0.0
7.24,1.736,1.736,0.597,0.6,0.0
7.26,1.737,1.737,0.597,0.6,0.0
7.28,1.737,1.737,0.597,0.6,0.0
7.3,1.738,1.738,0.597,0.6,0.0
7.32,1.738,1.738,0.597,0.6,0.0
7.34,1.739,1.739,0.597,0.6,0.0
7.36,1.739,1.739,0.597,0.6,0.0
7.38,1.74,1.74,0.597,0.6,0.0
7.4,1.74,1.74,0.597,0.6,0.0
7.42,1.741,1.741,0.597,0.6,0.0
7.44,1.741,1.741,0.597,0.6,0.0
7.46,1.741,1.741,0.597,0.6,0.0
7.48,1.741,1.741,0.597,0.6,0.0
7.5,1.742,1.742,0.597,0.6,0.0
7.52,1.742,1.742,0.597,0.6,0.0
7.54,1.742,1.742,0.597,0.6,0.0
7.56,1.742,1.742,0.597,0.6,0.0
7.58,1.745,1.745,0.595,0.6,0.0
7.6,1.745,1.745,0.595,0.6,0.0
7.62,1.745,1.745,0.595,0.6,0.0
7.64,1.744,1.744,0.595,0.6,0.0
7.66,1.744,1.744,0.595,0.6,0.0
7.68,1.744,1.744,0.595,0.6,0.0
7.7,1.744,1.744,0.595,0.6,0.0
7.72,1.744,1.744,0.595,0.6,0.0
7.74,1.744,1.744,0.595,0.6,0.0
7.76,1.744,1.744,0.595,0.6,0.0
7.78,1.744,1.744,0.595,0.6,0.0
7.8,1.744,1.744,0.595,0.6,0.0
7.82,1.741,1.741,0.597,0.6,0.0
7.84,1.742,1.742,0.597,0.6,0.0
7.86,1.742,1.742,0.597,0.6,0.0
7.88,1.743,1.743,0.597,0.6,0.0
7.9,1.743,1.743,0.597,0.6,0.0
7.92,1.741,1.741,0.599,0.6,0.0
7.94,1.741,1.741,0.599,0.6,0.0
7.96,1.742,1.742,0.599,0.6,0.0
7.98,1.742,1.742,0.599,0.6,0.0
8.0,1.741,1.741,0.6,0.6,0.0
8.02,1.742,1.742,0.6,0.6,0.0
8.04,1.742,1.742,0.6,0.6,0.0
8.06,1.743,1.743,0.6,0.6,0.0
8.08,1.743,1.743,0.6,0.6,0.0
8.1,1.744,1.744,0.6,0.6,0.0
8.12,1.744,1.744,0.6,0.6,0.0
8.14,1.745,1.745,0.6,0.6,0.0
8.16,1.745,1.745,0.6,0.6,0.0
8.18,1.745,1.745,0.6,0.6,0.0
8.2,1.745,1.745,0.6,0.6,0.0
8.22,1.746,1.746,0.6,0.6,0.0
8.24,1.746,1.746,0.6,0.6,0.0
8.26,1.746,1.746,0.6,0.6,0.0
8.28,1.746,1.746,0.6,0.6,0.0
8.3,1.746,1.746,0.6,0.6,0.0
8.32,1.746,1.746,0.6,0.6,0.0
8.34,1.746,1.746,0.6,0.6,0.0
8.36,1.746,1.746,0.6,0.6,0.0
8.38,1.746,1.746,0.6,0.6,0.0
8.4,1.747,1.747,0.6,0.6,0.0
8.42,1.747,1.747,0.6,0.6,0.0
8.44,1.747,1.747,0.6,0.6,0.0
8.46,1.747,1.747,0.6,0.6,0.0
8.48,1.743,1.743,0.602,0.6,0.0
8.5,1.744,1.744,0.602,0.6,0.0
8.52,1.744,1.744,0.602,0.6,0.0
8.54,1.745,1.745,0.602,0.6,0.0
8.56,1.745,1.745,0.602,0.6,0.0
8.58,1.745,1.745,0.602,0.6,0.0
8.6,1.745,1.745,0.602,0.6,0.0
8.62,1.743,1.743,0.604,0.6,0.0
8.64,1.743,1.743,0.604,0.6,0.0
8.66,1.744,1.744,0.604,0.6,0.0
8.68,1.744,1.744,0.604,0.6,0.0
8.7,1.745,1.745,0.604,0.6,0.0
8.72,1.745,1.745,0.604,0.6,0.0
8.74,1.745,1.745,0.604,0.6,0.0
8.76,1.746,1.746,0.604,0.6,0.0
8.78,1.746,1.746,0.604,0.6,0.0
8.8,1.746,1.746,0.604,0.6,0.0
8.82,1.746,1.746,0.604,0.6,0.0
8.84,1.746,1.746,0.604,0.6,0.0
8.86,1.743,1.743,0.606,0.6,0.0
8.88,1.744,1.744,0.606,0.6,0.0
8.9,1.744,1.744,0.606,0.6,0.0
8.92,1.745,1.745,0.606,0.6,0.0
8.94,1.745,1.745,0.606,0.6,0.0
8.96,1.745,1.745,0.606,0.6,0.0
8.98,1.745,1.745,0.606,0.6,0.0
9.0,1.745,1.745,0.606,0.6,0.0
9.02,1.745,1.745,0.606,0.6,0.0
9.04,1.745,1.745,0.606,0.6,0.0
9.06,1.745,1.745,0.606,0.6,0.0
9.08,1.745,1.745,0.606,0.6,0.0
9.1,1.745,1.745,0.606,0.6,0.0
9.12,1.745,1.745,0.606,0.6,0.0
9.14,1.745,1.745,0.606,0.6,0.0
9.16,1.745,1.745,0.606,0.6,0.0
9.18,1.745,1.745,0.606,0.6,0.0
9.2,1.748,1.748,0.604,0.6,0.0
9.22,1.747,1.747,0.604,0.6,0.0
9.24,1.747,1.747,0.604,0.6,0.0
9.26,1.747,1.747,0.604,0.6,0.0
9.28,1.746,1.746,0.604,0.6,0.0
9.3,1.746,1.746,0.604,0.6,0.0
9.32,1.746,1.746,0.604,0.6,0.0
9.34,1.745,1.745,0.604,0.6,0.0
9.36,1.745,1.745,0.604,0.6,0.0
9.38,1.745,1.745,0.604,0.6,0.0
9.4,1.745,1.745,0.604,0.6,0.0
9.42,1.744,1.744,0.604,0.6,0.0
9.44,1.744,1.744,0.604,0.6,0.0
9.46,1.744,1.744,0.604,0.6,0.0
9.48,1.747,1.747,0.602,0.6,0.0
9.5,1.746,1.746,0.602,0.6,0.0
9.52,1.745,1.745,0.602,0.6,0.0
9.54,1.745,1.745,0.602,0.6,0.0
9.56,1.745,1.745,0.602,0.6,0.0
9.58,1.744,1.744,0.602,0.6,0.0
9.6,1.744,1.744,0.602,0.6,0.0
9.62,1.744,1.744,0.602,0.6,0.0
9.64,1.743,1.743,0.602,0.6,0.0
9.66,1.747,1.747,0.6,0.6,0.0
9.68,1.746,1.746,0.6,0.6,0.0
9.7,1.745,1.745,0.6,0.6,0.0
9.72,1.745,1.745,0.6,0.6,0.0
9.74,1.744,1.744,0.6,0.6,0.0
9.76,1.744,1.744,0.6,0.6,0.0
9.78,1.745,1.745,0.599,0.6,0.0
9.8,1.745,1.745,0.599,0.6,0.0
9.82,1.744,1.744,0.599,0.6,0.0
9.84,1.744,1.744,0.599,0.6,0.0
9.86,1.743,1.743,0.599,0.6,0.0
9.88,1.743,1.743,0.599,0.6,0.0
9.9,1.745,1.745,0.597,0.6,0.0
9.92,1.745,1.745,0.597,0.6,0.0
9.94,1.744,1.744,0.597,0.6,0.0
9.96,1.744,1.744,0.597,0.6,0.0
9.98,1.746,1.746,0.595,0.6,0.0
10.0,1.745,1.745,0.595,0.6,0.0
10.02,1.744,1.744,0.595,0.6,0.0
10.04,1.944,1.744,0.595,0.6,0.2
10.06,1.943,1.743,0.595,0.6,0.2
10.08,1.943,1.743,0.595,0.6,0.2
10.1,1.943,1.743,0.595,0.6,0.2
10.12,1.942,1.742,0.595,0.6,0.2
10.14,1.942,1.742,0.595,0.6,0.2
10.16,1.939,1.739,0.597,0.6,0.2
10.18,1.937,1.737,0.599,0.6,0.2
10.2,1.932,1.732,0.602,0.6,0.2
10.22,1.931,1.731,0.604,0.6,0.2
10.24,1.927,1.727,0.607,0.6,0.2
10.26,1.924,1.724,0.611,0.6,0.2
10.28,1.921,1.721,0.614,0.6,0.2
10.3,1.916,1.716,0.62,0.6,0.2
10.32,1.915,1.715,0.623,0.6,0.2
10.34,1.911,1.711,0.628,0.6,0.2
10.36,1.907,1.707,0.634,0.6,0.2
10.38,1.905,1.705,0.639,0.6,0.2
10.4,1.902,1.702,0.644,0.6,0.2
10.42,1.898,1.698,0.651,0.6,0.2
10.44,1.897,1.697,0.656,0.6,0.2
10.46,1.895,1.695,0.661,0.6,0.2
10.48,1.895,1.695,0.667,0.6,0.2
10.5,1.891,1.691,0.674,0.6,0.2
10.52,1.891,1.691,0.679,0.6,0.2
10.54,1.891,1.691,0.684,0.6,0.2
10.56,1.89,1.69,0.689,0.6,0.2
10.58,1.89,1.69,0.695,0.6,0.2
10.6,1.893,1.693,0.698,0.6,0.2
10.62,1.892,1.692,0.703,0.6,0.2
10.64,1.894,1.694,0.707,0.6,0.2
10.66,1.895,1.695,0.71,0.6,0.2
10.68,1.896,1.696,0.714,0.6,0.2
10.7,1.897,1.697,0.717,0.6,0.2
10.72,1.898,1.698,0.721,0.6,0.2
10.74,1.9,1.7,0.723,0.6,0.2
10.76,1.903,1.703,0.724,0.6,0.2
10.78,1.904,1.704,0.726,0.6,0.2
10.8,1.908,1.708,0.726,0.6,0.2
10.82,1.908,1.708,0.728,0.6,0.2
10.84,1.911,1.711,0.728,0.6,0.2
10.86,1.913,1.713,0.728,0.6,0.2
10.88,1.916,1.716,0.726,0.6,0.2
10.9,1.917,1.717,0.726,0.6,0.2
10.92,1.919,1.719,0.724,0.6,0.2
10.94,1.921,1.721,0.723,0.6,0.2
10.96,1.922,1.722,0.721,0.6,0.2
10.98,1.922,1.722,0.719,0.6,0.2
11.0,1.922,1.722,0.717,0.6,0.2
11.02,1.925,1.725,0.714,0.6,0.2
11.04,1.923,1.723,0.712,0.6,0.2
11.06,1.924,1.724,0.709,0.6,0.2
11.08,1.925,1.725,0.705,0.6,0.2
11.1,1.925,1.725,0.702,0.6,0.2
11.12,1.924,1.724,0.698,0.6,0.2
11.14,1.923,1.723,0.695,0.6,0.2
11.16,1.925,1.725,0.689,0.6,0.2
11.18,1.923,1.723,0.686,0.6,0.2
11.2,1.921,1.721,0.682,0.6,0.2
11.22,1.918,1.718,0.679,0.6,0.2
11.24,1.919,1.719,0.674,0.6,0.2
11.26,1.916,1.716,0.67,0.6,0.2
11.28,1.913,1.713,0.667,0.6,0.2
11.3,1.91,1.71,0.663,0.6,0.2
11.32,1.91,1.71,0.658,0.6,0.2
11.34,1.906,1.706,0.654,0.6,0.2
11.36,1.903,1.703,0.651,0.6,0.2
11.38,1.9,1.7,0.648,0.6,0.2
11.4,1.894,1.694,0.646,0.6,0.2
11.42,1.891,1.691,0.642,0.6,0.2
11.44,1.889,1.689,0.639,0.6,0.2
11.46,1.884,1.684,0.637,0.6,0.2
11.48,1.882,1.682,0.634,0.6,0.2
11.5,1.877,1.677,0.632,0.6,0.2
11.52,1.872,1.672,0.63,0.6,0.2
11.54,1.868,1.668,0.628,0.6,0.2
11.56,1.865,1.665,0.627,0.6,0.2
11.58,1.861,1.661,0.625,0.6,0.2
11.6,1.858,1.658,0.623,0.6,0.2
11.62,1.855,1.655,0.621,0.6,0.2
11.64,1.85,1.65,0.621,0.6,0.2
11.66,1.848,1.648,0.62,0.6,0.2
11.68,1.843,1.643,0.62,0.6,0.2
11.7,1.839,1.639,0.62,0.6,0.2
11.72,1.835,1.635,0.62,0.6,0.2
11.74,1.835,1.635,0.618,0.6,0.2
11.76,1.831,1.631,0.618,0.6,0.2
11.78,1.828,1.628,0.618,0.6,0.2
11.8,1.823,1.623,0.62,0.6,0.2
11.82,1.821,1.621,0.62,0.6,0.2
11.84,1.819,1.619,0.62,0.6,0.2
11.86,1.817,1.617,0.62,0.6,0.2
11.88,1.816,1.616,0.62,0.6,0.2
11.9,1.814,1.614,0.62,0.6,0.2
11.92,1.81,1.61,0.621,0.6,0.2
11.94,1.81,1.61,0.621,0.6,0.2
11.96,1.809,1.609,0.621,0.6,0.2
11.98,1.808,1.608,0.621,0.6,0.2
12.0,1.805,1.605,0.623,0.6,0.2
12.02,1.804,1.604,0.623,0.6,0.2
12.04,1.804,1.604,0.623,0.6,0.2
12.06,1.804,1.604,0.623,0.6,0.2
12.08,1.801,1.601,0.625,0.6,0.2
12.1,1.801,1.601,0.625,0.6,0.2
12.12,1.801,1.601,0.625,0.6,0.2
12.14,1.8,1.6,0.625,0.6,0.2
12.16,1.8,1.6,0.625,0.6,0.2
12.18,1.8,1.6,0.625,0.6,0.2
12.2,1.8,1.6,0.625,0.6,0.2
12.22,1.799,1.599,0.625,0.6,0.2
12.24,1.799,1.599,0.625,0.6,0.2
12.26,1.801,1.601,0.623,0.6,0.2
12.28,1.8,1.6,0.623,0.6,0.2
12.3,1.799,1.599,0.623,0.6,0.2
12.32,1.801,1.601,0.621,0.6,0.2
12.34,1.8,1.6,0.621,0.6,0.2
12.36,1.799,1.599,0.621,0.6,0.2
12.38,1.801,1.601,0.62,0.6,0.2
12.4,1.799,1.599,0.62,0.6,0.2
12.42,1.801,1.601,0.618,0.6,0.2
12.44,1.802,1.602,0.616,0.6,0.2
12.46,1.8,1.6,0.616,0.6,0.2
12.48,1.801,1.601,0.614,0.6,0.2
12.5,1.799,1.599,0.614,0.6,0.2
12.52,1.8,1.6,0.613,0.6,0.2
12.54,1.798,1.598,0.613,0.6,0.2
12.56,1.799,1.599,0.611,0.6,0.2
12.58,1.8,1.6,0.609,0.6,0.2
12.6,1.798,1.598,0.609,0.6,0.2
12.62,1.798,1.598,0.607,0.6,0.2
12.64,1.796,1.596,0.607,0.6,0.2
12.66,1.797,1.597,0.606,0.6,0.2
12.68,1.795,1.595,0.606,0.6,0.2
12.7,1.796,1.596,0.604,0.6,0.2
12.72,1.794,1.594,0.604,0.6,0.2
12.74,1.795,1.595,0.602,0.6,0.2
12.76,1.793,1.593,0.602,0.6,0.2
12.78,1.794,1.594,0.6,0.6,0.2
12.8,1.792,1.592,0.6,0.6,0.2
12.82,1.791,1.591,0.6,0.6,0.2
12.84,1.789,1.589,0.6,0.6,0.2
12.86,1.789,1.589,0.599,0.6,0.2
12.88,1.788,1.588,0.599,0.6,0.2
12.9,1.787,1.587,0.599,0.6,0.2
12.92,1.785,1.585,0.599,0.6,0.2
12.94,1.784,1.584,0.599,0.6,0.2
12.96,1.784,1.584,0.599,0.6,0.2
12.98,1.783,1.583,0.599,0.6,0.2
13.0,1.782,1.582,0.599,0.6,0.2
13.02,1.781,1.581,0.599,0.6,0.2
13.04,1.779,1.579,0.6,0.6,0.2
13.06,1.779,1.579,0.6,0.6,0.2
13.08,1.779,1.579,0.6,0.6,0.2
13.1,1.779,1.579,0.6,0.6,0.2
13.12,1.775,1.575,0.602,0.6,0.2
13.14,1.776,1.576,0.602,0.6,0.2
13.16,1.776,1.576,0.602,0.6,0.2
13.18,1.774,1.574,0.604,0.6,0.2
13.2,1.774,1.574,0.604,0.6,0.2
13.22,1.775,1.575,0.604,0.6,0.2
13.24,1.773,1.573,0.606,0.6,0.2
13.26,1.773,1.573,0.606,0.6,0.2
13.28,1.774,1.574,0.606,0.6,0.2
13.3,1.775,1.575,0.606,0.6,0.2
13.32,1.775,1.575,0.606,0.6,0.2
13.34,1.773,1.573,0.607,0.6,0.2
13.36,1.774,1.574,0.607,0.6,0.2
13.38,1.774,1.574,0.607,0.6,0.2
13.4,1.775,1.575,0.607,0.6,0.2
13.42,1.775,1.575,0.607,0.6,0.2
13.44,1.776,1.576,0.607,0.6,0.2
13.46,1.776,1.576,0.607,0.6,0.2
13.48,1.779,1.579,0.606,0.6,0.2
13.5,1.779,1.579,0.606,0.6,0.2
13.52,1.778,1.578,0.606,0.6,0.2
13.54,1.778,1.578,0.606,0.6,0.2
13.56,1.778,1.578,0.606,0.6,0.2
13.58,1.781,1.581,0.604,0.6,0.2
13.6,1.78,1.58,0.604,0.6,0.2
13.62,1.779,1.579,0.604,0.6,0.2
13.64,1.779,1.579,0.604,0.6,0.2
13.66,1.781,1.581,0.602,0.6,0.2
13.68,1.78,1.58,0.602,0.6,0.2
13.7,1.78,1.58,0.602,0.6,0.2
13.72,1.779,1.579,0.602,0.6,0.2
13.74,1.779,1.579,0.602,0.6,0.2
13.76,1.782,1.582,0.6,0.6,0.2
13.78,1.781,1.581,0.6,0.6,0.2
13.8,1.78,1.58,0.6,0.6,0.2
13.82,1.779,1.579,0.6,0.6,0.2
13.84,1.779,1.579,0.6,0.6,0.2
13.86,1.778,1.578,0.6,0.6,0.2
13.88,1.778,1.578,0.6,0.6,0.2
13.9,1.777,1.577,0.6,0.6,0.2
13.92,1.777,1.577,0.6,0.6,0.2
13.94,1.773,1.573,0.602,0.6,0.2
13.96,1.773,1.573,0.602,0.6,0.2
13.98,1.773,1.573,0.602,0.6,0.2
14.0,1.773,1.573,0.602,0.6,0.2
14.02,1.774,1.574,0.602,0.6,0.2
14.04,1.774,1.574,0.602,0.6,0.2
14.06,1.771,1.571,0.604,0.6,0.2
14.08,1.771,1.571,0.604,0.6,0.2
14.1,1.772,1.572,0.604,0.6,0.2
14.12,1.772,1.572,0.604,0.6,0.2
14.14,1.772,1.572,0.604,0.6,0.2
14.16,1.773,1.573,0.604,0.6,0.2
14.18,1.773,1.573,0.604,0.6,0.2
14.2,1.773,1.573,0.604,0.6,0.2
14.22,1.773,1.573,0.604,0.6,0.2
14.24,1.773,1.573,0.604,0.6,0.2
14.26,1.773,1.573,0.604,0.6,0.2
14.28,1.776,1.576,0.602,0.6,0.2
14.3,1.776,1.576,0.602,0.6,0.2
14.32,1.775,1.575,0.602,0.6,0.2
14.34,1.775,1.575,0.602,0.6,0.2
14.36,1.778,1.578,0.6,0.6,0.2
14.38,1.778,1.578,0.6,0.6,0.2
14.4,1.777,1.577,0.6,0.6,0.2
14.42,1.776,1.576,0.6,0.6,0.2
14.44,1.778,1.578,0.599,0.6,0.2
14.46,1.777,1.577,0.599,0.6,0.2
14.48,1.776,1.576,0.599,0.6,0.2
14.5,1.779,1.579,0.597,0.6,0.2
14.52,1.778,1.578,0.597,0.6,0.2
14.54,1.777,1.577,0.597,0.6,0.2
14.56,1.776,1.576,0.597,0.6,0.2
14.58,1.778,1.578,0.595,0.6,0.2
14.6,1.777,1.577,0.595,0.6,0.2
14.62,1.777,1.577,0.595,0.6,0.2
14.64,1.776,1.576,0.595,0.6,0.2
14.66,1.775,1.575,0.595,0.6,0.2
14.68,1.775,1.575,0.595,0.6,0.2
14.7,1.775,1.575,0.595,0.6,0.2
14.72,1.774,1.574,0.595,0.6,0.2
14.74,1.774,1.574,0.595,0.6,0.2
14.76,1.774,1.574,0.595,0.6,0.2
14.78,1.773,1.573,0.595,0.6,0.2
14.8,1.773,1.573,0.595,0.6,0.2
14.82,1.773,1.573,0.595,0.6,0.2
14.84,1.77,1.57,0.597,0.6,0.2
14.86,1.771,1.571,0.597,0.6,0.2
14.88,1.771,1.571,0.597,0.6,0.2
14.9,1.771,1.571,0.597,0.6,0.2
14.92,1.772,1.572,0.597,0.6,0.2
14.94,1.775,1.575,0.595,0.6,0.2
14.96,1.774,1.574,0.595,0.6,0.2
14.98,1.774,1.574,0.595,0.6,0.2
15.0,1.774,1.574,0.595,0.6,0.2
15.02,1.774,1.574,0.595,0.6,0.2
15.04,1.774,1.574,0.595,0.6,0.2
15.06,1.774,1.574,0.595,0.6,0.2
15.08,1.774,1.574,0.595,0.6,0.2
15.1,1.774,1.574,0.595,0.6,0.2
15.12,1.777,1.577,0.593,0.6,0.2
15.14,1.776,1.576,0.593,0.6,0.2
15.16,1.776,1.576,0.593,0.6,0.2
15.18,1.776,1.576,0.593,0.6,0.2
15.2,1.776,1.576,0.593,0.6,0.2
15.22,1.775,1.575,0.593,0.6,0.2
15.24,1.778,1.578,0.592,0.6,0.2
15.26,1.777,1.577,0.592,0.6,0.2
15.28,1.777,1.577,0.592,0.6,0.2
15.3,1.777,1.577,0.592,0.6,0.2
15.32,1.776,1.576,0.592,0.6,0.2
15.34,1.776,1.576,0.592,0.6,0.2
15.36,1.776,1.576,0.592,0.6,0.2
15.38,1.776,1.576,0.592,0.6,0.2
15.4,1.776,1.576,0.592,0.6,0.2
15.42,1.776,1.576,0.592,0.6,0.2
15.44,1.776,1.576,0.592,0.6,0.2
15.46,1.773,1.573,0.593,0.6,0.2
15.48,1.774,1.574,0.593,0.6,0.2
15.5,1.774,1.574,0.593,0.6,0.2
15.52,1.775,1.575,0.593,0.6,0.2
15.54,1.775,1.575,0.593,0.6,0.2
15.56,1.773,1.573,0.595,0.6,0.2
15.58,1.773,1.573,0.595,0.6,0.2
15.6,1.774,1.574,0.595,0.6,0.2
15.62,1.775,1.575,0.595,0.6,0.2
15.64,1.775,1.575,0.595,0.6,0.2
15.66,1.776,1.576,0.595,0.6,0.2
15.68,1.773,1.573,0.597,0.6,0.2
15.7,1.774,1.574,0.597,0.6,0.2
15.72,1.775,1.575,0.597,0.6,0.2
15.74,1.775,1.575,0.597,0.6,0.2
15.76,1.776,1.576,0.597,0.6,0.2
15.78,1.776,1.576,0.597,0.6,0.2
15.8,1.777,1.577,0.597,0.6,0.2
15.82,1.777,1.577,0.597,0.6,0.2
15.84,1.778,1.578,0.597,0.6,0.2
15.86,1.778,1.578,0.597,0.6,0.2
15.88,1.778,1.578,0.597,0.6,0.2
15.9,1.779,1.579,0.597,0.6,0.2
15.92,1.779,1.579,0.597,0.6,0.2
15.94,1.779,1.579,0.597,0.6,0.2
15.96,1.779,1.579,0.597,0.6,0.2
15.98,1.78,1.58,0.597,0.6,0.2
16.0,1.78,1.58,0.597,0.6,0.2
16.02,1.78,1.58,0.597,0.6,0.2
16.04,1.78,1.58,0.597,0.6,0.2
16.06,1.78,1.58,0.597,0.6,0.2
16.08,1.78,1.58,0.597,0.6,0.2
16.1,1.778,1.578,0.599,0.6,0.2
16.12,1.778,1.578,0.599,0.6,0.2
16.14,1.779,1.579,0.599,0.6,0.2
16.16,1.779,1.579,0.599,0.6,0.2
16.18,1.78,1.58,0.599,0.6,0.2
16.2,1.778,1.578,0.6,0.6,0.2
16.22,1.779,1.579,0.6,0.6,0.2
16.24,1.779,1.579,0.6,0.6,0.2
16.26,1.776,1.576,0.602,0.6,0.2
16.28,1.777,1.577,0.602,0.6,0.2
16.3,1.778,1.578,0.602,0.6,0.2
16.32,1.776,1.576,0.604,0.6,0.2
16.34,1.777,1.577,0.604,0.6,0.2
16.36,1.778,1.578,0.604,0.6,0.2
16.38,1.778,1.578,0.604,0.6,0.2
16.4,1.776,1.576,0.606,0.6,0.2
16.42,1.777,1.577,0.606,0.6,0.2
16.44,1.778,1.578,0.606,0.6,0.2
16.46,1.779,1.579,0.606,0.6,0.2
16.48,1.777,1.577,0.607,0.6,0.2
16.5,1.778,1.578,0.607,0.6,0.2
16.52,1.778,1.578,0.607,0.6,0.2
16.54,1.779,1.579,0.607,0.6,0.2
16.56,1.779,1.579,0.607,0.6,0.2
16.58,1.777,1.577,0.609,0.6,0.2
16.6,1.778,1.578,0.609,0.6,0.2
16.62,1.779,1.579,0.609,0.6,0.2
16.64,1.779,1.579,0.609,0.6,0.2
16.66,1.78,1.58,0.609,0.6,0.2
16.68,1.78,1.58,0.609,0.6,0.2
16.7,1.78,1.58,0.609,0.6,0.2
16.72,1.781,1.581,0.609,0.6,0.2
16.74,1.781,1.581,0.609,0.6,0.2
16.76,1.781,1.581,0.609,0.6,0.2
16.78,1.781,1.581,0.609,0.6,0.2
16.8,1.781,1.581,0.609,0.6,0.2
16.82,1.781,1.581,0.609,0.6,0.2
16.84,1.784,1.584,0.607,0.6,0.2
16.86,1.783,1.583,0.607,0.6,0.2
16.88,1.783,1.583,0.607,0.6,0.2
16.9,1.782,1.582,0.607,0.6,0.2
16.92,1.782,1.582,0.607,0.6,0.2
16.94,1.784,1.584,0.606,0.6,0.2
16.96,1.784,1.584,0.606,0.6,0.2
16.98,1.783,1.583,0.606,0.6,0.2
17.0,1.782,1.582,0.606,0.6,0.2
17.02,1.785,1.585,0.604,0.6,0.2
17.04,1.784,1.584,0.604,0.6,0.2
17.06,1.783,1.583,0.604,0.6,0.2
17.08,1.782,1.582,0.604,0.6,0.2
17.1,1.784,1.584,0.602,0.6,0.2
17.12,1.783,1.583,0.602,0.6,0.2
17.14,1.782,1.582,0.602,0.6,0.2
17.16,1.785,1.585,0.6,0.6,0.2
17.18,1.784,1.584,0.6,0.6,0.2
17.2,1.783,1.583,0.6,0.6,0.2
17.22,1.782,1.582,0.6,0.6,0.2
17.24,1.783,1.583,0.599,0.6,0.2
17.26,1.782,1.582,0.599,0.6,0.2
17.28,1.781,1.581,0.599,0.6,0.2
17.3,1.78,1.58,0.599,0.6,0.2
17.32,1.78,1.58,0.599,0.6,0.2
17.34,1.782,1.582,0.597,0.6,0.2
17.36,1.781,1.581,0.597,0.6,0.2
17.38,1.78,1.58,0.597,0.6,0.2
17.4,1.78,1.58,0.597,0.6,0.2
17.42,1.779,1.579,0.597,0.6,0.2
17.44,1.778,1.578,0.597,0.6,0.2
17.46,1.778,1.578,0.597,0.6,0.2
17.48,1.778,1.578,0.597,0.6,0.2
17.5,1.777,1.577,0.597,0.6,0.2
17.52,1.777,1.577,0.597,0.6,0.2
17.54,1.777,1.577,0.597,0.6,0.2
17.56,1.777,1.577,0.597,0.6,0.2
17.58,1.776,1.576,0.597,0.6,0.2
17.6,1.776,1.576,0.597,0.6,0.2
17.62,1.776,1.576,0.597,0.6,0.2
17.64,1.776,1.576,0.597,0.6,0.2
17.66,1.776,1.576,0.597,0.6,0.2
17.68,1.776,1.576,0.597,0.6,0.2
17.7,1.776,1.576,0.597,0.6,0.2
17.72,1.773,1.573,0.599,0.6,0.2
17.74,1.774,1.574,0.599,0.6,0.2
17.76,1.774,1.574,0.599,0.6,0.2
17.78,1.774,1.574,0.599,0.6,0.2
17.8,1.775,1.575,0.599,0.6,0.2
17.82,1.775,1.575,0.599,0.6,0.2
17.84,1.775,1.575,0.599,0.6,0.2
17.86,1.774,1.574,0.6,0.6,0.2
17.88,1.774,1.574,0.6,0.6,0.2
17.9,1.774,1.574,0.6,0.6,0.2
17.92,1.775,1.575,0.6,0.6,0.2
17.94,1.777,1.577,0.599,0.6,0.2
17.96,1.777,1.577,0.599,0.6,0.2
17.98,1.777,1.577,0.599,0.6,0.2
18.0,1.777,1.577,0.599,0.6,0.2
18.02,1.777,1.577,0.599,0.6,0.2
18.04,1.777,1.577,0.599,0.6,0.2
18.06,1.78,1.58,0.597,0.6,0.2
18.08,1.779,1.579,0.597,0.6,0.2
18.1,1.779,1.579,0.597,0.6,0.2
18.12,1.779,1.579,0.597,0.6,0.2
18.14,1.778,1.578,0.597,0.6,0.2
18.16,1.781,1.581,0.595,0.6,0.2
18.18,1.78,1.58,0.595,0.6,0.2
18.2,1.78,1.58,0.595,0.6,0.2
18.22,1.779,1.579,0.595,0.6,0.2
18.24,1.779,1.579,0.595,0.6,0.2
18.26,1.779,1.579,0.595,0.6,0.2
18.28,1.779,1.579,0.595,0.6,0.2
18.3,1.778,1.578,0.595,0.6,0.2
18.32,1.778,1.578,0.595,0.6,0.2
18.34,1.778,1.578,0.595,0.6,0.2
18.36,1.778,1.578,0.595,0.6,0.2
18.38,1.778,1.578,0.595,0.6,0.2
18.4,1.778,1.578,0.595,0.6,0.2
18.42,1.778,1.578,0.595,0.6,0.2
18.44,1.778,1.578,0.595,0.6,0.2
18.46,1.778,1.578,0.595,0.6,0.2
18.48,1.778,1.578,0.595,0.6,0.2
18.5,1.778,1.578,0.595,0.6,0.2
18.52,1.778,1.578,0.595,0.6,0.2
18.54,1.778,1.578,0.595,0.6,0.2
18.56,1.776,1.576,0.597,0.6,0.2
18.58,1.776,1.576,0.597,0.6,0.2
18.6,1.776,1.576,0.597,0.6,0.2
18.62,1.777,1.577,0.597,0.6,0.2
18.64,1.777,1.577,0.597,0.6,0.2
18.66,1.775,1.575,0.599,0.6,0.2
18.68,1.775,1.575,0.599,0.6,0.2
18.7,1.776,1.576,0.599,0.6,0.2
18.72,1.777,1.577,0.599,0.6,0.2
18.74,1.777,1.577,0.599,0.6,0.2
18.76,1.776,1.576,0.6,0.6,0.2
18.78,1.776,1.576,0.6,0.6,0.2
18.8,1.777,1.577,0.6,0.6,0.2
18.82,1.777,1.577,0.6,0.6,0.2
18.84,1.778,1.578,0.6,0.6,0.2
18.86,1.778,1.578,0.6,0.6,0.2
18.88,1.779,1.579,0.6,0.6,0.2
18.9,1.779,1.579,0.6,0.6,0.2
18.92,1.779,1.579,0.6,0.6,0.2
18.94,1.78,1.58,0.6,0.6,0.2
18.96,1.78,1.58,0.6,0.6,0.2
18.98,1.776,1.576,0.602,0.6,0.2
19.0,1.777,1.577,0.602,0.6,0.2
19.02,1.778,1.578,0.602,0.6,0.2
19.04,1.778,1.578,0.602,0.6,0.2
19.06,1.779,1.579,0.602,0.6,0.2
19.08,1.779,1.579,0.602,0.6,0.2
19.1,1.779,1.579,0.602,0.6,0.2
19.12,1.779,1.579,0.602,0.6,0.2
19.14,1.78,1.58,0.602,0.6,0.2
19.16,1.78,1.58,0.602,0.6,0.2
19.18,1.78,1.58,0.602,0.6,0.2
19.2,1.784,1.584,0.6,0.6,0.2
19.22,1.783,1.583,0.6,0.6,0.2
19.24,1.783,1.583,0.6,0.6,0.2
19.26,1.783,1.583,0.6,0.6,0.2
19.28,1.782,1.582,0.6,0.6,0.2
19.3,1.782,1.582,0.6,0.6,0.2
19.32,1.782,1.582,0.6,0.6,0.2
19.34,1.782,1.582,0.6,0.6,0.2
19.36,1.782,1.582,0.6,0.6,0.2
19.38,1.782,1.582,0.6,0.6,0.2
19.4,1.781,1.581,0.6,0.6,0.2
19.42,1.781,1.581,0.6,0.6,0.2
19.44,1.781,1.581,0.6,0.6,0.2
19.46,1.781,1.581,0.6,0.6,0.2
19.48,1.781,1.581,0.6,0.6,0.2
19.5,1.781,1.581,0.6,0.6,0.2
19.52,1.781,1.581,0.6,0.6,0.2
19.54,1.781,1.581,0.6,0.6,0.2
19.56,1.783,1.583,0.599,0.6,0.2
19.58,1.782,1.582,0.599,0.6,0.2
19.6,1.782,1.582,0.599,0.6,0.2
19.62,1.782,1.582,0.599,0.6,0.2
19.64,1.782,1.582,0.599,0.6,0.2
19.66,1.781,1.581,0.599,0.6,0.2
19.68,1.781,1.581,0.599,0.6,0.2
19.7,1.781,1.581,0.599,0.6,0.2
19.72,1.781,1.581,0.599,0.6,0.2
19.74,1.781,1.581,0.599,0.6,0.2
19.76,1.781,1.581,0.599,0.6,0.2
19.78,1.781,1.581,0.599,0.6,0.2
19.8,1.781,1.581,0.599,0.6,0.2
19.82,1.781,1.581,0.599,0.6,0.2
19.84,1.781,1.581,0.599,0.6,0.2
19.86,1.781,1.581,0.599,0.6,0.2
19.88,1.781,1.581,0.599,0.6,0.2
19.9,1.781,1.581,0.599,0.6,0.2
19.92,1.781,1.581,0.599,0.6,0.2
19.94,1.781,1.581,0.599,0.6,0.2
19.96,1.781,1.581,0.599,0.6,0.2
19.98,1.781,1.581,0.599,0.6,0.2
20.0,1.781,1.581,0.599,0.6,0.2
20.02,1.581,1.581,0.599,0.6,0.0
20.04,1.581,1.581,0.599,0.6,0.0
20.06,1.581,1.581,0.599,0.6,0.0
20.08,1.583,1.583,0.597,0.6,0.0
20.1,1.583,1.583,0.597,0.6,0.0
20.12,1.583,1.583,0.597,0.6,0.0
20.14,1.585,1.585,0.595,0.6,0.0
20.16,1.584,1.584,0.595,0.6,0.0
20.18,1.587,1.587,0.593,0.6,0.0
20.2,1.588,1.588,0.592,0.6,0.0
20.22,1.593,1.593,0.588,0.6,0.0
20.24,1.594,1.594,0.586,0.6,0.0
20.26,1.597,1.597,0.583,0.6,0.0
20.28,1.6,1.6,0.579,0.6,0.0
20.3,1.603,1.603,0.576,0.6,0.0
20.32,1.605,1.605,0.572,0.6,0.0
20.34,1.609,1.609,0.567,0.6,0.0
20.36,1.61,1.61,0.564,0.6,0.0
20.38,1.614,1.614,0.559,0.6,0.0
20.4,1.617,1.617,0.553,0.6,0.0
20.42,1.62,1.62,0.548,0.6,0.0
20.44,1.622,1.622,0.543,0.6,0.0
20.46,1.624,1.624,0.538,0.6,0.0
20.48,1.625,1.625,0.532,0.6,0.0
20.5,1.627,1.627,0.527,0.6,0.0
20.52,1.628,1.628,0.522,0.6,0.0
20.54,1.627,1.627,0.518,0.6,0.0
20.56,1.628,1.628,0.513,0.6,0.0
20.58,1.629,1.629,0.508,0.6,0.0
20.6,1.63,1.63,0.503,0.6,0.0
20.62,1.629,1.629,0.499,0.6,0.0
20.64,1.628,1.628,0.496,0.6,0.0
20.66,1.629,1.629,0.49,0.6,0.0
20.68,1.629,1.629,0.487,0.6,0.0
20.7,1.625,1.625,0.485,0.6,0.0
20.72,1.625,1.625,0.482,0.6,0.0
20.74,1.623,1.623,0.48,0.6,0.0
20.76,1.621,1.621,0.478,0.6,0.0
20.78,1.62,1.62,0.476,0.6,0.0
20.8,1.619,1.619,0.475,0.6,0.0
20.82,1.618,1.618,0.473,0.6,0.0
20.84,1.616,1.616,0.473,0.6,0.0
20.86,1.614,1.614,0.473,0.6,0.0
20.88,1.612,1.612,0.473,0.6,0.0
20.9,1.609,1.609,0.475,0.6,0.0
20.92,1.607,1.607,0.476,0.6,0.0
20.94,1.605,1.605,0.478,0.6,0.0
20.96,1.604,1.604,0.48,0.6,0.0
20.98,1.603,1.603,0.482,0.6,0.0
21.0,1.601,1.601,0.485,0.6,0.0
21.02,1.601,1.601,0.487,0.6,0.0
21.04,1.6,1.6,0.49,0.6,0.0
21.06,1.599,1.599,0.494,0.6,0.0
21.08,1.599,1.599,0.497,0.6,0.0
21.1,1.599,1.599,0.501,0.6,0.0
21.12,1.6,1.6,0.504,0.6,0.0
21.14,1.598,1.598,0.51,0.6,0.0
21.16,1.6,1.6,0.513,0.6,0.0
21.18,1.602,1.602,0.517,0.6,0.0
21.2,1.602,1.602,0.522,0.6,0.0
21.22,1.604,1.604,0.525,0.6,0.0
21.24,1.607,1.607,0.529,0.6,0.0
21.26,1.607,1.607,0.534,0.6,0.0
21.28,1.611,1.611,0.538,0.6,0.0
21.3,1.614,1.614,0.541,0.6,0.0
21.32,1.617,1.617,0.545,0.6,0.0
21.34,1.62,1.62,0.548,0.6,0.0
21.36,1.623,1.623,0.552,0.6,0.0
21.38,1.626,1.626,0.555,0.6,0.0
21.4,1.629,1.629,0.559,0.6,0.0
21.42,1.632,1.632,0.562,0.6,0.0
21.44,1.637,1.637,0.564,0.6,0.0
21.46,1.639,1.639,0.567,0.6,0.0
21.48,1.644,1.644,0.569,0.6,0.0
21.5,1.649,1.649,0.571,0.6,0.0
21.52,1.653,1.653,0.572,0.6,0.0
21.54,1.657,1.657,0.574,0.6,0.0
21.56,1.66,1.66,0.576,0.6,0.0
21.58,1.664,1.664,0.578,0.6,0.0
21.6,1.669,1.669,0.578,0.6,0.0
21.62,1.674,1.674,0.578,0.6,0.0
21.64,1.676,1.676,0.579,0.6,0.0
21.66,1.681,1.681,0.579,0.6,0.0
21.68,1.684,1.684,0.579,0.6,0.0
21.7,1.688,1.688,0.579,0.6,0.0
21.72,1.691,1.691,0.579,0.6,0.0
21.74,1.697,1.697,0.578,0.6,0.0
21.76,1.699,1.699,0.578,0.6,0.0
21.78,1.703,1.703,0.576,0.6,0.0
21.8,1.705,1.705,0.576,0.6,0.0
21.82,1.709,1.709,0.574,0.6,0.0
21.84,1.71,1.71,0.574,0.6,0.0
21.86,1.713,1.713,0.572,0.6,0.0
21.88,1.716,1.716,0.571,0.6,0.0
21.9,1.716,1.716,0.571,0.6,0.0
21.92,1.719,1.719,0.569,0.6,0.0
21.94,1.721,1.721,0.567,0.6,0.0
21.96,1.724,1.724,0.565,0.6,0.0
21.98,1.723,1.723,0.565,0.6,0.0
22.0,1.725,1.725,0.564,0.6,0.0
22.02,1.727,1.727,0.562,0.6,0.0
22.04,1.726,1.726,0.562,0.6,0.0
22.06,1.728,1.728,0.56,0.6,0.0
22.08,1.73,1.73,0.559,0.6,0.0
22.1,1.729,1.729,0.559,0.6,0.0
22.12,1.731,1.731,0.557,0.6,0.0
22.14,1.73,1.73,0.557,0.6,0.0
22.16,1.729,1.729,0.557,0.6,0.0
22.18,1.731,1.731,0.555,0.6,0.0
22.2,1.73,1.73,0.555,0.6,0.0
22.22,1.73,1.73,0.555,0.6,0.0
22.24,1.73,1.73,0.555,0.6,0.0
22.26,1.73,1.73,0.555,0.6,0.0
22.28,1.73,1.73,0.555,0.6,0.0
22.3,1.73,1.73,0.555,0.6,0.0
22.32,1.728,1.728,0.557,0.6,0.0
22.34,1.728,1.728,0.557,0.6,0.0
22.36,1.729,1.729,0.557,0.6,0.0
22.38,1.727,1.727,0.559,0.6,0.0
22.4,1.729,1.729,0.559,0.6,0.0
22.42,1.727,1.727,0.56,0.6,0.0
22.44,1.729,1.729,0.56,0.6,0.0
22.46,1.728,1.728,0.562,0.6,0.0
22.48,1.727,1.727,0.564,0.6,0.0
22.5,1.729,1.729,0.564,0.6,0.0
22.52,1.729,1.729,0.565,0.6,0.0
22.54,1.728,1.728,0.567,0.6,0.0
22.56,1.728,1.728,0.569,0.6,0.0
22.58,1.731,1.731,0.569,0.6,0.0
22.6,1.731,1.731,0.571,0.6,0.0
22.62,1.731,1.731,0.572,0.6,0.0
22.64,1.731,1.731,0.574,0.6,0.0
22.66,1.731,1.731,0.576,0.6,0.0
22.68,1.732,1.732,0.578,0.6,0.0
22.7,1.735,1.735,0.578,0.6,0.0
22.72,1.735,1.735,0.579,0.6,0.0
22.74,1.735,1.735,0.581,0.6,0.0
22.76,1.736,1.736,0.583,0.6,0.0
22.78,1.739,1.739,0.583,0.6,0.0
22.8,1.739,1.739,0.585,0.6,0.0
22.82,1.739,1.739,0.586,0.6,0.0
22.84,1.742,1.742,0.586,0.6,0.0
22.86,1.742,1.742,0.588,0.6,0.0
22.88,1.745,1.745,0.588,0.6,0.0
22.9,1.748,1.748,0.588,0.6,0.0
22.92,1.747,1.747,0.59,0.6,0.0
22.94,1.75,1.75,0.59,0.6,0.0
22.96,1.749,1.749,0.592,0.6,0.0
22.98,1.752,1.752,0.592,0.6,0.0
23.0,1.754,1.754,0.592,0.6,0.0
23.02,1.755,1.755,0.592,0.6,0.0
23.04,1.757,1.757,0.592,0.6,0.0
23.06,1.756,1.756,0.593,0.6,0.0
23.08,1.758,1.758,0.593,0.6,0.0
23.1,1.759,1.759,0.593,0.6,0.0
23.12,1.76,1.76,0.593,0.6,0.0
23.14,1.762,1.762,0.593,0.6,0.0
23.16,1.763,1.763,0.593,0.6,0.0
23.18,1.764,1.764,0.593,0.6,0.0
23.2,1.765,1.765,0.593,0.6,0.0
23.22,1.765,1.765,0.593,0.6,0.0
23.24,1.766,1.766,0.593,0.6,0.0
23.26,1.767,1.767,0.593,0.6,0.0
23.28,1.767,1.767,0.593,0.6,0.0
23.3,1.768,1.768,0.593,0.6,0.0
23.32,1.771,1.771,0.592,0.6,0.0
23.34,1.771,1.771,0.592,0.6,0.0
23.36,1.771,1.771,0.592,0.6,0.0
23.38,1.771,1.771,0.592,0.6,0.0
23.4,1.771,1.771,0.592,0.6,0.0
23.42,1.771,1.771,0.592,0.6,0.0
23.44,1.774,1.774,0.59,0.6,0.0
23.46,1.774,1.774,0.59,0.6,0.0
23.48,1.774,1.774,0.59,0.6,0.0
23.5,1.774,1.774,0.59,0.6,0.0
23.52,1.774,1.774,0.59,0.6,0.0
23.54,1.774,1.774,0.59,0.6,0.0
23.56,1.773,1.773,0.59,0.6,0.0
23.58,1.776,1.776,0.588,0.6,0.0
23.6,1.776,1.776,0.588,0.6,0.0
23.62,1.776,1.776,0.588,0.6,0.0
23.64,1.775,1.775,0.588,0.6,0.0
23.66,1.775,1.775,0.588,0.6,0.0
23.68,1.775,1.775,0.588,0.6,0.0
23.7,1.775,1.775,0.588,0.6,0.0
23.72,1.775,1.775,0.588,0.6,0.0
23.74,1.775,1.775,0.588,0.6,0.0
23.76,1.775,1.775,0.588,0.6,0.0
23.78,1.775,1.775,0.588,0.6,0.0
23.8,1.776,1.776,0.588,0.6,0.0
23.82,1.776,1.776,0.588,0.6,0.0
23.84,1.776,1.776,0.588,0.6,0.0
23.86,1.773,1.773,0.59,0.6,0.0
23.88,1.774,1.774,0.59,0.6,0.0
23.9,1.774,1.774,0.59,0.6,0.0
23.92,1.775,1.775,0.59,0.6,0.0
23.94,1.776,1.776,0.59,0.6,0.0
23.96,1.776,1.776,0.59,0.6,0.0
23.98,1.776,1.776,0.59,0.6,0.0
24.0,1.777,1.777,0.59,0.6,0.0
24.02,1.775,1.775,0.592,0.6,0.0
24.04,1.775,1.775,0.592,0.6,0.0
24.06,1.776,1.776,0.592,0.6,0.0
24.08,1.777,1.777,0.592,0.6,0.0
24.1,1.777,1.777,0.592,0.6,0.0
24.12,1.775,1.775,0.593,0.6,0.0
24.14,1.776,1.776,0.593,0.6,0.0
24.16,1.777,1.777,0.593,0.6,0.0
24.18,1.775,1.775,0.595,0.6,0.0
24.2,1.776,1.776,0.595,0.6,0.0
24.22,1.777,1.777,0.595,0.6,0.0
24.24,1.778,1.778,0.595,0.6,0.0
24.26,1.776,1.776,0.597,0.6,0.0
24.28,1.777,1.777,0.597,0.6,0.0
24.3,1.775,1.775,0.599,0.6,0.0
24.32,1.777,1.777,0.599,0.6,0.0
24.34,1.778,1.778,0.599,0.6,0.0
24.36,1.777,1.777,0.6,0.6,0.0
24.38,1.778,1.778,0.6,0.6,0.0
24.4,1.779,1.779,0.6,0.6,0.0
24.42,1.776,1.776,0.602,0.6,0.0
24.44,1.778,1.778,0.602,0.6,0.0
24.46,1.776,1.776,0.604,0.6,0.0
24.48,1.777,1.777,0.604,0.6,0.0
24.5,1.779,1.779,0.604,0.6,0.0
24.52,1.777,1.777,0.606,0.6,0.0
24.54,1.778,1.778,0.606,0.6,0.0
24.56,1.779,1.779,0.606,0.6,0.0
24.58,1.778,1.778,0.607,0.6,0.0
24.6,1.779,1.779,0.607,0.6,0.0
24.62,1.78,1.78,0.607,0.6,0.0
24.64,1.778,1.778,0.609,0.6,0.0
24.66,1.779,1.779,0.609,0.6,0.0
24.68,1.78,1.78,0.609,0.6,0.0
24.7,1.781,1.781,0.609,0.6,0.0
24.72,1.779,1.779,0.611,0.6,0.0
24.74,1.78,1.78,0.611,0.6,0.0
24.76,1.781,1.781,0.611,0.6,0.0
24.78,1.782,1.782,0.611,0.6,0.0
24.8,1.782,1.782,0.611,0.6,0.0
24.82,1.78,1.78,0.613,0.6,0.0
24.84,1.781,1.781,0.613,0.6,0.0
24.86,1.782,1.782,0.613,0.6,0.0
24.88,1.782,1.782,0.613,0.6,0.0
24.9,1.782,1.782,0.613,0.6,0.0
24.92,1.783,1.783,0.613,0.6,0.0
24.94,1.783,1.783,0.613,0.6,0.0
24.96,1.783,1.783,0.613,0.6,0.0
24.98,1.783,1.783,0.613,0.6,0.0
25.0,1.783,1.783,0.613,0.6,0.0
25.02,1.783,1.783,0.613,0.6,0.0
25.04,1.786,1.786,0.611,0.6,0.0
25.06,1.786,1.786,0.611,0.6,0.0
25.08,1.785,1.785,0.611,0.6,0.0
25.1,1.785,1.785,0.611,0.6,0.0
25.12,1.784,1.784,0.611,0.6,0.0
25.14,1.787,1.787,0.609,0.6,0.0
25.16,1.786,1.786,0.609,0.6,0.0
25.18,1.785,1.785,0.609,0.6,0.0
25.2,1.784,1.784,0.609,0.6,0.0
25.22,1.787,1.787,0.607,0.6,0.0
25.24,1.786,1.786,0.607,0.6,0.0
25.26,1.785,1.785,0.607,0.6,0.0
25.28,1.784,1.784,0.607,0.6,0.0
25.3,1.786,1.786,0.606,0.6,0.0
25.32,1.785,1.785,0.606,0.6,0.0
25.34,1.784,1.784,0.606,0.6,0.0
25.36,1.786,1.786,0.604,0.6,0.0
25.38,1.785,1.785,0.604,0.6,0.0
25.4,1.784,1.784,0.604,0.6,0.0
25.42,1.783,1.783,0.604,0.6,0.0
25.44,1.782,1.782,0.604,0.6,0.0
25.46,1.784,1.784,0.602,0.6,0.0
25.48,1.783,1.783,0.602,0.6,0.0
25.5,1.782,1.782,0.602,0.6,0.0
25.52,1.781,1.781,0.602,0.6,0.0
25.54,1.78,1.78,0.602,0.6,0.0
25.56,1.78,1.78,0.602,0.6,0.0
25.58,1.779,1.779,0.602,0.6,0.0
25.6,1.779,1.779,0.602,0.6,0.0
25.62,1.778,1.778,0.602,0.6,0.0
25.64,1.778,1.778,0.602,0.6,0.0
25.66,1.777,1.777,0.602,0.6,0.0
25.68,1.777,1.777,0.602,0.6,0.0
25.7,1.777,1.777,0.602,0.6,0.0
25.72,1.777,1.777,0.602,0.6,0.0
25.74,1.776,1.776,0.602,0.6,0.0
25.76,1.776,1.776,0.602,0.6,0.0
25.78,1.776,1.776,0.602,0.6,0.0
25.8,1.776,1.776,0.602,0.6,0.0
25.82,1.776,1.776,0.602,0.6,0.0
25.84,1.773,1.773,0.604,0.6,0.0
25.86,1.773,1.773,0.604,0.6,0.0
25.88,1.773,1.773,0.604,0.6,0.0
25.9,1.773,1.773,0.604,0.6,0.0
25.92,1.773,1.773,0.604,0.6,0.0
25.94,1.774,1.774,0.604,0.6,0.0
25.96,1.774,1.774,0.604,0.6,0.0
25.98,1.774,1.774,0.604,0.6,0.0
26.0,1.774,1.774,0.604,0.6,0.0
26.02,1.774,1.774,0.604,0.6,0.0
26.04,1.774,1.774,0.604,0.6,0.0
26.06,1.774,1.774,0.604,0.6,0.0
26.08,1.774,1.774,0.604,0.6,0.0
26.1,1.776,1.776,0.602,0.6,0.0
26.12,1.776,1.776,0.602,0.6,0.0
26.14,1.776,1.776,0.602,0.6,0.0
26.16,1.775,1.775,0.602,0.6,0.0
26.18,1.779,1.779,0.6,0.6,0.0
26.2,1.778,1.778,0.6,0.6,0.0
26.22,1.777,1.777,0.6,0.6,0.0
26.24,1.776,1.776,0.6,0.6,0.0
26.26,1.778,1.778,0.599,0.6,0.0
26.28,1.777,1.777,0.599,0.6,0.0
26.3,1.776,1.776,0.599,0.6,0.0
26.32,1.776,1.776,0.599,0.6,0.0
26.34,1.778,1.778,0.597,0.6,0.0
26.36,1.777,1.777,0.597,0.6,0.0
26.38,1.776,1.776,0.597,0.6,0.0
26.4,1.776,1.776,0.597,0.6,0.0
26.42,1.775,1.775,0.597,0.6,0.0
26.44,1.775,1.775,0.597,0.6,0.0
26.46,1.774,1.774,0.597,0.6,0.0
26.48,1.774,1.774,0.597,0.6,0.0
26.5,1.774,1.774,0.597,0.6,0.0
26.52,1.773,1.773,0.597,0.6,0.0
26.54,1.773,1.773,0.597,0.6,0.0
26.56,1.773,1.773,0.597,0.6,0.0
26.58,1.773,1.773,0.597,0.6,0.0
26.6,1.773,1.773,0.597,0.6,0.0
26.62,1.773,1.773,0.597,0.6,0.0
26.64,1.773,1.773,0.597,0.6,0.0
26.66,1.773,1.773,0.597,0.6,0.0
26.68,1.773,1.773,0.597,0.6,0.0
26.7,1.773,1.773,0.597,0.6,0.0
26.72,1.773,1.773,0.597,0.6,0.0
26.74,1.773,1.773,0.597,0.6,0.0
26.76,1.773,1.773,0.597,0.6,0.0
26.78,1.773,1.773,0.597,0.6,0.0
26.8,1.773,1.773,0.597,0.6,0.0
26.82,1.773,1.773,0.597,0.6,0.0
26.84,1.775,1.775,0.595,0.6,0.0
26.86,1.775,1.775,0.595,0.6,0.0
26.88,1.775,1.775,0.595,0.6,0.0
26.9,1.775,1.775,0.595,0.6,0.0
26.92,1.774,1.774,0.595,0.6,0.0
26.94,1.774,1.774,0.595,0.6,0.0
26.96,1.774,1.774,0.595,0.6,0.0
26.98,1.774,1.774,0.595,0.6,0.0
27.0,1.774,1.774,0.595,0.6,0.0
27.02,1.777,1.777,0.593,0.6,0.0
27.04,1.776,1.776,0.593,0.6,0.0
27.06,1.776,1.776,0.593,0.6,0.0
27.08,1.775,1.775,0.593,0.6,0.0
27.1,1.775,1.775,0.593,0.6,0.0
27.12,1.775,1.775,0.593,0.6,0.0
27.14,1.775,1.775,0.593,0.6,0.0
27.16,1.775,1.775,0.593,0.6,0.0
27.18,1.775,1.775,0.593,0.6,0.0
27.2,1.777,1.777,0.592,0.6,0.0
27.22,1.777,1.777,0.592,0.6,0.0
27.24,1.777,1.777,0.592,0.6,0.0
27.26,1.776,1.776,0.592,0.6,0.0
27.28,1.776,1.776,0.592,0.6,0.0
27.3,1.776,1.776,0.592,0.6,0.0
27.32,1.773,1.773,0.593,0.6,0.0
27.34,1.774,1.774,0.593,0.6,0.0
27.36,1.774,1.774,0.593,0.6,0.0
27.38,1.774,1.774,0.593,0.6,0.0
27.4,1.774,1.774,0.593,0.6,0.0
27.42,1.775,1.775,0.593,0.6,0.0
27.44,1.772,1.772,0.595,0.6,0.0
27.46,1.773,1.773,0.595,0.6,0.0
27.48,1.774,1.774,0.595,0.6,0.0
27.5,1.774,1.774,0.595,0.6,0.0
27.52,1.772,1.772,0.597,0.6,0.0
27.54,1.773,1.773,0.597,0.6,0.0
27.56,1.773,1.773,0.597,0.6,0.0
27.58,1.774,1.774,0.597,0.6,0.0
27.6,1.775,1.775,0.597,0.6,0.0
27.62,1.772,1.772,0.599,0.6,0.0
27.64,1.773,1.773,0.599,0.6,0.0
27.66,1.774,1.774,0.599,0.6,0.0
27.68,1.775,1.775,0.599,0.6,0.0
27.7,1.775,1.775,0.599,0.6,0.0
27.72,1.776,1.776,0.599,0.6,0.0
27.74,1.776,1.776,0.599,0.6,0.0
27.76,1.777,1.777,0.599,0.6,0.0
27.78,1.777,1.777,0.599,0.6,0.0
27.8,1.776,1.776,0.6,0.6,0.0
27.82,1.776,1.776,0.6,0.6,0.0
27.84,1.777,1.777,0.6,0.6,0.0
27.86,1.777,1.777,0.6,0.6,0.0
27.88,1.778,1.778,0.6,0.6,0.0
27.9,1.778,1.778,0.6,0.6,0.0
27.92,1.778,1.778,0.6,0.6,0.0
27.94,1.779,1.779,0.6,0.6,0.0
27.96,1.779,1.779,0.6,0.6,0.0
27.98,1.779,1.779,0.6,0.6,0.0
28.0,1.779,1.779,0.6,0.6,0.0
28.02,1.779,1.779,0.6,0.6,0.0
28.04,1.776,1.776,0.602,0.6,0.0
28.06,1.777,1.777,0.602,0.6,0.0
28.08,1.777,1.777,0.602,0.6,0.0
28.1,1.778,1.778,0.602,0.6,0.0
28.12,1.778,1.778,0.602,0.6,0.0
28.14,1.778,1.778,0.602,0.6,0.0
28.16,1.776,1.776,0.604,0.6,0.0
28.18,1.777,1.777,0.604,0.6,0.0
28.2,1.777,1.777,0.604,0.6,0.0
28.22,1.778,1.778,0.604,0.6,0.0
28.24,1.778,1.778,0.604,0.6,0.0
28.26,1.776,1.776,0.606,0.6,0.0
28.28,1.776,1.776,0.606,0.6,0.0
28.3,1.777,1.777,0.606,0.6,0.0
28.32,1.778,1.778,0.606,0.6,0.0
28.34,1.778,1.778,0.606,0.6,0.0
28.36,1.776,1.776,0.607,0.6,0.0
28.38,1.776,1.776,0.607,0.6,0.0
28.4,1.777,1.777,0.607,0.6,0.0
28.42,1.777,1.777,0.607,0.6,0.0
28.44,1.778,1.778,0.607,0.6,0.0
28.46,1.778,1.778,0.607,0.6,0.0
28.48,1.778,1.778,0.607,0.6,0.0
28.5,1.779,1.779,0.607,0.6,0.0
28.52,1.776,1.776,0.609,0.6,0.0
28.54,1.777,1.777,0.609,0.6,0.0
28.56,1.777,1.777,0.609,0.6,0.0
28.58,1.777,1.777,0.609,0.6,0.0
28.6,1.778,1.778,0.609,0.6,0.0
28.62,1.778,1.778,0.609,0.6,0.0
28.64,1.778,1.778,0.609,0.6,0.0
28.66,1.778,1.778,0.609,0.6,0.0
28.68,1.778,1.778,0.609,0.6,0.0
28.7,1.778,1.778,0.609,0.6,0.0
28.72,1.781,1.781,0.607,0.6,0.0
28.74,1.78,1.78,0.607,0.6,0.0
28.76,1.78,1.78,0.607,0.6,0.0
28.78,1.78,1.78,0.607,0.6,0.0
28.8,1.779,1.779,0.607,0.6,0.0
28.82,1.779,1.779,0.607,0.6,0.0
28.84,1.779,1.779,0.607,0.6,0.0
28.86,1.778,1.778,0.607,0.6,0.0
28.88,1.778,1.778,0.607,0.6,0.0
28.9,1.778,1.778,0.607,0.6,0.0
28.92,1.778,1.778,0.607,0.6,0.0
28.94,1.78,1.78,0.606,0.6,0.0
28.96,1.779,1.779,0.606,0.6,0.0
28.98,1.779,1.779,0.606,0.6,0.0
29.0,1.778,1.778,0.606,0.6,0.0
29.02,1.778,1.778,0.606,0.6,0.0
29.04,1.777,1.777,0.606,0.6,0.0
29.06,1.777,1.777,0.606,0.6,0.0
29.08,1.776,1.776,0.606,0.6,0.0
29.1,1.776,1.776,0.606,0.6,0.0
29.12,1.776,1.776,0.606,0.6,0.0
29.14,1.776,1.776,0.606,0.6,0.0
29.16,1.775,1.775,0.606,0.6,0.0
29.18,1.778,1.778,0.604,0.6,0.0
29.2,1.777,1.777,0.604,0.6,0.0
29.22,1.776,1.776,0.604,0.6,0.0
29.24,1.776,1.776,0.604,0.6,0.0
29.26,1.775,1.775,0.604,0.6,0.0
29.28,1.775,1.775,0.604,0.6,0.0
29.3,1.775,1.775,0.604,0.6,0.0
29.32,1.777,1.777,0.602,0.6,0.0
29.34,1.776,1.776,0.602,0.6,0.0
29.36,1.776,1.776,0.602,0.6,0.0
29.38,1.775,1.775,0.602,0.6,0.0
29.4,1.778,1.778,0.6,0.6,0.0
29.42,1.777,1.777,0.6,0.6,0.0
29.44,1.776,1.776,0.6,0.6,0.0
29.46,1.776,1.776,0.6,0.6,0.0
29.48,1.777,1.777,0.599,0.6,0.0
29.5,1.776,1.776,0.599,0.6,0.0
29.52,1.775,1.775,0.599,0.6,0.0
29.54,1.774,1.774,0.599,0.6,0.0
29.56,1.777,1.777,0.597,0.6,0.0
29.58,1.776,1.776,0.597,0.6,0.0
29.6,1.775,1.775,0.597,0.6,0.0
29.62,1.774,1.774,0.597,0.6,0.0
29.64,1.776,1.776,0.595,0.6,0.0
29.66,1.775,1.775,0.595,0.6,0.0
29.68,1.775,1.775,0.595,0.6,0.0
29.7,1.774,1.774,0.595,0.6,0.0
29.72,1.776,1.776,0.593,0.6,0.0
29.74,1.775,1.775,0.593,0.6,0.0
29.76,1.774,1.774,0.593,0.6,0.0
29.78,1.774,1.774,0.593,0.6,0.0
29.8,1.776,1.776,0.592,0.6,0.0
29.82,1.775,1.775,0.592,0.6,0.0
29.84,1.774,1.774,0.592,0.6,0.0
29.86,1.774,1.774,0.592,0.6,0.0
29.88,1.776,1.776,0.59,0.6,0.0
29.9,1.775,1.775,0.59,0.6,0.0
29.92,1.774,1.774,0.59,0.6,0.0
29.94,1.774,1.774,0.59,0.6,0.0
29.96,1.773,1.773,0.59,0.6,0.0
29.98,1.773,1.773,0.59,0.6,0.0
30.0,1.775,1.775,0.588,0.6,0.0
30.02,0.849,0.849,0.588,0.0,0.0
30.04,0.986,0.986,0.588,0.0,0.0
30.06,1.105,1.105,0.588,0.0,0.0
30.08,1.21,1.21,0.586,0.0,0.0
30.1,1.301,1.301,0.585,0.0,0.0
30.12,1.378,1.378,0.583,0.0,0.0
30.14,1.446,1.446,0.579,0.0,0.0
30.16,1.507,1.507,0.574,0.0,0.0
30.18,1.556,1.556,0.571,0.0,0.0
30.2,1.599,1.599,0.565,0.0,0.0
30.22,1.638,1.638,0.559,0.0,0.0
30.24,1.667,1.667,0.553,0.0,0.0
30.26,1.693,1.693,0.546,0.0,0.0
30.28,1.714,1.714,0.539,0.0,0.0
30.3,1.73,1.73,0.532,0.0,0.0
30.32,1.743,1.743,0.525,0.0,0.0
30.34,1.752,1.752,0.518,0.0,0.0
30.36,1.757,1.757,0.511,0.0,0.0
30.38,1.761,1.761,0.504,0.0,0.0
30.4,1.759,1.759,0.499,0.0,0.0
30.42,1.758,1.758,0.492,0.0,0.0
30.44,1.75,1.75,0.489,0.0,0.0
30.46,1.744,1.744,0.483,0.0,0.0
30.48,1.734,1.734,0.48,0.0,0.0
30.5,1.724,1.724,0.476,0.0,0.0
30.52,1.711,1.711,0.475,0.0,0.0
30.54,1.698,1.698,0.473,0.0,0.0
30.56,1.684,1.684,0.471,0.0,0.0
30.58,1.668,1.668,0.471,0.0,0.0
30.6,1.653,1.653,0.471,0.0,0.0
30.62,1.635,1.635,0.473,0.0,0.0
30.64,1.621,1.621,0.473,0.0,0.0
30.66,1.602,1.602,0.476,0.0,0.0
30.68,1.586,1.586,0.478,0.0,0.0
30.7,1.568,1.568,0.482,0.0,0.0
30.72,1.551,1.551,0.485,0.0,0.0
30.74,1.534,1.534,0.489,0.0,0.0
30.76,1.516,1.516,0.494,0.0,0.0
30.78,1.501,1.501,0.497,0.0,0.0
30.8,1.484,1.484,0.503,0.0,0.0
30.82,1.467,1.467,0.508,0.0,0.0
30.84,1.451,1.451,0.513,0.0,0.0
30.86,1.439,1.439,0.517,0.0,0.0
30.88,1.424,1.424,0.522,0.0,0.0
30.9,1.412,1.412,0.525,0.0,0.0
30.92,1.397,1.397,0.531,0.0,0.0
30.94,1.385,1.385,0.534,0.0,0.0
30.96,1.373,1.373,0.538,0.0,0.0
30.98,1.361,1.361,0.541,0.0,0.0
31.0,1.352,1.352,0.543,0.0,0.0
31.02,1.342,1.342,0.545,0.0,0.0
31.04,1.331,1.331,0.546,0.0,0.0
31.06,1.321,1.321,0.548,0.0,0.0
31.08,1.312,1.312,0.548,0.0,0.0
31.1,1.303,1.303,0.548,0.0,0.0
31.12,1.296,1.296,0.546,0.0,0.0
31.14,1.288,1.288,0.545,0.0,0.0
31.16,1.279,1.279,0.543,0.0,0.0
31.18,1.272,1.272,0.539,0.0,0.0
31.2,1.264,1.264,0.536,0.0,0.0
31.22,1.258,1.258,0.531,0.0,0.0
31.24,1.248,1.248,0.527,0.0,0.0
31.26,1.243,1.243,0.52,0.0,0.0
31.28,1.234,1.234,0.515,0.0,0.0
31.3,1.227,1.227,0.508,0.0,0.0
31.32,1.221,1.221,0.499,0.0,0.0
31.34,1.211,1.211,0.492,0.0,0.0
31.36,1.204,1.204,0.483,0.0,0.0
31.38,1.198,1.198,0.473,0.0,0.0
31.4,1.188,1.188,0.464,0.0,0.0
31.42,1.18,1.18,0.454,0.0,0.0
31.44,1.172,1.172,0.443,0.0,0.0
31.46,1.162,1.162,0.433,0.0,0.0
31.48,1.152,1.152,0.422,0.0,0.0
31.5,1.144,1.144,0.41,0.0,0.0
31.52,1.132,1.132,0.4,0.0,0.0
31.54,1.123,1.123,0.387,0.0,0.0
31.56,1.11,1.11,0.377,0.0,0.0
31.58,1.1,1.1,0.365,0.0,0.0
31.6,1.087,1.087,0.354,0.0,0.0
31.62,1.077,1.077,0.342,0.0,0.0
31.64,1.063,1.063,0.332,0.0,0.0
31.66,1.05,1.05,0.321,0.0,0.0
31.68,1.037,1.037,0.311,0.0,0.0
31.7,1.024,1.024,0.3,0.0,0.0
31.72,1.008,1.008,0.291,0.0,0.0
31.74,0.993,0.993,0.283,0.0,0.0
31.76,0.979,0.979,0.274,0.0,0.0
31.78,0.965,0.965,0.265,0.0,0.0
31.8,0.951,0.951,0.257,0.0,0.0
31.82,0.936,0.936,0.25,0.0,0.0
31.84,0.921,0.921,0.243,0.0,0.0
31.86,0.904,0.904,0.237,0.0,0.0
31.88,0.888,0.888,0.232,0.0,0.0
31.9,0.874,0.874,0.227,0.0,0.0
31.92,0.857,0.857,0.223,0.0,0.0
31.94,0.842,0.842,0.22,0.0,0.0
31.96,0.827,0.827,0.216,0.0,0.0
31.98,0.814,0.814,0.213,0.0,0.0
32.0,0.798,0.798,0.211,0.0,0.0
32.02,0.784,0.784,0.209,0.0,0.0
32.04,0.768,0.768,0.209,0.0,0.0
32.06,0.756,0.756,0.208,0.0,0.0
32.08,0.742,0.742,0.208,0.0,0.0
32.1,0.73,0.73,0.208,0.0,0.0
32.12,0.715,0.715,0.209,0.0,0.0
32.14,0.704,0.704,0.209,0.0,0.0
32.16,0.691,0.691,0.211,0.0,0.0
32.18,0.68,0.68,0.213,0.0,0.0
32.2,0.669,0.669,0.215,0.0,0.0
32.22,0.658,0.658,0.216,0.0,0.0
32.24,0.649,0.649,0.218,0.0,0.0
32.26,0.64,0.64,0.22,0.0,0.0
32.28,0.631,0.631,0.222,0.0,0.0
32.3,0.623,0.623,0.223,0.0,0.0
32.32,0.615,0.615,0.225,0.0,0.0
32.34,0.608,0.608,0.227,0.0,0.0
32.36,0.601,0.601,0.229,0.0,0.0
32.38,0.594,0.594,0.23,0.0,0.0
32.4,0.587,0.587,0.232,0.0,0.0
32.42,0.58,0.58,0.234,0.0,0.0
32.44,0.577,0.577,0.234,0.0,0.0
32.46,0.573,0.573,0.234,0.0,0.0
32.48,0.568,0.568,0.234,0.0,0.0
32.5,0.564,0.564,0.234,0.0,0.0
32.52,0.559,0.559,0.234,0.0,0.0
32.54,0.557,0.557,0.232,0.0,0.0
32.56,0.554,0.554,0.23,0.0,0.0
32.58,0.551,0.551,0.229,0.0,0.0
32.6,0.547,0.547,0.227,0.0,0.0
32.62,0.546,0.546,0.223,0.0,0.0
32.64,0.541,0.541,0.222,0.0,0.0
32.66,0.539,0.539,0.218,0.0,0.0
32.68,0.536,0.536,0.215,0.0,0.0
32.7,0.536,0.536,0.209,0.0,0.0
32.72,0.532,0.532,0.206,0.0,0.0
32.74,0.53,0.53,0.201,0.0,0.0
32.76,0.525,0.525,0.197,0.0,0.0
32.78,0.522,0.522,0.192,0.0,0.0
32.8,0.519,0.519,0.187,0.0,0.0
32.82,0.516,0.516,0.182,0.0,0.0
32.84,0.515,0.515,0.175,0.0,0.0
32.86,0.51,0.51,0.169,0.0,0.0
32.88,0.505,0.505,0.164,0.0,0.0
32.9,0.503,0.503,0.157,0.0,0.0
32.92,0.497,0.497,0.152,0.0,0.0
32.94,0.492,0.492,0.147,0.0,0.0
32.96,0.489,0.489,0.14,0.0,0.0
32.98,0.483,0.483,0.134,0.0,0.0
33.0,0.477,0.477,0.129,0.0,0.0
33.02,0.471,0.471,0.124,0.0,0.0
33.04,0.466,0.466,0.119,0.0,0.0
33.06,0.46,0.46,0.113,0.0,0.0
33.08,0.454,0.454,0.108,0.0,0.0
33.1,0.449,0.449,0.103,0.0,0.0
33.12,0.441,0.441,0.099,0.0,0.0
33.14,0.433,0.433,0.096,0.0,0.0
33.16,0.426,0.426,0.093,0.0,0.0
33.18,0.417,0.417,0.091,0.0,0.0
33.2,0.414,0.414,0.086,0.0,0.0
33.22,0.403,0.403,0.086,0.0,0.0
33.24,0.398,0.398,0.082,0.0,0.0
33.26,0.39,0.39,0.08,0.0,0.0
33.28,0.381,0.381,0.08,0.0,0.0
33.3,0.375,0.375,0.079,0.0,0.0
33.32,0.367,0.367,0.079,0.0,0.0
33.34,0.359,0.359,0.079,0.0,0.0
33.36,0.353,0.353,0.079,0.0,0.0
33.38,0.346,0.346,0.079,0.0,0.0
33.4,0.338,0.338,0.08,0.0,0.0
33.42,0.331,0.331,0.082,0.0,0.0
33.44,0.326,0.326,0.082,0.0,0.0
33.46,0.32,0.32,0.084,0.0,0.0
33.48,0.314,0.314,0.086,0.0,0.0
33.5,0.309,0.309,0.087,0.0,0.0
33.52,0.304,0.304,0.089,0.0,0.0
33.54,0.299,0.299,0.091,0.0,0.0
33.56,0.292,0.292,0.094,0.0,0.0
33.58,0.289,0.289,0.096,0.0,0.0
33.6,0.285,0.285,0.098,0.0,0.0
33.62,0.282,0.282,0.099,0.0,0.0
33.64,0.279,0.279,0.101,0.0,0.0
33.66,0.276,0.276,0.103,0.0,0.0
33.68,0.276,0.276,0.103,0.0,0.0
33.7,0.273,0.273,0.105,0.0,0.0
33.72,0.273,0.273,0.105,0.0,0.0
33.74,0.272,0.272,0.105,0.0,0.0
33.76,0.272,0.272,0.105,0.0,0.0
33.78,0.273,0.273,0.103,0.0,0.0
33.8,0.272,0.272,0.103,0.0,0.0
33.82,0.273,0.273,0.101,0.0,0.0
33.84,0.276,0.276,0.098,0.0,0.0
33.86,0.275,0.275,0.096,0.0,0.0
33.88,0.277,0.277,0.093,0.0,0.0
33.9,0.278,0.278,0.089,0.0,0.0
33.92,0.279,0.279,0.086,0.0,0.0
33.94,0.282,0.282,0.08,0.0,0.0
33.96,0.281,0.281,0.077,0.0,0.0
33.98,0.283,0.283,0.072,0.0,0.0
34.0,0.284,0.284,0.066,0.0,0.0
34.02,0.287,0.287,0.059,0.0,0.0
34.04,0.286,0.286,0.054,0.0,0.0
34.06,0.286,0.286,0.049,0.0,0.0
34.08,0.287,0.287,0.042,0.0,0.0
34.1,0.288,0.288,0.035,0.0,0.0
34.12,0.289,0.289,0.028,0.0,0.0
34.14,0.286,0.286,0.023,0.0,0.0
34.16,0.286,0.286,0.016,0.0,0.0
34.18,0.286,0.286,0.009,0.0,0.0
34.2,0.285,0.285,0.002,0.0,0.0
34.22,0.284,0.284,-0.005,0.0,0.0
34.24,0.28,0.28,-0.01,0.0,0.0
34.26,0.28,0.28,-0.017,0.0,0.0
34.28,0.276,0.276,-0.023,0.0,0.0
34.3,0.275,0.275,-0.03,0.0,0.0
34.32,0.272,0.272,-0.035,0.0,0.0
34.34,0.266,0.266,-0.038,0.0,0.0
34.36,0.264,0.264,-0.044,0.0,0.0
34.38,0.259,0.259,-0.047,0.0,0.0
34.4,0.257,0.257,-0.052,0.0,0.0
34.42,0.253,0.253,-0.056,0.0,0.0
34.44,0.246,0.246,-0.058,0.0,0.0
34.46,0.241,0.241,-0.059,0.0,0.0
34.48,0.236,0.236,-0.061,0.0,0.0
34.5,0.232,0.232,-0.063,0.0,0.0
34.52,0.229,0.229,-0.065,0.0,0.0
34.54,0.223,0.223,-0.065,0.0,0.0
34.56,0.219,0.219,-0.065,0.0,0.0
34.58,0.212,0.212,-0.063,0.0,0.0
34.6,0.207,0.207,-0.061,0.0,0.0
34.62,0.202,0.202,-0.059,0.0,0.0
34.64,0.198,0.198,-0.058,0.0,0.0
34.66,0.193,0.193,-0.054,0.0,0.0
34.68,0.188,0.188,-0.051,0.0,0.0
34.7,0.184,0.184,-0.047,0.0,0.0
34.72,0.181,0.181,-0.044,0.0,0.0
34.74,0.176,0.176,-0.038,0.0,0.0
34.76,0.175,0.175,-0.035,0.0,0.0
34.78,0.171,0.171,-0.03,0.0,0.0
34.8,0.168,0.168,-0.024,0.0,0.0
34.82,0.166,0.166,-0.019,0.0,0.0
34.84,0.162,0.162,-0.012,0.0,0.0
34.86,0.161,0.161,-0.007,0.0,0.0
34.88,0.161,0.161,-0.002,0.0,0.0
34.9,0.16,0.16,0.003,0.0,0.0
34.92,0.158,0.158,0.01,0.0,0.0
34.94,0.159,0.159,0.016,0.0,0.0
34.96,0.159,0.159,0.021,0.0,0.0
34.98,0.16,0.16,0.026,0.0,0.0
35.0,0.161,0.161,0.031,0.0,0.0
35.02,0.162,0.162,0.037,0.0,0.0
35.04,0.163,0.163,0.042,0.0,0.0
35.06,0.166,0.166,0.045,0.0,0.0
35.08,0.167,0.167,0.051,0.0,0.0
35.1,0.17,0.17,0.054,0.0,0.0
35.12,0.173,0.173,0.058,0.0,0.0
35.14,0.178,0.178,0.059,0.0,0.0
35.16,0.182,0.182,0.061,0.0,0.0
35.18,0.183,0.183,0.065,0.0,0.0
35.2,0.19,0.19,0.065,0.0,0.0
35.22,0.192,0.192,0.066,0.0,0.0
35.24,0.197,0.197,0.066,0.0,0.0
35.26,0.201,0.201,0.066,0.0,0.0
35.28,0.204,0.204,0.066,0.0,0.0
35.3,0.21,0.21,0.065,0.0,0.0
35.32,0.214,0.214,0.063,0.0,0.0
35.34,0.218,0.218,0.061,0.0,0.0
35.36,0.221,0.221,0.059,0.0,0.0
35.38,0.225,0.225,0.056,0.0,0.0
35.4,0.23,0.23,0.052,0.0,0.0
35.42,0.233,0.233,0.049,0.0,0.0
35.44,0.235,0.235,0.045,0.0,0.0
35.46,0.24,0.24,0.04,0.0,0.0
35.48,0.244,0.244,0.035,0.0,0.0
35.5,0.246,0.246,0.03,0.0,0.0
35.52,0.249,0.249,0.024,0.0,0.0
35.54,0.25,0.25,0.019,0.0,0.0
35.56,0.251,0.251,0.014,0.0,0.0
35.58,0.252,0.252,0.009,0.0,0.0
35.6,0.252,0.252,0.003,0.0,0.0
35.62,0.253,0.253,-0.002,0.0,0.0
35.64,0.255,0.255,-0.009,0.0,0.0
35.66,0.254,0.254,-0.014,0.0,0.0
35.68,0.253,0.253,-0.019,0.0,0.0
35.7,0.253,0.253,-0.024,0.0,0.0
35.72,0.252,0.252,-0.03,0.0,0.0
35.74,0.251,0.251,-0.035,0.0,0.0
35.76,0.247,0.247,-0.038,0.0,0.0
35.78,0.246,0.246,-0.044,0.0,0.0
35.8,0.243,0.243,-0.047,0.0,0.0
35.82,0.24,0.24,-0.051,0.0,0.0
35.84,0.238,0.238,-0.054,0.0,0.0
35.86,0.236,0.236,-0.058,0.0,0.0
35.88,0.231,0.231,-0.059,0.0,0.0
35.9,0.227,0.227,-0.061,0.0,0.0
35.92,0.224,0.224,-0.063,0.0,0.0
35.94,0.218,0.218,-0.063,0.0,0.0
35.96,0.216,0.216,-0.065,0.0,0.0
35.98,0.212,0.212,-0.065,0.0,0.0
36.0,0.206,0.206,-0.063,0.0,0.0
36.02,0.204,0.204,-0.063,0.0,0.0
36.04,0.199,0.199,-0.061,0.0,0.0
36.06,0.195,0.195,-0.059,0.0,0.0
36.08,0.189,0.189,-0.056,0.0,0.0
36.1,0.187,0.187,-0.054,0.0,0.0
36.12,0.183,0.183,-0.051,0.0,0.0
36.14,0.18,0.18,-0.047,0.0,0.0
36.16,0.174,0.174,-0.042,0.0,0.0
36.18,0.173,0.173,-0.038,0.0,0.0
36.2,0.169,0.169,-0.033,0.0,0.0
36.22,0.168,0.168,-0.03,0.0,0.0
36.24,0.166,0.166,-0.024,0.0,0.0
36.26,0.164,0.164,-0.019,0.0,0.0
36.28,0.162,0.162,-0.014,0.0,0.0
36.3,0.161,0.161,-0.009,0.0,0.0
36.32,0.157,0.157,-0.002,0.0,0.0
36.34,0.157,0.157,0.003,0.0,0.0
36.36,0.158,0.158,0.009,0.0,0.0
36.38,0.158,0.158,0.014,0.0,0.0
36.4,0.159,0.159,0.019,0.0,0.0
36.42,0.159,0.159,0.024,0.0,0.0
36.44,0.16,0.16,0.03,0.0,0.0
36.46,0.161,0.161,0.035,0.0,0.0
36.48,0.164,0.164,0.038,0.0,0.0
36.5,0.165,0.165,0.044,0.0,0.0
36.52,0.168,0.168,0.047,0.0,0.0
36.54,0.171,0.171,0.051,0.0,0.0
36.56,0.173,0.173,0.054,0.0,0.0
36.58,0.178,0.178,0.056,0.0,0.0
36.6,0.182,0.182,0.058,0.0,0.0
36.62,0.185,0.185,0.059,0.0,0.0
36.64,0.188,0.188,0.061,0.0,0.0
36.66,0.191,0.191,0.063,0.0,0.0
36.68,0.196,0.196,0.063,0.0,0.0
36.7,0.199,0.199,0.063,0.0,0.0
36.72,0.203,0.203,0.063,0.0,0.0
36.74,0.208,0.208,0.061,0.0,0.0
36.76,0.213,0.213,0.059,0.0,0.0
36.78,0.216,0.216,0.058,0.0,0.0
36.8,0.219,0.219,0.056,0.0,0.0
36.82,0.224,0.224,0.052,0.0,0.0
36.84,0.225,0.225,0.051,0.0,0.0
36.86,0.229,0.229,0.047,0.0,0.0
36.88,0.235,0.235,0.042,0.0,0.0
36.9,0.237,0.237,0.038,0.0,0.0
36.92,0.238,0.238,0.035,0.0,0.0
36.94,0.241,0.241,0.03,0.0,0.0
36.96,0.244,0.244,0.024,0.0,0.0
36.98,0.246,0.246,0.019,0.0,0.0
37.0,0.248,0.248,0.014,0.0,0.0
37.02,0.249,0.249,0.009,0.0,0.0
37.04,0.25,0.25,0.003,0.0,0.0
37.06,0.25,0.25,-0.002,0.0,0.0
37.08,0.251,0.251,-0.007,0.0,0.0
37.1,0.25,0.25,-0.012,0.0,0.0
37.12,0.25,0.25,-0.017,0.0,0.0
37.14,0.25,0.25,-0.023,0.0,0.0
37.16,0.249,0.249,-0.028,0.0,0.0
37.18,0.246,0.246,-0.031,0.0,0.0
37.2,0.246,0.246,-0.037,0.0,0.0
37.22,0.243,0.243,-0.04,0.0,0.0
37.24,0.24,0.24,-0.044,0.0,0.0
37.26,0.238,0.238,-0.047,0.0,0.0
37.28,0.236,0.236,-0.051,0.0,0.0
37.3,0.234,0.234,-0.054,0.0,0.0
37.32,0.23,0.23,-0.056,0.0,0.0
37.34,0.226,0.226,-0.058,0.0,0.0
37.36,0.223,0.223,-0.059,0.0,0.0
37.38,0.218,0.218,-0.059,0.0,0.0
37.4,0.213,0.213,-0.059,0.0,0.0
37.42,0.212,0.212,-0.061,0.0,0.0
37.44,0.206,0.206,-0.059,0.0,0.0
37.46,0.203,0.203,-0.059,0.0,0.0
37.48,0.199,0.199,-0.058,0.0,0.0
37.5,0.195,0.195,-0.056,0.0,0.0
37.52,0.192,0.192,-0.054,0.0,0.0
37.54,0.187,0.187,-0.051,0.0,0.0
37.56,0.183,0.183,-0.047,0.0,0.0
37.58,0.182,0.182,-0.045,0.0,0.0
37.6,0.176,0.176,-0.04,0.0,0.0
37.62,0.174,0.174,-0.037,0.0,0.0
37.64,0.173,0.173,-0.033,0.0,0.0
37.66,0.169,0.169,-0.028,0.0,0.0
37.68,0.166,0.166,-0.023,0.0,0.0
37.7,0.166,0.166,-0.019,0.0,0.0
37.72,0.164,0.164,-0.014,0.0,0.0
37.74,0.163,0.163,-0.009,0.0,0.0
37.76,0.161,0.161,-0.003,0.0,0.0
37.78,0.161,0.161,0.002,0.0,0.0
37.8,0.16,0.16,0.007,0.0,0.0
37.82,0.16,0.16,0.012,0.0,0.0
37.84,0.16,0.16,0.017,0.0,0.0
37.86,0.16,0.16,0.023,0.0,0.0
37.88,0.163,0.163,0.026,0.0,0.0
37.9,0.163,0.163,0.031,0.0,0.0
37.92,0.166,0.166,0.035,0.0,0.0
37.94,0.169,0.169,0.038,0.0,0.0
37.96,0.168,0.168,0.044,0.0,0.0
37.98,0.171,0.171,0.047,0.0,0.0
38.0,0.175,0.175,0.049,0.0,0.0
38.02,0.177,0.177,0.052,0.0,0.0
38.04,0.181,0.181,0.054,0.0,0.0
38.06,0.184,0.184,0.056,0.0,0.0
38.08,0.187,0.187,0.058,0.0,0.0
38.1,0.192,0.192,0.058,0.0,0.0
38.12,0.194,0.194,0.059,0.0,0.0
38.14,0.198,0.198,0.059,0.0,0.0
