Tiempo ,CONTROL,REI,VELOCIDAD,ANGULO,REFERENCIA,PERTURBACION
-0.4,0.0,0.0,0.0,0.0,0.0,0.0
-0.38,0.0,0.0,0.0,0.0,0.0,0.0
-0.36,0.0,0.0,0.0,0.0,0.0,0.0
-0.34,0.0,0.0,0.0,0.0,0.0,0.0
-0.32,0.0,0.0,0.0,0.0,0.0,0.0
-0.3,0.0,0.0,0.0,0.0,0.0,0.0
-0.28,0.0,0.0,0.0,0.0,0.0,0.0
-0.26,0.0,0.0,0.0,0.0,0.0,0.0
-0.24,0.0,0.0,0.0,0.0,0.0,0.0
-0.22,0.0,0.0,0.0,0.0,0.0,0.0
-0.2,0.0,0.0,0.0,0.0,0.0,0.0
-0.18,0.0,0.0,0.0,0.0,0.0,0.0
-0.16,0.0,0.0,0.0,0.0,0.0,0.0
-0.14,0.0,0.0,0.0,0.0,0.0,0.0
-0.12,0.0,0.0,0.0,0.0,0.0,0.0
-0.1,0.0,0.0,0.0,0.0,0.0,0.0
-0.08,0.0,0.0,0.0,0.0,0.0,0.0
-0.06,0.0,0.0,0.0,0.0,0.0,0.0
-0.04,0.0,0.0,0.0,0.0,0.0,0.0
-0.02,0.0,0.0,0.0,0.0,0.0,0.0
0.0,0.0,0.0,0.0,-0.0,0.0,0.0
0.02,0.0,0.0,0.0,-0.0,0.0,0.0
0.04,0.019,0.019,0.0,-0.0,0.6,0.0
0.06,0.038,0.038,0.0,-0.0,0.6,0.0
0.08,0.057,0.057,0.0,-0.0,0.6,0.0
0.1,0.075,0.075,0.0,-0.0,0.6,0.0
0.12,0.094,0.094,0.0,-0.0,0.6,0.0
0.14,0.113,0.113,0.0,-0.0,0.6,0.0
0.16,0.132,0.132,0.0,-0.0,0.6,0.0
0.18,0.151,0.151,0.0,-0.0,0.6,0.0
0.2,0.17,0.17,0.0,-0.0,0.6,0.0
0.22,0.188,0.188,0.0,-0.0,0.6,0.0
0.24,0.207,0.207,0.0,-0.0,0.6,0.0
0.26,0.226,0.226,0.0,-0.0,0.6,0.0
0.28,0.245,0.245,0.0,-0.0,0.6,0.0
0.3,0.264,0.264,0.0,-0.0,0.6,0.0
0.32,0.283,0.283,0.0,-0.0,0.6,0.0
0.34,0.301,0.301,0.0,-0.0,0.6,0.0
0.36,0.32,0.32,0.0,-0.0,0.6,0.0
0.38,0.339,0.339,0.0,-0.0,0.6,0.0
0.4,0.358,0.358,0.0,-0.0,0.6,0.0
0.42,0.377,0.377,0.0,-0.0,0.6,0.0
0.44,0.396,0.396,0.0,-0.0,0.6,0.0
0.46,0.414,0.414,0.0,-0.0,0.6,0.0
0.48,0.433,0.433,0.0,-0.0,0.6,0.0
0.5,0.452,0.452,0.0,-0.0,0.6,0.0
0.52,0.471,0.471,0.0,-0.0,0.6,0.0
0.54,0.461,0.461,0.026,0.002,0.6,0.0
0.56,0.465,0.465,0.041,0.002,0.6,0.0
0.58,0.479,0.479,0.044,0.003,0.6,0.0
0.6,0.469,0.469,0.071,0.005,0.6,0.0
0.62,0.501,0.501,0.058,0.005,0.6,0.0
0.64,0.502,0.502,0.074,0.009,0.6,0.0
0.66,0.481,0.481,0.111,0.01,0.6,0.0
0.68,0.48,0.48,0.128,0.014,0.6,0.0
0.7,0.465,0.465,0.159,0.017,0.6,0.0
0.72,0.468,0.468,0.173,0.021,0.6,0.0
0.74,0.482,0.482,0.176,0.024,0.6,0.0
0.76,0.499,0.499,0.175,0.028,0.6,0.0
0.78,0.46,0.46,0.228,0.035,0.6,0.0
0.8,0.418,0.418,0.282,0.04,0.6,0.0
0.82,0.439,0.439,0.278,0.045,0.6,0.0
0.84,0.466,0.466,0.267,0.051,0.6,0.0
0.86,0.459,0.459,0.289,0.058,0.6,0.0
0.88,0.432,0.432,0.328,0.065,0.6,0.0
0.9,0.428,0.428,0.347,0.072,0.6,0.0
0.92,0.439,0.439,0.351,0.079,0.6,0.0
0.94,0.425,0.425,0.377,0.087,0.6,0.0
0.96,0.425,0.425,0.39,0.094,0.6,0.0
0.98,0.464,0.464,0.367,0.101,0.6,0.0
1.0,0.465,0.465,0.379,0.11,0.6,0.0
1.02,0.468,0.468,0.389,0.117,0.6,0.0
1.04,0.477,0.477,0.393,0.126,0.6,0.0
1.06,0.49,0.49,0.393,0.133,0.6,0.0
1.08,0.503,0.503,0.393,0.141,0.6,0.0
1.1,0.516,0.516,0.393,0.148,0.6,0.0
1.12,0.557,0.557,0.366,0.155,0.6,0.0
1.14,0.584,0.584,0.352,0.162,0.6,0.0
1.16,0.629,0.629,0.322,0.168,0.6,0.0
1.18,0.656,0.656,0.308,0.175,0.6,0.0
1.2,0.643,0.643,0.331,0.182,0.6,0.0
1.22,0.668,0.668,0.319,0.187,0.6,0.0
1.24,0.719,0.719,0.283,0.192,0.6,0.0
1.26,0.749,0.749,0.265,0.197,0.6,0.0
1.28,0.765,0.765,0.26,0.202,0.6,0.0
1.3,0.805,0.805,0.234,0.206,0.6,0.0
1.32,0.859,0.859,0.194,0.209,0.6,0.0
1.34,0.861,0.861,0.203,0.215,0.6,0.0
1.36,0.861,0.861,0.213,0.218,0.6,0.0
1.38,0.896,0.896,0.191,0.222,0.6,0.0
1.4,0.95,0.95,0.152,0.223,0.6,0.0
1.42,0.981,0.981,0.133,0.227,0.6,0.0
1.44,0.968,0.968,0.156,0.23,0.6,0.0
1.46,0.963,0.963,0.17,0.234,0.6,0.0
1.48,0.968,0.968,0.175,0.237,0.6,0.0
1.5,1.007,1.007,0.149,0.239,0.6,0.0
1.52,1.033,1.033,0.134,0.243,0.6,0.0
1.54,1.02,1.02,0.157,0.246,0.6,0.0
1.56,1.044,1.044,0.144,0.248,0.6,0.0
1.58,1.065,1.065,0.134,0.251,0.6,0.0
1.6,1.05,1.05,0.157,0.255,0.6,0.0
1.62,1.046,1.046,0.171,0.258,0.6,0.0
1.64,1.023,1.023,0.201,0.264,0.6,0.0
1.66,1.017,1.017,0.216,0.267,0.6,0.0
1.68,1.051,1.051,0.193,0.271,0.6,0.0
1.7,1.076,1.076,0.179,0.274,0.6,0.0
1.72,1.062,1.062,0.2,0.279,0.6,0.0
1.74,1.056,1.056,0.214,0.283,0.6,0.0
1.76,1.06,1.06,0.219,0.288,0.6,0.0
1.78,1.04,1.04,0.245,0.293,0.6,0.0
1.8,1.034,1.034,0.259,0.298,0.6,0.0
1.82,1.038,1.038,0.263,0.304,0.6,0.0
1.84,1.047,1.047,0.263,0.309,0.6,0.0
1.86,1.055,1.055,0.262,0.314,0.6,0.0
1.88,1.063,1.063,0.262,0.319,0.6,0.0
1.9,1.071,1.071,0.262,0.325,0.6,0.0
1.92,1.078,1.078,0.262,0.33,0.6,0.0
1.94,1.085,1.085,0.262,0.335,0.6,0.0
1.96,1.121,1.121,0.235,0.339,0.6,0.0
1.98,1.143,1.143,0.221,0.344,0.6,0.0
2.0,1.126,1.126,0.244,0.349,0.6,0.0
2.02,1.118,1.118,0.258,0.354,0.6,0.0
2.04,1.148,1.148,0.236,0.358,0.6,0.0
2.06,1.169,1.169,0.222,0.363,0.6,0.0
2.08,1.181,1.181,0.218,0.367,0.6,0.0
2.1,1.187,1.187,0.217,0.372,0.6,0.0
2.12,1.193,1.193,0.218,0.375,0.6,0.0
2.14,1.227,1.227,0.192,0.379,0.6,0.0
2.16,1.248,1.248,0.178,0.382,0.6,0.0
2.18,1.23,1.23,0.2,0.387,0.6,0.0
2.2,1.249,1.249,0.188,0.389,0.6,0.0
2.22,1.294,1.294,0.152,0.393,0.6,0.0
2.24,1.29,1.29,0.16,0.396,0.6,0.0
2.26,1.285,1.285,0.17,0.4,0.6,0.0
2.28,1.286,1.286,0.174,0.403,0.6,0.0
2.3,1.32,1.32,0.149,0.405,0.6,0.0
2.32,1.34,1.34,0.134,0.408,0.6,0.0
2.34,1.35,1.35,0.13,0.41,0.6,0.0
2.36,1.356,1.356,0.13,0.414,0.6,0.0
2.38,1.36,1.36,0.131,0.415,0.6,0.0
2.4,1.365,1.365,0.131,0.419,0.6,0.0
2.42,1.37,1.37,0.131,0.421,0.6,0.0
2.44,1.404,1.404,0.105,0.422,0.6,0.0
2.46,1.396,1.396,0.117,0.426,0.6,0.0
2.48,1.361,1.361,0.153,0.429,0.6,0.0
2.5,1.375,1.375,0.145,0.431,0.6,0.0
2.52,1.39,1.39,0.135,0.435,0.6,0.0
2.54,1.399,1.399,0.131,0.436,0.6,0.0
2.56,1.404,1.404,0.13,0.44,0.6,0.0
2.58,1.38,1.38,0.157,0.443,0.6,0.0
2.6,1.397,1.397,0.145,0.445,0.6,0.0
2.62,1.412,1.412,0.135,0.449,0.6,0.0
2.64,1.392,1.392,0.157,0.452,0.6,0.0
2.66,1.41,1.41,0.145,0.454,0.6,0.0
2.68,1.425,1.425,0.134,0.457,0.6,0.0
2.7,1.404,1.404,0.157,0.461,0.6,0.0
2.72,1.393,1.393,0.171,0.464,0.6,0.0
2.74,1.42,1.42,0.149,0.466,0.6,0.0
2.76,1.439,1.439,0.135,0.469,0.6,0.0
2.78,1.418,1.418,0.157,0.473,0.6,0.0
2.8,1.435,1.435,0.144,0.475,0.6,0.0
2.82,1.449,1.449,0.134,0.478,0.6,0.0
2.84,1.456,1.456,0.131,0.48,0.6,0.0
2.86,1.46,1.46,0.13,0.483,0.6,0.0
2.88,1.463,1.463,0.131,0.485,0.6,0.0
2.9,1.494,1.494,0.104,0.487,0.6,0.0
2.92,1.484,1.484,0.117,0.49,0.6,0.0
2.94,1.476,1.476,0.127,0.492,0.6,0.0
2.96,1.503,1.503,0.104,0.494,0.6,0.0
2.98,1.52,1.52,0.091,0.496,0.6,0.0
3.0,1.528,1.528,0.087,0.497,0.6,0.0
3.02,1.531,1.531,0.086,0.499,0.6,0.0
3.04,1.533,1.533,0.087,0.501,0.6,0.0
3.06,1.535,1.535,0.087,0.503,0.6,0.0
3.08,1.538,1.538,0.087,0.504,0.6,0.0
3.1,1.54,1.54,0.087,0.506,0.6,0.0
3.12,1.543,1.543,0.087,0.508,0.6,0.0
3.14,1.546,1.546,0.087,0.51,0.6,0.0
3.16,1.548,1.548,0.087,0.511,0.6,0.0
3.18,1.55,1.55,0.087,0.513,0.6,0.0
3.2,1.553,1.553,0.087,0.515,0.6,0.0
3.22,1.584,1.584,0.061,0.515,0.6,0.0
3.24,1.601,1.601,0.047,0.517,0.6,0.0
3.26,1.579,1.579,0.069,0.518,0.6,0.0
3.28,1.566,1.566,0.083,0.52,0.6,0.0
3.3,1.592,1.592,0.061,0.52,0.6,0.0
3.32,1.609,1.609,0.047,0.522,0.6,0.0
3.34,1.588,1.588,0.07,0.524,0.6,0.0
3.36,1.603,1.603,0.057,0.524,0.6,0.0
3.38,1.616,1.616,0.047,0.525,0.6,0.0
3.4,1.593,1.593,0.07,0.527,0.6,0.0
3.42,1.581,1.581,0.084,0.529,0.6,0.0
3.44,1.607,1.607,0.061,0.529,0.6,0.0
3.46,1.623,1.623,0.047,0.531,0.6,0.0
3.48,1.602,1.602,0.07,0.532,0.6,0.0
3.5,1.589,1.589,0.083,0.534,0.6,0.0
3.52,1.614,1.614,0.061,0.534,0.6,0.0
3.54,1.631,1.631,0.047,0.536,0.6,0.0
3.56,1.609,1.609,0.07,0.538,0.6,0.0
3.58,1.595,1.595,0.083,0.539,0.6,0.0
3.6,1.621,1.621,0.061,0.539,0.6,0.0
3.62,1.637,1.637,0.047,0.541,0.6,0.0
3.64,1.615,1.615,0.07,0.543,0.6,0.0
3.66,1.63,1.63,0.057,0.543,0.6,0.0
3.68,1.642,1.642,0.047,0.545,0.6,0.0
3.7,1.619,1.619,0.07,0.546,0.6,0.0
3.72,1.606,1.606,0.084,0.548,0.6,0.0
3.74,1.631,1.631,0.061,0.548,0.6,0.0
3.76,1.647,1.647,0.047,0.55,0.6,0.0
3.78,1.625,1.625,0.07,0.552,0.6,0.0
3.8,1.64,1.64,0.057,0.552,0.6,0.0
3.82,1.652,1.652,0.047,0.553,0.6,0.0
3.84,1.628,1.628,0.07,0.555,0.6,0.0
3.86,1.643,1.643,0.057,0.555,0.6,0.0
3.88,1.655,1.655,0.047,0.557,0.6,0.0
3.9,1.632,1.632,0.07,0.559,0.6,0.0
3.92,1.646,1.646,0.057,0.559,0.6,0.0
3.94,1.658,1.658,0.047,0.56,0.6,0.0
3.96,1.663,1.663,0.044,0.56,0.6,0.0
3.98,1.665,1.665,0.043,0.562,0.6,0.0
4.0,1.666,1.666,0.043,0.562,0.6,0.0
4.02,1.666,1.666,0.044,0.564,0.6,0.0
4.04,1.667,1.667,0.044,0.564,0.6,0.0
4.06,1.668,1.668,0.044,0.565,0.6,0.0
4.08,1.669,1.669,0.044,0.565,0.6,0.0
4.1,1.67,1.67,0.044,0.567,0.6,0.0
4.12,1.671,1.671,0.044,0.567,0.6,0.0
4.14,1.7,1.7,0.017,0.567,0.6,0.0
4.16,1.688,1.688,0.029,0.569,0.6,0.0
4.18,1.677,1.677,0.04,0.569,0.6,0.0
4.2,1.703,1.703,0.017,0.569,0.6,0.0
4.22,1.69,1.69,0.03,0.571,0.6,0.0
4.24,1.68,1.68,0.04,0.571,0.6,0.0
4.26,1.705,1.705,0.017,0.571,0.6,0.0
4.28,1.692,1.692,0.03,0.572,0.6,0.0
4.3,1.682,1.682,0.04,0.572,0.6,0.0
4.32,1.707,1.707,0.017,0.572,0.6,0.0
4.34,1.723,1.723,0.004,0.572,0.6,0.0
4.36,1.699,1.699,0.026,0.574,0.6,0.0
4.38,1.685,1.685,0.04,0.574,0.6,0.0
4.4,1.71,1.71,0.018,0.574,0.6,0.0
4.42,1.697,1.697,0.03,0.576,0.6,0.0
4.44,1.687,1.687,0.04,0.576,0.6,0.0
4.46,1.712,1.712,0.017,0.576,0.6,0.0
4.48,1.699,1.699,0.03,0.578,0.6,0.0
4.5,1.689,1.689,0.04,0.578,0.6,0.0
4.52,1.714,1.714,0.017,0.578,0.6,0.0
4.54,1.701,1.701,0.03,0.579,0.6,0.0
4.56,1.69,1.69,0.04,0.579,0.6,0.0
4.58,1.715,1.715,0.017,0.579,0.6,0.0
4.6,1.702,1.702,0.03,0.581,0.6,0.0
4.62,1.692,1.692,0.04,0.581,0.6,0.0
4.64,1.717,1.717,0.017,0.581,0.6,0.0
4.66,1.703,1.703,0.03,0.583,0.6,0.0
4.68,1.693,1.693,0.04,0.583,0.6,0.0
4.7,1.718,1.718,0.017,0.583,0.6,0.0
4.72,1.705,1.705,0.03,0.585,0.6,0.0
4.74,1.694,1.694,0.04,0.585,0.6,0.0
4.76,1.719,1.719,0.017,0.585,0.6,0.0
4.78,1.734,1.734,0.004,0.585,0.6,0.0
4.8,1.711,1.711,0.026,0.586,0.6,0.0
4.82,1.696,1.696,0.04,0.586,0.6,0.0
4.84,1.72,1.72,0.018,0.586,0.6,0.0
4.86,1.707,1.707,0.03,0.588,0.6,0.0
4.88,1.696,1.696,0.04,0.588,0.6,0.0
4.9,1.721,1.721,0.017,0.588,0.6,0.0
4.92,1.736,1.736,0.004,0.588,0.6,0.0
4.94,1.741,1.741,-0.001,0.588,0.6,0.0
4.96,1.713,1.713,0.026,0.59,0.6,0.0
4.98,1.698,1.698,0.04,0.59,0.6,0.0
5.0,1.722,1.722,0.018,0.59,0.6,0.0
5.02,1.737,1.737,0.004,0.59,0.6,0.0
5.04,1.742,1.742,-0.0,0.59,0.6,0.0
5.06,1.743,1.743,-0.001,0.59,0.6,0.0
5.08,1.743,1.743,-0.0,0.59,0.6,0.0
5.1,1.714,1.714,0.026,0.592,0.6,0.0
5.12,1.699,1.699,0.041,0.592,0.6,0.0
5.14,1.724,1.724,0.018,0.592,0.6,0.0
5.16,1.739,1.739,0.004,0.592,0.6,0.0
5.18,1.744,1.744,-0.0,0.592,0.6,0.0
5.2,1.745,1.745,-0.001,0.592,0.6,0.0
5.22,1.744,1.744,-0.0,0.592,0.6,0.0
5.24,1.744,1.744,-0.0,0.592,0.6,0.0
5.26,1.744,1.744,0.0,0.592,0.6,0.0
5.28,1.745,1.745,0.0,0.592,0.6,0.0
5.3,1.745,1.745,0.0,0.592,0.6,0.0
5.32,1.745,1.745,0.0,0.592,0.6,0.0
5.34,1.717,1.717,0.026,0.593,0.6,0.0
5.36,1.702,1.702,0.041,0.593,0.6,0.0
5.38,1.726,1.726,0.018,0.593,0.6,0.0
5.4,1.742,1.742,0.004,0.593,0.6,0.0
5.42,1.718,1.718,0.026,0.595,0.6,0.0
5.44,1.703,1.703,0.04,0.595,0.6,0.0
5.46,1.727,1.727,0.018,0.595,0.6,0.0
5.48,1.742,1.742,0.004,0.595,0.6,0.0
5.5,1.718,1.718,0.026,0.597,0.6,0.0
5.52,1.703,1.703,0.04,0.597,0.6,0.0
5.54,1.727,1.727,0.018,0.597,0.6,0.0
5.56,1.742,1.742,0.004,0.597,0.6,0.0
5.58,1.747,1.747,-0.0,0.597,0.6,0.0
5.6,1.747,1.747,-0.001,0.597,0.6,0.0
5.62,1.718,1.718,0.026,0.599,0.6,0.0
5.64,1.703,1.703,0.041,0.599,0.6,0.0
5.66,1.727,1.727,0.018,0.599,0.6,0.0
5.68,1.742,1.742,0.004,0.599,0.6,0.0
5.7,1.747,1.747,-0.0,0.599,0.6,0.0
5.72,1.747,1.747,-0.001,0.599,0.6,0.0
5.74,1.747,1.747,-0.0,0.599,0.6,0.0
5.76,1.746,1.746,-0.0,0.599,0.6,0.0
5.78,1.746,1.746,0.0,0.599,0.6,0.0
5.8,1.746,1.746,0.0,0.599,0.6,0.0
5.82,1.746,1.746,0.0,0.599,0.6,0.0
5.84,1.746,1.746,0.0,0.599,0.6,0.0
5.86,1.746,1.746,0.0,0.599,0.6,0.0
5.88,1.746,1.746,0.0,0.599,0.6,0.0
5.9,1.746,1.746,0.0,0.599,0.6,0.0
5.92,1.747,1.747,0.0,0.599,0.6,0.0
5.94,1.718,1.718,0.026,0.6,0.6,0.0
5.96,1.703,1.703,0.041,0.6,0.6,0.0
5.98,1.727,1.727,0.018,0.6,0.6,0.0
6.0,1.742,1.742,0.004,0.6,0.6,0.0
6.02,1.747,1.747,-0.0,0.6,0.6,0.0
6.04,1.747,1.747,-0.001,0.6,0.6,0.0
6.06,1.746,1.746,-0.0,0.6,0.6,0.0
6.08,1.718,1.718,0.026,0.602,0.6,0.0
6.1,1.702,1.702,0.041,0.602,0.6,0.0
6.12,1.726,1.726,0.018,0.602,0.6,0.0
6.14,1.741,1.741,0.004,0.602,0.6,0.0
6.16,1.746,1.746,-0.0,0.602,0.6,0.0
6.18,1.746,1.746,-0.001,0.602,0.6,0.0
6.2,1.746,1.746,-0.0,0.602,0.6,0.0
6.22,1.745,1.745,-0.0,0.602,0.6,0.0
6.24,1.745,1.745,0.0,0.602,0.6,0.0
6.26,1.745,1.745,0.0,0.602,0.6,0.0
6.28,1.745,1.745,0.0,0.602,0.6,0.0
6.3,1.745,1.745,0.0,0.602,0.6,0.0
6.32,1.774,1.774,-0.026,0.6,0.6,0.0
6.34,1.789,1.789,-0.041,0.6,0.6,0.0
6.36,1.765,1.765,-0.018,0.6,0.6,0.0
6.38,1.749,1.749,-0.004,0.6,0.6,0.0
6.4,1.745,1.745,0.0,0.6,0.6,0.0
6.42,1.744,1.744,0.001,0.6,0.6,0.0
6.44,1.745,1.745,0.0,0.6,0.6,0.0
6.46,1.716,1.716,0.026,0.602,0.6,0.0
6.48,1.701,1.701,0.041,0.602,0.6,0.0
6.5,1.725,1.725,0.018,0.602,0.6,0.0
6.52,1.74,1.74,0.004,0.602,0.6,0.0
6.54,1.745,1.745,-0.0,0.602,0.6,0.0
6.56,1.745,1.745,-0.001,0.602,0.6,0.0
6.58,1.745,1.745,-0.0,0.602,0.6,0.0
6.6,1.744,1.744,-0.0,0.602,0.6,0.0
6.62,1.744,1.744,0.0,0.602,0.6,0.0
6.64,1.744,1.744,0.0,0.602,0.6,0.0
6.66,1.744,1.744,0.0,0.602,0.6,0.0
6.68,1.744,1.744,0.0,0.602,0.6,0.0
6.7,1.744,1.744,0.0,0.602,0.6,0.0
6.72,1.744,1.744,0.0,0.602,0.6,0.0
6.74,1.744,1.744,0.0,0.602,0.6,0.0
6.76,1.744,1.744,0.0,0.602,0.6,0.0
6.78,1.744,1.744,0.0,0.602,0.6,0.0
6.8,1.744,1.744,0.0,0.602,0.6,0.0
6.82,1.744,1.744,0.0,0.602,0.6,0.0
6.84,1.743,1.743,0.0,0.602,0.6,0.0
6.86,1.772,1.772,-0.026,0.6,0.6,0.0
6.88,1.787,1.787,-0.041,0.6,0.6,0.0
6.9,1.763,1.763,-0.018,0.6,0.6,0.0
6.92,1.748,1.748,-0.004,0.6,0.6,0.0
6.94,1.743,1.743,0.0,0.6,0.6,0.0
6.96,1.743,1.743,0.001,0.6,0.6,0.0
6.98,1.743,1.743,0.0,0.6,0.6,0.0
7.0,1.744,1.744,0.0,0.6,0.6,0.0
7.02,1.744,1.744,-0.0,0.6,0.6,0.0
7.04,1.744,1.744,-0.0,0.6,0.6,0.0
7.06,1.772,1.772,-0.026,0.599,0.6,0.0
7.08,1.788,1.788,-0.041,0.599,0.6,0.0
7.1,1.764,1.764,-0.018,0.599,0.6,0.0
7.12,1.748,1.748,-0.004,0.599,0.6,0.0
7.14,1.744,1.744,0.0,0.599,0.6,0.0
7.16,1.743,1.743,0.001,0.599,0.6,0.0
7.18,1.744,1.744,0.0,0.599,0.6,0.0
7.2,1.744,1.744,0.0,0.599,0.6,0.0
7.22,1.744,1.744,-0.0,0.599,0.6,0.0
7.24,1.745,1.745,-0.0,0.599,0.6,0.0
7.26,1.745,1.745,-0.0,0.599,0.6,0.0
7.28,1.773,1.773,-0.026,0.597,0.6,0.0
7.3,1.789,1.789,-0.041,0.597,0.6,0.0
7.32,1.765,1.765,-0.018,0.597,0.6,0.0
7.34,1.721,1.721,0.022,0.599,0.6,0.0
7.36,1.701,1.701,0.041,0.599,0.6,0.0
7.38,1.725,1.725,0.019,0.599,0.6,0.0
7.4,1.74,1.74,0.004,0.599,0.6,0.0
7.42,1.745,1.745,-0.0,0.599,0.6,0.0
7.44,1.746,1.746,-0.001,0.599,0.6,0.0
7.46,1.746,1.746,-0.0,0.599,0.6,0.0
7.48,1.745,1.745,-0.0,0.599,0.6,0.0
7.5,1.745,1.745,0.0,0.599,0.6,0.0
7.52,1.745,1.745,0.0,0.599,0.6,0.0
7.54,1.745,1.745,0.0,0.599,0.6,0.0
7.56,1.745,1.745,0.0,0.599,0.6,0.0
7.58,1.745,1.745,0.0,0.599,0.6,0.0
7.6,1.745,1.745,0.0,0.599,0.6,0.0
7.62,1.745,1.745,0.0,0.599,0.6,0.0
7.64,1.717,1.717,0.026,0.6,0.6,0.0
7.66,1.702,1.702,0.041,0.6,0.6,0.0
7.68,1.726,1.726,0.018,0.6,0.6,0.0
7.7,1.741,1.741,0.004,0.6,0.6,0.0
7.72,1.746,1.746,-0.0,0.6,0.6,0.0
7.74,1.746,1.746,-0.001,0.6,0.6,0.0
7.76,1.745,1.745,-0.0,0.6,0.6,0.0
7.78,1.745,1.745,-0.0,0.6,0.6,0.0
7.8,1.745,1.745,0.0,0.6,0.6,0.0
7.82,1.745,1.745,0.0,0.6,0.6,0.0
7.84,1.745,1.745,0.0,0.6,0.6,0.0
7.86,1.745,1.745,0.0,0.6,0.6,0.0
7.88,1.745,1.745,0.0,0.6,0.6,0.0
7.9,1.745,1.745,0.0,0.6,0.6,0.0
7.92,1.745,1.745,0.0,0.6,0.6,0.0
7.94,1.745,1.745,0.0,0.6,0.6,0.0
7.96,1.745,1.745,0.0,0.6,0.6,0.0
7.98,1.745,1.745,0.0,0.6,0.6,0.0
8.0,1.745,1.745,0.0,0.6,0.6,0.0
8.02,1.745,1.745,0.0,0.6,0.6,0.0
8.04,1.745,1.745,0.0,0.6,0.6,0.0
8.06,1.745,1.745,0.0,0.6,0.6,0.0
8.08,1.716,1.716,0.026,0.602,0.6,0.0
8.1,1.701,1.701,0.041,0.602,0.6,0.0
8.12,1.725,1.725,0.018,0.602,0.6,0.0
8.14,1.74,1.74,0.004,0.602,0.6,0.0
8.16,1.745,1.745,-0.0,0.602,0.6,0.0
8.18,1.745,1.745,-0.001,0.602,0.6,0.0
8.2,1.744,1.744,-0.0,0.602,0.6,0.0
8.22,1.744,1.744,-0.0,0.602,0.6,0.0
8.24,1.744,1.744,0.0,0.602,0.6,0.0
8.26,1.772,1.772,-0.026,0.6,0.6,0.0
8.28,1.788,1.788,-0.041,0.6,0.6,0.0
8.3,1.764,1.764,-0.018,0.6,0.6,0.0
8.32,1.748,1.748,-0.004,0.6,0.6,0.0
8.34,1.744,1.744,0.0,0.6,0.6,0.0
8.36,1.743,1.743,0.001,0.6,0.6,0.0
8.38,1.744,1.744,0.0,0.6,0.6,0.0
8.4,1.744,1.744,0.0,0.6,0.6,0.0
8.42,1.744,1.744,-0.0,0.6,0.6,0.0
8.44,1.744,1.744,-0.0,0.6,0.6,0.0
8.46,1.773,1.773,-0.026,0.599,0.6,0.0
8.48,1.788,1.788,-0.041,0.599,0.6,0.0
8.5,1.764,1.764,-0.018,0.599,0.6,0.0
8.52,1.749,1.749,-0.004,0.599,0.6,0.0
8.54,1.744,1.744,0.0,0.599,0.6,0.0
8.56,1.744,1.744,0.001,0.599,0.6,0.0
8.58,1.744,1.744,0.0,0.599,0.6,0.0
8.6,1.745,1.745,0.0,0.599,0.6,0.0
8.62,1.745,1.745,-0.0,0.599,0.6,0.0
8.64,1.745,1.745,-0.0,0.599,0.6,0.0
8.66,1.745,1.745,-0.0,0.599,0.6,0.0
8.68,1.745,1.745,-0.0,0.599,0.6,0.0
8.7,1.745,1.745,0.0,0.599,0.6,0.0
8.72,1.745,1.745,0.0,0.599,0.6,0.0
8.74,1.745,1.745,0.0,0.599,0.6,0.0
8.76,1.745,1.745,0.0,0.599,0.6,0.0
8.78,1.745,1.745,0.0,0.599,0.6,0.0
8.8,1.745,1.745,0.0,0.599,0.6,0.0
8.82,1.745,1.745,0.0,0.599,0.6,0.0
8.84,1.745,1.745,0.0,0.599,0.6,0.0
8.86,1.745,1.745,0.0,0.599,0.6,0.0
8.88,1.745,1.745,0.0,0.599,0.6,0.0
8.9,1.745,1.745,0.0,0.599,0.6,0.0
8.92,1.717,1.717,0.026,0.6,0.6,0.0
8.94,1.702,1.702,0.041,0.6,0.6,0.0
8.96,1.726,1.726,0.018,0.6,0.6,0.0
8.98,1.741,1.741,0.004,0.6,0.6,0.0
9.0,1.746,1.746,-0.0,0.6,0.6,0.0
9.02,1.746,1.746,-0.001,0.6,0.6,0.0
9.04,1.745,1.745,-0.0,0.6,0.6,0.0
9.06,1.745,1.745,-0.0,0.6,0.6,0.0
9.08,1.745,1.745,0.0,0.6,0.6,0.0
9.1,1.745,1.745,0.0,0.6,0.6,0.0
9.12,1.745,1.745,0.0,0.6,0.6,0.0
9.14,1.745,1.745,0.0,0.6,0.6,0.0
9.16,1.745,1.745,0.0,0.6,0.6,0.0
9.18,1.745,1.745,0.0,0.6,0.6,0.0
9.2,1.745,1.745,0.0,0.6,0.6,0.0
9.22,1.745,1.745,0.0,0.6,0.6,0.0
9.24,1.745,1.745,0.0,0.6,0.6,0.0
9.26,1.745,1.745,0.0,0.6,0.6,0.0
9.28,1.745,1.745,0.0,0.6,0.6,0.0
9.3,1.745,1.745,0.0,0.6,0.6,0.0
9.32,1.745,1.745,0.0,0.6,0.6,0.0
9.34,1.745,1.745,0.0,0.6,0.6,0.0
9.36,1.745,1.745,0.0,0.6,0.6,0.0
9.38,1.745,1.745,0.0,0.6,0.6,0.0
9.4,1.745,1.745,0.0,0.6,0.6,0.0
9.42,1.745,1.745,0.0,0.6,0.6,0.0
9.44,1.745,1.745,0.0,0.6,0.6,0.0
9.46,1.745,1.745,0.0,0.6,0.6,0.0
9.48,1.745,1.745,0.0,0.6,0.6,0.0
9.5,1.716,1.716,0.026,0.602,0.6,0.0
9.52,1.701,1.701,0.041,0.602,0.6,0.0
9.54,1.725,1.725,0.018,0.602,0.6,0.0
9.56,1.74,1.74,0.004,0.602,0.6,0.0
9.58,1.745,1.745,-0.0,0.602,0.6,0.0
9.6,1.745,1.745,-0.001,0.602,0.6,0.0
9.62,1.744,1.744,-0.0,0.602,0.6,0.0
9.64,1.744,1.744,-0.0,0.602,0.6,0.0
9.66,1.772,1.772,-0.026,0.6,0.6,0.0
9.68,1.788,1.788,-0.041,0.6,0.6,0.0
9.7,1.763,1.763,-0.018,0.6,0.6,0.0
9.72,1.748,1.748,-0.004,0.6,0.6,0.0
9.74,1.744,1.744,0.0,0.6,0.6,0.0
9.76,1.743,1.743,0.001,0.6,0.6,0.0
9.78,1.744,1.744,0.0,0.6,0.6,0.0
9.8,1.744,1.744,0.0,0.6,0.6,0.0
9.82,1.773,1.773,-0.026,0.599,0.6,0.0
9.84,1.788,1.788,-0.041,0.599,0.6,0.0
9.86,1.764,1.764,-0.018,0.599,0.6,0.0
9.88,1.749,1.749,-0.004,0.599,0.6,0.0
9.9,1.744,1.744,0.0,0.599,0.6,0.0
9.92,1.744,1.744,0.001,0.599,0.6,0.0
9.94,1.744,1.744,0.0,0.599,0.6,0.0
9.96,1.745,1.745,0.0,0.599,0.6,0.0
9.98,1.745,1.745,-0.0,0.599,0.6,0.0
10.0,1.745,1.745,-0.0,0.599,0.6,0.0
10.02,1.745,1.745,-0.0,0.599,0.6,0.0
10.04,1.974,1.774,-0.026,0.597,0.6,0.2
10.06,1.989,1.789,-0.041,0.597,0.6,0.2
10.08,1.936,1.736,0.008,0.599,0.6,0.2
10.1,1.906,1.706,0.037,0.599,0.6,0.2
10.12,1.925,1.725,0.019,0.599,0.6,0.2
10.14,1.912,1.712,0.031,0.6,0.6,0.2
10.16,1.873,1.673,0.067,0.602,0.6,0.2
10.18,1.854,1.654,0.084,0.604,0.6,0.2
10.2,1.849,1.649,0.089,0.606,0.6,0.2
10.22,1.82,1.62,0.115,0.609,0.6,0.2
10.24,1.805,1.605,0.128,0.611,0.6,0.2
10.26,1.8,1.6,0.132,0.614,0.6,0.2
10.28,1.77,1.57,0.158,0.618,0.6,0.2
10.3,1.754,1.554,0.172,0.621,0.6,0.2
10.32,1.749,1.549,0.175,0.625,0.6,0.2
10.34,1.747,1.547,0.175,0.628,0.6,0.2
10.36,1.746,1.546,0.175,0.632,0.6,0.2
10.38,1.745,1.545,0.175,0.635,0.6,0.2
10.4,1.743,1.543,0.175,0.639,0.6,0.2
10.42,1.769,1.569,0.148,0.641,0.6,0.2
10.44,1.783,1.583,0.134,0.644,0.6,0.2
10.46,1.785,1.585,0.13,0.646,0.6,0.2
10.48,1.783,1.583,0.13,0.649,0.6,0.2
10.5,1.78,1.58,0.131,0.651,0.6,0.2
10.52,1.806,1.606,0.104,0.653,0.6,0.2
10.54,1.848,1.648,0.064,0.653,0.6,0.2
10.56,1.865,1.665,0.046,0.654,0.6,0.2
10.58,1.839,1.639,0.068,0.656,0.6,0.2
10.6,1.85,1.65,0.057,0.656,0.6,0.2
10.62,1.886,1.686,0.021,0.656,0.6,0.2
10.64,1.903,1.703,0.003,0.656,0.6,0.2
10.66,1.878,1.678,0.025,0.658,0.6,0.2
10.68,1.86,1.66,0.039,0.658,0.6,0.2
10.7,1.882,1.682,0.018,0.658,0.6,0.2
10.72,1.895,1.695,0.004,0.658,0.6,0.2
10.74,1.898,1.698,-0.0,0.658,0.6,0.2
10.76,1.896,1.696,-0.001,0.658,0.6,0.2
10.78,1.894,1.694,-0.0,0.658,0.6,0.2
10.8,1.892,1.692,-0.0,0.658,0.6,0.2
10.82,1.89,1.69,0.0,0.658,0.6,0.2
10.84,1.888,1.688,0.0,0.658,0.6,0.2
10.86,1.915,1.715,-0.026,0.656,0.6,0.2
10.88,1.928,1.728,-0.041,0.656,0.6,0.2
10.9,1.874,1.674,0.008,0.658,0.6,0.2
10.92,1.842,1.642,0.037,0.658,0.6,0.2
10.94,1.859,1.659,0.019,0.658,0.6,0.2
10.96,1.872,1.672,0.005,0.658,0.6,0.2
10.98,1.876,1.676,-0.0,0.658,0.6,0.2
11.0,1.874,1.674,-0.001,0.658,0.6,0.2
11.02,1.872,1.672,-0.0,0.658,0.6,0.2
11.04,1.87,1.67,-0.0,0.658,0.6,0.2
11.06,1.868,1.668,0.0,0.658,0.6,0.2
11.08,1.866,1.666,0.0,0.658,0.6,0.2
11.1,1.836,1.636,0.026,0.66,0.6,0.2
11.12,1.819,1.619,0.041,0.66,0.6,0.2
11.14,1.841,1.641,0.018,0.66,0.6,0.2
11.16,1.854,1.654,0.004,0.66,0.6,0.2
11.18,1.857,1.657,-0.0,0.66,0.6,0.2
11.2,1.856,1.656,-0.001,0.66,0.6,0.2
11.22,1.853,1.653,-0.0,0.66,0.6,0.2
11.24,1.88,1.68,-0.026,0.658,0.6,0.2
11.26,1.893,1.693,-0.041,0.658,0.6,0.2
11.28,1.867,1.667,-0.018,0.658,0.6,0.2
11.3,1.85,1.65,-0.004,0.658,0.6,0.2
11.32,1.844,1.644,0.0,0.658,0.6,0.2
11.34,1.841,1.641,0.001,0.658,0.6,0.2
11.36,1.869,1.669,-0.026,0.656,0.6,0.2
11.38,1.883,1.683,-0.041,0.656,0.6,0.2
11.4,1.857,1.657,-0.018,0.656,0.6,0.2
11.42,1.868,1.668,-0.03,0.654,0.6,0.2
11.44,1.877,1.677,-0.04,0.654,0.6,0.2
11.46,1.851,1.651,-0.017,0.654,0.6,0.2
11.48,1.863,1.663,-0.03,0.653,0.6,0.2
11.5,1.872,1.672,-0.04,0.653,0.6,0.2
11.52,1.846,1.646,-0.017,0.653,0.6,0.2
11.54,1.859,1.659,-0.03,0.651,0.6,0.2
11.56,1.868,1.668,-0.04,0.651,0.6,0.2
11.58,1.842,1.642,-0.017,0.651,0.6,0.2
11.6,1.854,1.654,-0.03,0.649,0.6,0.2
11.62,1.864,1.664,-0.04,0.649,0.6,0.2
11.64,1.838,1.638,-0.017,0.649,0.6,0.2
11.66,1.85,1.65,-0.03,0.648,0.6,0.2
11.68,1.859,1.659,-0.04,0.648,0.6,0.2
11.7,1.834,1.634,-0.017,0.648,0.6,0.2
11.72,1.846,1.646,-0.03,0.646,0.6,0.2
11.74,1.855,1.655,-0.04,0.646,0.6,0.2
11.76,1.83,1.63,-0.017,0.646,0.6,0.2
11.78,1.842,1.642,-0.03,0.644,0.6,0.2
11.8,1.852,1.652,-0.04,0.644,0.6,0.2
11.82,1.854,1.654,-0.044,0.642,0.6,0.2
11.84,1.854,1.654,-0.044,0.642,0.6,0.2
11.86,1.824,1.624,-0.018,0.642,0.6,0.2
11.88,1.836,1.636,-0.03,0.641,0.6,0.2
11.9,1.845,1.645,-0.04,0.641,0.6,0.2
11.92,1.849,1.649,-0.044,0.639,0.6,0.2
11.94,1.848,1.648,-0.044,0.639,0.6,0.2
11.96,1.818,1.618,-0.018,0.639,0.6,0.2
11.98,1.83,1.63,-0.03,0.637,0.6,0.2
12.0,1.84,1.64,-0.04,0.637,0.6,0.2
12.02,1.843,1.643,-0.044,0.635,0.6,0.2
12.04,1.843,1.643,-0.044,0.635,0.6,0.2
12.06,1.813,1.613,-0.018,0.635,0.6,0.2
12.08,1.826,1.626,-0.03,0.634,0.6,0.2
12.1,1.835,1.635,-0.04,0.634,0.6,0.2
12.12,1.81,1.61,-0.017,0.634,0.6,0.2
12.14,1.823,1.623,-0.03,0.632,0.6,0.2
12.16,1.833,1.633,-0.04,0.632,0.6,0.2
12.18,1.808,1.608,-0.017,0.632,0.6,0.2
12.2,1.792,1.592,-0.004,0.632,0.6,0.2
12.22,1.815,1.615,-0.026,0.63,0.6,0.2
12.24,1.829,1.629,-0.04,0.63,0.6,0.2
12.26,1.833,1.633,-0.044,0.628,0.6,0.2
12.28,1.833,1.633,-0.044,0.628,0.6,0.2
12.3,1.803,1.603,-0.018,0.628,0.6,0.2
12.32,1.815,1.615,-0.03,0.627,0.6,0.2
12.34,1.826,1.626,-0.04,0.627,0.6,0.2
12.36,1.801,1.601,-0.017,0.627,0.6,0.2
12.38,1.814,1.614,-0.03,0.625,0.6,0.2
12.4,1.824,1.624,-0.04,0.625,0.6,0.2
12.42,1.799,1.599,-0.017,0.625,0.6,0.2
12.44,1.812,1.612,-0.03,0.623,0.6,0.2
12.46,1.822,1.622,-0.04,0.623,0.6,0.2
12.48,1.825,1.625,-0.044,0.621,0.6,0.2
12.5,1.825,1.625,-0.044,0.621,0.6,0.2
12.52,1.796,1.596,-0.018,0.621,0.6,0.2
12.54,1.809,1.609,-0.03,0.62,0.6,0.2
12.56,1.819,1.619,-0.04,0.62,0.6,0.2
12.58,1.794,1.594,-0.017,0.62,0.6,0.2
12.6,1.808,1.608,-0.03,0.618,0.6,0.2
12.62,1.818,1.618,-0.04,0.618,0.6,0.2
12.64,1.793,1.593,-0.017,0.618,0.6,0.2
12.66,1.778,1.578,-0.004,0.618,0.6,0.2
12.68,1.802,1.602,-0.026,0.616,0.6,0.2
12.7,1.816,1.616,-0.04,0.616,0.6,0.2
12.72,1.792,1.592,-0.018,0.616,0.6,0.2
12.74,1.776,1.576,-0.004,0.616,0.6,0.2
12.76,1.771,1.571,0.0,0.616,0.6,0.2
12.78,1.799,1.599,-0.026,0.614,0.6,0.2
12.8,1.814,1.614,-0.04,0.614,0.6,0.2
12.82,1.79,1.59,-0.018,0.614,0.6,0.2
12.84,1.775,1.575,-0.004,0.614,0.6,0.2
12.86,1.769,1.569,0.0,0.614,0.6,0.2
12.88,1.797,1.597,-0.026,0.613,0.6,0.2
12.9,1.813,1.613,-0.04,0.613,0.6,0.2
12.92,1.788,1.588,-0.018,0.613,0.6,0.2
12.94,1.773,1.573,-0.004,0.613,0.6,0.2
12.96,1.768,1.568,0.0,0.613,0.6,0.2
12.98,1.767,1.567,0.001,0.613,0.6,0.2
13.0,1.796,1.596,-0.026,0.611,0.6,0.2
13.02,1.811,1.611,-0.041,0.611,0.6,0.2
13.04,1.787,1.587,-0.018,0.611,0.6,0.2
13.06,1.771,1.571,-0.004,0.611,0.6,0.2
13.08,1.766,1.566,0.0,0.611,0.6,0.2
13.1,1.794,1.594,-0.026,0.609,0.6,0.2
13.12,1.809,1.609,-0.04,0.609,0.6,0.2
13.14,1.785,1.585,-0.018,0.609,0.6,0.2
13.16,1.77,1.57,-0.004,0.609,0.6,0.2
13.18,1.765,1.565,0.0,0.609,0.6,0.2
13.2,1.764,1.564,0.001,0.609,0.6,0.2
13.22,1.793,1.593,-0.026,0.607,0.6,0.2
13.24,1.808,1.608,-0.041,0.607,0.6,0.2
13.26,1.784,1.584,-0.018,0.607,0.6,0.2
13.28,1.769,1.569,-0.004,0.607,0.6,0.2
13.3,1.764,1.564,0.0,0.607,0.6,0.2
13.32,1.763,1.563,0.001,0.607,0.6,0.2
13.34,1.764,1.564,0.0,0.607,0.6,0.2
13.36,1.764,1.564,0.0,0.607,0.6,0.2
13.38,1.792,1.592,-0.026,0.606,0.6,0.2
13.4,1.807,1.607,-0.041,0.606,0.6,0.2
13.42,1.783,1.583,-0.018,0.606,0.6,0.2
13.44,1.768,1.568,-0.004,0.606,0.6,0.2
13.46,1.763,1.563,0.0,0.606,0.6,0.2
13.48,1.762,1.562,0.001,0.606,0.6,0.2
13.5,1.762,1.562,0.0,0.606,0.6,0.2
13.52,1.763,1.563,0.0,0.606,0.6,0.2
13.54,1.762,1.562,-0.0,0.606,0.6,0.2
13.56,1.762,1.562,-0.0,0.606,0.6,0.2
13.58,1.762,1.562,-0.0,0.606,0.6,0.2
13.6,1.791,1.591,-0.026,0.604,0.6,0.2
13.62,1.806,1.606,-0.041,0.604,0.6,0.2
13.64,1.781,1.581,-0.018,0.604,0.6,0.2
13.66,1.766,1.566,-0.004,0.604,0.6,0.2
13.68,1.761,1.561,0.0,0.604,0.6,0.2
13.7,1.761,1.561,0.001,0.604,0.6,0.2
13.72,1.761,1.561,0.0,0.604,0.6,0.2
13.74,1.761,1.561,0.0,0.604,0.6,0.2
13.76,1.79,1.59,-0.026,0.602,0.6,0.2
13.78,1.805,1.605,-0.041,0.602,0.6,0.2
13.8,1.781,1.581,-0.018,0.602,0.6,0.2
13.82,1.766,1.566,-0.004,0.602,0.6,0.2
13.84,1.761,1.561,0.0,0.602,0.6,0.2
13.86,1.761,1.561,0.001,0.602,0.6,0.2
13.88,1.761,1.561,0.0,0.602,0.6,0.2
13.9,1.761,1.561,0.0,0.602,0.6,0.2
13.92,1.761,1.561,-0.0,0.602,0.6,0.2
13.94,1.761,1.561,-0.0,0.602,0.6,0.2
13.96,1.761,1.561,-0.0,0.602,0.6,0.2
13.98,1.761,1.561,-0.0,0.602,0.6,0.2
14.0,1.79,1.59,-0.026,0.6,0.6,0.2
14.02,1.805,1.605,-0.041,0.6,0.6,0.2
14.04,1.781,1.581,-0.018,0.6,0.6,0.2
14.06,1.766,1.566,-0.004,0.6,0.6,0.2
14.08,1.761,1.561,0.0,0.6,0.6,0.2
14.1,1.76,1.56,0.001,0.6,0.6,0.2
14.12,1.761,1.561,0.0,0.6,0.6,0.2
14.14,1.761,1.561,0.0,0.6,0.6,0.2
14.16,1.761,1.561,-0.0,0.6,0.6,0.2
14.18,1.761,1.561,-0.0,0.6,0.6,0.2
14.2,1.761,1.561,-0.0,0.6,0.6,0.2
14.22,1.733,1.533,0.026,0.602,0.6,0.2
14.24,1.717,1.517,0.041,0.602,0.6,0.2
14.26,1.741,1.541,0.018,0.602,0.6,0.2
14.28,1.756,1.556,0.004,0.602,0.6,0.2
14.3,1.761,1.561,-0.0,0.602,0.6,0.2
14.32,1.761,1.561,-0.001,0.602,0.6,0.2
14.34,1.761,1.561,-0.0,0.602,0.6,0.2
14.36,1.789,1.589,-0.026,0.6,0.6,0.2
14.38,1.804,1.604,-0.041,0.6,0.6,0.2
14.4,1.78,1.58,-0.018,0.6,0.6,0.2
14.42,1.765,1.565,-0.004,0.6,0.6,0.2
14.44,1.76,1.56,0.0,0.6,0.6,0.2
14.46,1.76,1.56,0.001,0.6,0.6,0.2
14.48,1.76,1.56,0.0,0.6,0.6,0.2
14.5,1.761,1.561,0.0,0.6,0.6,0.2
14.52,1.761,1.561,-0.0,0.6,0.6,0.2
14.54,1.761,1.561,-0.0,0.6,0.6,0.2
14.56,1.761,1.561,-0.0,0.6,0.6,0.2
14.58,1.761,1.561,-0.0,0.6,0.6,0.2
14.6,1.761,1.561,0.0,0.6,0.6,0.2
14.62,1.789,1.589,-0.026,0.599,0.6,0.2
14.64,1.804,1.604,-0.041,0.599,0.6,0.2
14.66,1.78,1.58,-0.018,0.599,0.6,0.2
14.68,1.765,1.565,-0.004,0.599,0.6,0.2
14.7,1.761,1.561,0.0,0.599,0.6,0.2
14.72,1.76,1.56,0.001,0.599,0.6,0.2
14.74,1.761,1.561,0.0,0.599,0.6,0.2
14.76,1.733,1.533,0.026,0.6,0.6,0.2
14.78,1.717,1.517,0.041,0.6,0.6,0.2
14.8,1.742,1.542,0.018,0.6,0.6,0.2
14.82,1.757,1.557,0.004,0.6,0.6,0.2
14.84,1.761,1.561,-0.0,0.6,0.6,0.2
14.86,1.762,1.562,-0.001,0.6,0.6,0.2
14.88,1.761,1.561,-0.0,0.6,0.6,0.2
14.9,1.761,1.561,-0.0,0.6,0.6,0.2
14.92,1.761,1.561,0.0,0.6,0.6,0.2
14.94,1.761,1.561,0.0,0.6,0.6,0.2
14.96,1.761,1.561,0.0,0.6,0.6,0.2
14.98,1.761,1.561,0.0,0.6,0.6,0.2
15.0,1.761,1.561,0.0,0.6,0.6,0.2
15.02,1.761,1.561,0.0,0.6,0.6,0.2
15.04,1.761,1.561,0.0,0.6,0.6,0.2
15.06,1.789,1.589,-0.026,0.599,0.6,0.2
15.08,1.805,1.605,-0.041,0.599,0.6,0.2
15.1,1.781,1.581,-0.018,0.599,0.6,0.2
15.12,1.765,1.565,-0.004,0.599,0.6,0.2
15.14,1.761,1.561,0.0,0.599,0.6,0.2
15.16,1.76,1.56,0.001,0.599,0.6,0.2
15.18,1.732,1.532,0.027,0.6,0.6,0.2
15.2,1.717,1.517,0.041,0.6,0.6,0.2
15.22,1.742,1.542,0.018,0.6,0.6,0.2
15.24,1.757,1.557,0.004,0.6,0.6,0.2
15.26,1.761,1.561,-0.0,0.6,0.6,0.2
15.28,1.762,1.562,-0.001,0.6,0.6,0.2
15.3,1.761,1.561,-0.0,0.6,0.6,0.2
15.32,1.761,1.561,-0.0,0.6,0.6,0.2
15.34,1.761,1.561,0.0,0.6,0.6,0.2
15.36,1.761,1.561,0.0,0.6,0.6,0.2
15.38,1.761,1.561,0.0,0.6,0.6,0.2
15.4,1.789,1.589,-0.026,0.599,0.6,0.2
15.42,1.805,1.605,-0.041,0.599,0.6,0.2
15.44,1.781,1.581,-0.018,0.599,0.6,0.2
15.46,1.766,1.566,-0.004,0.599,0.6,0.2
15.48,1.761,1.561,0.0,0.599,0.6,0.2
15.5,1.761,1.561,0.001,0.599,0.6,0.2
15.52,1.761,1.561,0.0,0.599,0.6,0.2
15.54,1.761,1.561,0.0,0.599,0.6,0.2
15.56,1.762,1.562,-0.0,0.599,0.6,0.2
15.58,1.762,1.562,-0.0,0.599,0.6,0.2
15.6,1.762,1.562,-0.0,0.599,0.6,0.2
15.62,1.733,1.533,0.026,0.6,0.6,0.2
15.64,1.718,1.518,0.041,0.6,0.6,0.2
15.66,1.742,1.542,0.018,0.6,0.6,0.2
15.68,1.757,1.557,0.004,0.6,0.6,0.2
15.7,1.762,1.562,-0.0,0.6,0.6,0.2
15.72,1.762,1.562,-0.001,0.6,0.6,0.2
15.74,1.762,1.562,-0.0,0.6,0.6,0.2
15.76,1.761,1.561,-0.0,0.6,0.6,0.2
15.78,1.761,1.561,0.0,0.6,0.6,0.2
15.8,1.761,1.561,0.0,0.6,0.6,0.2
15.82,1.79,1.59,-0.026,0.599,0.6,0.2
15.84,1.805,1.605,-0.041,0.599,0.6,0.2
15.86,1.781,1.581,-0.018,0.599,0.6,0.2
15.88,1.766,1.566,-0.004,0.599,0.6,0.2
15.9,1.761,1.561,0.0,0.599,0.6,0.2
15.92,1.761,1.561,0.001,0.599,0.6,0.2
15.94,1.761,1.561,0.0,0.599,0.6,0.2
15.96,1.762,1.562,0.0,0.599,0.6,0.2
15.98,1.762,1.562,-0.0,0.599,0.6,0.2
16.0,1.762,1.562,-0.0,0.599,0.6,0.2
16.02,1.762,1.562,-0.0,0.599,0.6,0.2
16.04,1.762,1.562,-0.0,0.599,0.6,0.2
16.06,1.762,1.562,0.0,0.599,0.6,0.2
16.08,1.762,1.562,0.0,0.599,0.6,0.2
16.1,1.762,1.562,0.0,0.599,0.6,0.2
16.12,1.762,1.562,0.0,0.599,0.6,0.2
16.14,1.762,1.562,0.0,0.599,0.6,0.2
16.16,1.762,1.562,0.0,0.599,0.6,0.2
16.18,1.762,1.562,0.0,0.599,0.6,0.2
16.2,1.762,1.562,0.0,0.599,0.6,0.2
16.22,1.762,1.562,0.0,0.599,0.6,0.2
16.24,1.762,1.562,0.0,0.599,0.6,0.2
16.26,1.763,1.563,0.0,0.599,0.6,0.2
16.28,1.763,1.563,0.0,0.599,0.6,0.2
16.3,1.763,1.563,0.0,0.599,0.6,0.2
16.32,1.763,1.563,0.0,0.599,0.6,0.2
16.34,1.763,1.563,0.0,0.599,0.6,0.2
16.36,1.763,1.563,0.0,0.599,0.6,0.2
16.38,1.763,1.563,0.0,0.599,0.6,0.2
16.4,1.763,1.563,0.0,0.599,0.6,0.2
16.42,1.763,1.563,0.0,0.599,0.6,0.2
16.44,1.792,1.592,-0.026,0.597,0.6,0.2
16.46,1.807,1.607,-0.041,0.597,0.6,0.2
16.48,1.783,1.583,-0.018,0.597,0.6,0.2
16.5,1.768,1.568,-0.004,0.597,0.6,0.2
16.52,1.763,1.563,0.0,0.597,0.6,0.2
16.54,1.763,1.563,0.001,0.597,0.6,0.2
16.56,1.763,1.563,0.0,0.597,0.6,0.2
16.58,1.764,1.564,0.0,0.597,0.6,0.2
16.6,1.764,1.564,-0.0,0.597,0.6,0.2
16.62,1.764,1.564,-0.0,0.597,0.6,0.2
16.64,1.764,1.564,-0.0,0.597,0.6,0.2
16.66,1.764,1.564,-0.0,0.597,0.6,0.2
16.68,1.736,1.536,0.026,0.599,0.6,0.2
16.7,1.721,1.521,0.041,0.599,0.6,0.2
16.72,1.745,1.545,0.018,0.599,0.6,0.2
16.74,1.76,1.56,0.004,0.599,0.6,0.2
16.76,1.765,1.565,-0.0,0.599,0.6,0.2
16.78,1.765,1.565,-0.001,0.599,0.6,0.2
16.8,1.765,1.565,-0.0,0.599,0.6,0.2
16.82,1.764,1.564,-0.0,0.599,0.6,0.2
16.84,1.764,1.564,0.0,0.599,0.6,0.2
16.86,1.793,1.593,-0.026,0.597,0.6,0.2
16.88,1.808,1.608,-0.041,0.597,0.6,0.2
16.9,1.784,1.584,-0.018,0.597,0.6,0.2
16.92,1.769,1.569,-0.004,0.597,0.6,0.2
16.94,1.765,1.565,0.0,0.597,0.6,0.2
16.96,1.764,1.564,0.001,0.597,0.6,0.2
16.98,1.765,1.565,0.0,0.597,0.6,0.2
17.0,1.765,1.565,0.0,0.597,0.6,0.2
17.02,1.766,1.566,-0.0,0.597,0.6,0.2
17.04,1.766,1.566,-0.0,0.597,0.6,0.2
17.06,1.737,1.537,0.026,0.599,0.6,0.2
17.08,1.722,1.522,0.041,0.599,0.6,0.2
17.1,1.746,1.546,0.018,0.599,0.6,0.2
17.12,1.761,1.561,0.004,0.599,0.6,0.2
17.14,1.766,1.566,-0.0,0.599,0.6,0.2
17.16,1.766,1.566,-0.001,0.599,0.6,0.2
17.18,1.766,1.566,-0.0,0.599,0.6,0.2
17.2,1.766,1.566,-0.0,0.599,0.6,0.2
17.22,1.766,1.566,0.0,0.599,0.6,0.2
17.24,1.766,1.566,0.0,0.599,0.6,0.2
17.26,1.766,1.566,0.0,0.599,0.6,0.2
17.28,1.766,1.566,0.0,0.599,0.6,0.2
17.3,1.795,1.595,-0.026,0.597,0.6,0.2
17.32,1.81,1.61,-0.041,0.597,0.6,0.2
17.34,1.786,1.586,-0.018,0.597,0.6,0.2
17.36,1.771,1.571,-0.004,0.597,0.6,0.2
17.38,1.766,1.566,0.0,0.597,0.6,0.2
17.4,1.766,1.566,0.001,0.597,0.6,0.2
17.42,1.767,1.567,0.0,0.597,0.6,0.2
17.44,1.767,1.567,0.0,0.597,0.6,0.2
17.46,1.767,1.567,-0.0,0.597,0.6,0.2
17.48,1.767,1.567,-0.0,0.597,0.6,0.2
17.5,1.767,1.567,-0.0,0.597,0.6,0.2
17.52,1.767,1.567,-0.0,0.597,0.6,0.2
17.54,1.739,1.539,0.026,0.599,0.6,0.2
17.56,1.724,1.524,0.041,0.599,0.6,0.2
17.58,1.748,1.548,0.018,0.599,0.6,0.2
17.6,1.763,1.563,0.004,0.599,0.6,0.2
17.62,1.768,1.568,-0.0,0.599,0.6,0.2
17.64,1.768,1.568,-0.001,0.599,0.6,0.2
17.66,1.768,1.568,-0.0,0.599,0.6,0.2
17.68,1.796,1.596,-0.026,0.597,0.6,0.2
17.7,1.811,1.611,-0.041,0.597,0.6,0.2
17.72,1.787,1.587,-0.018,0.597,0.6,0.2
17.74,1.772,1.572,-0.004,0.597,0.6,0.2
17.76,1.768,1.568,0.0,0.597,0.6,0.2
17.78,1.767,1.567,0.001,0.597,0.6,0.2
17.8,1.768,1.568,0.0,0.597,0.6,0.2
17.82,1.768,1.568,0.0,0.597,0.6,0.2
17.84,1.769,1.569,-0.0,0.597,0.6,0.2
17.86,1.769,1.569,-0.0,0.597,0.6,0.2
17.88,1.769,1.569,-0.0,0.597,0.6,0.2
17.9,1.769,1.569,-0.0,0.597,0.6,0.2
17.92,1.769,1.569,0.0,0.597,0.6,0.2
17.94,1.769,1.569,0.0,0.597,0.6,0.2
17.96,1.769,1.569,0.0,0.597,0.6,0.2
17.98,1.769,1.569,0.0,0.597,0.6,0.2
18.0,1.769,1.569,0.0,0.597,0.6,0.2
18.02,1.769,1.569,0.0,0.597,0.6,0.2
18.04,1.77,1.57,0.0,0.597,0.6,0.2
18.06,1.77,1.57,0.0,0.597,0.6,0.2
18.08,1.77,1.57,0.0,0.597,0.6,0.2
18.1,1.77,1.57,0.0,0.597,0.6,0.2
18.12,1.77,1.57,0.0,0.597,0.6,0.2
18.14,1.77,1.57,0.0,0.597,0.6,0.2
18.16,1.77,1.57,0.0,0.597,0.6,0.2
18.18,1.77,1.57,0.0,0.597,0.6,0.2
18.2,1.77,1.57,0.0,0.597,0.6,0.2
18.22,1.77,1.57,0.0,0.597,0.6,0.2
18.24,1.771,1.571,0.0,0.597,0.6,0.2
18.26,1.771,1.571,0.0,0.597,0.6,0.2
18.28,1.799,1.599,-0.026,0.595,0.6,0.2
18.3,1.815,1.615,-0.041,0.595,0.6,0.2
18.32,1.791,1.591,-0.018,0.595,0.6,0.2
18.34,1.776,1.576,-0.004,0.595,0.6,0.2
18.36,1.771,1.571,0.0,0.595,0.6,0.2
18.38,1.771,1.571,0.001,0.595,0.6,0.2
18.4,1.772,1.572,0.0,0.595,0.6,0.2
18.42,1.772,1.572,0.0,0.595,0.6,0.2
18.44,1.772,1.572,-0.0,0.595,0.6,0.2
18.46,1.772,1.572,-0.0,0.595,0.6,0.2
18.48,1.773,1.573,-0.0,0.595,0.6,0.2
18.5,1.773,1.573,-0.0,0.595,0.6,0.2
18.52,1.773,1.573,0.0,0.595,0.6,0.2
18.54,1.773,1.573,0.0,0.595,0.6,0.2
18.56,1.773,1.573,0.0,0.595,0.6,0.2
18.58,1.773,1.573,0.0,0.595,0.6,0.2
18.6,1.774,1.574,0.0,0.595,0.6,0.2
18.62,1.774,1.574,0.0,0.595,0.6,0.2
18.64,1.774,1.574,0.0,0.595,0.6,0.2
18.66,1.774,1.574,0.0,0.595,0.6,0.2
18.68,1.774,1.574,0.0,0.595,0.6,0.2
18.7,1.803,1.603,-0.026,0.593,0.6,0.2
18.72,1.818,1.618,-0.041,0.593,0.6,0.2
18.74,1.794,1.594,-0.018,0.593,0.6,0.2
18.76,1.78,1.58,-0.004,0.593,0.6,0.2
18.78,1.775,1.575,0.0,0.593,0.6,0.2
18.8,1.775,1.575,0.001,0.593,0.6,0.2
18.82,1.776,1.576,0.0,0.593,0.6,0.2
18.84,1.747,1.547,0.026,0.595,0.6,0.2
18.86,1.732,1.532,0.041,0.595,0.6,0.2
18.88,1.757,1.557,0.018,0.595,0.6,0.2
18.9,1.772,1.572,0.004,0.595,0.6,0.2
18.92,1.777,1.577,-0.0,0.595,0.6,0.2
18.94,1.777,1.577,-0.001,0.595,0.6,0.2
18.96,1.777,1.577,-0.0,0.595,0.6,0.2
18.98,1.777,1.577,-0.0,0.595,0.6,0.2
19.0,1.777,1.577,0.0,0.595,0.6,0.2
19.02,1.777,1.577,0.0,0.595,0.6,0.2
19.04,1.749,1.549,0.026,0.597,0.6,0.2
19.06,1.734,1.534,0.041,0.597,0.6,0.2
19.08,1.758,1.558,0.018,0.597,0.6,0.2
19.1,1.773,1.573,0.004,0.597,0.6,0.2
19.12,1.778,1.578,-0.0,0.597,0.6,0.2
19.14,1.75,1.55,0.026,0.599,0.6,0.2
19.16,1.734,1.534,0.04,0.599,0.6,0.2
19.18,1.758,1.558,0.018,0.599,0.6,0.2
19.2,1.773,1.573,0.004,0.599,0.6,0.2
19.22,1.778,1.578,-0.0,0.599,0.6,0.2
19.24,1.749,1.549,0.026,0.6,0.6,0.2
19.26,1.734,1.534,0.04,0.6,0.6,0.2
19.28,1.757,1.557,0.018,0.6,0.6,0.2
19.3,1.773,1.573,0.004,0.6,0.6,0.2
19.32,1.777,1.577,-0.0,0.6,0.6,0.2
19.34,1.778,1.578,-0.001,0.6,0.6,0.2
19.36,1.777,1.577,-0.0,0.6,0.6,0.2
19.38,1.777,1.577,-0.0,0.6,0.6,0.2
19.4,1.777,1.577,0.0,0.6,0.6,0.2
19.42,1.777,1.577,0.0,0.6,0.6,0.2
19.44,1.777,1.577,0.0,0.6,0.6,0.2
19.46,1.777,1.577,0.0,0.6,0.6,0.2
19.48,1.777,1.577,0.0,0.6,0.6,0.2
19.5,1.777,1.577,0.0,0.6,0.6,0.2
19.52,1.777,1.577,0.0,0.6,0.6,0.2
19.54,1.777,1.577,0.0,0.6,0.6,0.2
19.56,1.777,1.577,0.0,0.6,0.6,0.2
19.58,1.777,1.577,0.0,0.6,0.6,0.2
19.6,1.777,1.577,0.0,0.6,0.6,0.2
19.62,1.777,1.577,0.0,0.6,0.6,0.2
19.64,1.748,1.548,0.026,0.602,0.6,0.2
19.66,1.733,1.533,0.041,0.602,0.6,0.2
19.68,1.757,1.557,0.018,0.602,0.6,0.2
19.7,1.772,1.572,0.004,0.602,0.6,0.2
19.72,1.776,1.576,-0.0,0.602,0.6,0.2
19.74,1.777,1.577,-0.001,0.602,0.6,0.2
19.76,1.776,1.576,-0.0,0.602,0.6,0.2
19.78,1.776,1.576,-0.0,0.602,0.6,0.2
19.8,1.776,1.576,0.0,0.602,0.6,0.2
19.82,1.775,1.575,0.0,0.602,0.6,0.2
19.84,1.775,1.575,0.0,0.602,0.6,0.2
19.86,1.775,1.575,0.0,0.602,0.6,0.2
19.88,1.775,1.575,0.0,0.602,0.6,0.2
19.9,1.775,1.575,0.0,0.602,0.6,0.2
19.92,1.775,1.575,0.0,0.602,0.6,0.2
19.94,1.775,1.575,0.0,0.602,0.6,0.2
19.96,1.775,1.575,0.0,0.602,0.6,0.2
19.98,1.775,1.575,0.0,0.602,0.6,0.2
20.0,1.775,1.575,0.0,0.602,0.6,0.2
20.02,1.575,1.575,0.0,0.602,0.6,0.0
20.04,1.603,1.603,-0.026,0.6,0.6,0.0
20.06,1.619,1.619,-0.041,0.6,0.6,0.0
20.08,1.594,1.594,-0.018,0.6,0.6,0.0
20.1,1.608,1.608,-0.03,0.599,0.6,0.0
20.12,1.647,1.647,-0.067,0.597,0.6,0.0
20.14,1.638,1.638,-0.058,0.597,0.6,0.0
20.16,1.628,1.628,-0.048,0.595,0.6,0.0
20.18,1.652,1.652,-0.07,0.593,0.6,0.0
20.2,1.696,1.696,-0.11,0.59,0.6,0.0
20.22,1.716,1.716,-0.128,0.588,0.6,0.0
20.24,1.722,1.722,-0.133,0.585,0.6,0.0
20.26,1.722,1.722,-0.132,0.583,0.6,0.0
20.28,1.723,1.723,-0.131,0.579,0.6,0.0
20.3,1.752,1.752,-0.157,0.576,0.6,0.0
20.32,1.74,1.74,-0.145,0.574,0.6,0.0
20.34,1.731,1.731,-0.135,0.571,0.6,0.0
20.36,1.757,1.757,-0.157,0.567,0.6,0.0
20.38,1.744,1.744,-0.145,0.565,0.6,0.0
20.4,1.735,1.735,-0.134,0.562,0.6,0.0
20.42,1.733,1.733,-0.131,0.56,0.6,0.0
20.44,1.735,1.735,-0.13,0.557,0.6,0.0
20.46,1.737,1.737,-0.131,0.555,0.6,0.0
20.48,1.711,1.711,-0.104,0.553,0.6,0.0
20.5,1.726,1.726,-0.117,0.55,0.6,0.0
20.52,1.739,1.739,-0.127,0.548,0.6,0.0
20.54,1.717,1.717,-0.104,0.546,0.6,0.0
20.56,1.676,1.676,-0.064,0.546,0.6,0.0
20.58,1.658,1.658,-0.046,0.545,0.6,0.0
20.6,1.684,1.684,-0.068,0.543,0.6,0.0
20.62,1.673,1.673,-0.057,0.543,0.6,0.0
20.64,1.637,1.637,-0.021,0.543,0.6,0.0
20.66,1.648,1.648,-0.029,0.541,0.6,0.0
20.68,1.661,1.661,-0.039,0.541,0.6,0.0
20.7,1.639,1.639,-0.017,0.541,0.6,0.0
20.72,1.626,1.626,-0.003,0.541,0.6,0.0
20.74,1.624,1.624,0.001,0.541,0.6,0.0
20.76,1.625,1.625,0.001,0.541,0.6,0.0
20.78,1.628,1.628,0.0,0.541,0.6,0.0
20.8,1.63,1.63,0.0,0.541,0.6,0.0
20.82,1.632,1.632,-0.0,0.541,0.6,0.0
20.84,1.633,1.633,-0.0,0.541,0.6,0.0
20.86,1.635,1.635,-0.0,0.541,0.6,0.0
20.88,1.609,1.609,0.026,0.543,0.6,0.0
20.9,1.595,1.595,0.041,0.543,0.6,0.0
20.92,1.621,1.621,0.018,0.543,0.6,0.0
20.94,1.638,1.638,0.004,0.543,0.6,0.0
20.96,1.644,1.644,-0.0,0.543,0.6,0.0
20.98,1.618,1.618,0.026,0.545,0.6,0.0
21.0,1.604,1.604,0.04,0.545,0.6,0.0
21.02,1.63,1.63,0.018,0.545,0.6,0.0
21.04,1.646,1.646,0.004,0.545,0.6,0.0
21.06,1.653,1.653,-0.0,0.545,0.6,0.0
21.08,1.655,1.655,-0.001,0.545,0.6,0.0
21.1,1.656,1.656,-0.0,0.545,0.6,0.0
21.12,1.658,1.658,-0.0,0.545,0.6,0.0
21.14,1.659,1.659,0.0,0.545,0.6,0.0
21.16,1.661,1.661,0.0,0.545,0.6,0.0
21.18,1.663,1.663,0.0,0.545,0.6,0.0
21.2,1.664,1.664,0.0,0.545,0.6,0.0
21.22,1.666,1.666,0.0,0.545,0.6,0.0
21.24,1.668,1.668,0.0,0.545,0.6,0.0
21.26,1.67,1.67,0.0,0.545,0.6,0.0
21.28,1.671,1.671,0.0,0.545,0.6,0.0
21.3,1.673,1.673,0.0,0.545,0.6,0.0
21.32,1.646,1.646,0.026,0.546,0.6,0.0
21.34,1.633,1.633,0.041,0.546,0.6,0.0
21.36,1.659,1.659,0.018,0.546,0.6,0.0
21.38,1.675,1.675,0.004,0.546,0.6,0.0
21.4,1.682,1.682,-0.0,0.546,0.6,0.0
21.42,1.684,1.684,-0.001,0.546,0.6,0.0
21.44,1.656,1.656,0.026,0.548,0.6,0.0
21.46,1.643,1.643,0.041,0.548,0.6,0.0
21.48,1.668,1.668,0.018,0.548,0.6,0.0
21.5,1.685,1.685,0.004,0.548,0.6,0.0
21.52,1.663,1.663,0.026,0.55,0.6,0.0
21.54,1.649,1.649,0.04,0.55,0.6,0.0
21.56,1.675,1.675,0.018,0.55,0.6,0.0
21.58,1.662,1.662,0.03,0.552,0.6,0.0
21.6,1.653,1.653,0.04,0.552,0.6,0.0
21.62,1.679,1.679,0.017,0.552,0.6,0.0
21.64,1.667,1.667,0.03,0.553,0.6,0.0
21.66,1.657,1.657,0.04,0.553,0.6,0.0
21.68,1.683,1.683,0.017,0.553,0.6,0.0
21.7,1.671,1.671,0.03,0.555,0.6,0.0
21.72,1.661,1.661,0.04,0.555,0.6,0.0
21.74,1.687,1.687,0.017,0.555,0.6,0.0
21.76,1.675,1.675,0.03,0.557,0.6,0.0
21.78,1.665,1.665,0.04,0.557,0.6,0.0
21.8,1.691,1.691,0.017,0.557,0.6,0.0
21.82,1.707,1.707,0.004,0.557,0.6,0.0
21.84,1.684,1.684,0.026,0.559,0.6,0.0
21.86,1.67,1.67,0.04,0.559,0.6,0.0
21.88,1.695,1.695,0.018,0.559,0.6,0.0
21.9,1.712,1.712,0.004,0.559,0.6,0.0
21.92,1.717,1.717,-0.0,0.559,0.6,0.0
21.94,1.69,1.69,0.026,0.56,0.6,0.0
21.96,1.676,1.676,0.04,0.56,0.6,0.0
21.98,1.701,1.701,0.018,0.56,0.6,0.0
22.0,1.717,1.717,0.004,0.56,0.6,0.0
22.02,1.723,1.723,-0.0,0.56,0.6,0.0
22.04,1.696,1.696,0.026,0.562,0.6,0.0
22.06,1.682,1.682,0.04,0.562,0.6,0.0
22.08,1.707,1.707,0.018,0.562,0.6,0.0
22.1,1.723,1.723,0.004,0.562,0.6,0.0
22.12,1.7,1.7,0.026,0.564,0.6,0.0
22.14,1.687,1.687,0.04,0.564,0.6,0.0
22.16,1.711,1.711,0.018,0.564,0.6,0.0
22.18,1.727,1.727,0.004,0.564,0.6,0.0
22.2,1.704,1.704,0.026,0.565,0.6,0.0
22.22,1.691,1.691,0.04,0.565,0.6,0.0
22.24,1.715,1.715,0.018,0.565,0.6,0.0
22.26,1.703,1.703,0.03,0.567,0.6,0.0
22.28,1.693,1.693,0.04,0.567,0.6,0.0
22.3,1.719,1.719,0.017,0.567,0.6,0.0
22.32,1.734,1.734,0.004,0.567,0.6,0.0
22.34,1.711,1.711,0.026,0.569,0.6,0.0
22.36,1.697,1.697,0.04,0.569,0.6,0.0
22.38,1.722,1.722,0.018,0.569,0.6,0.0
22.4,1.738,1.738,0.004,0.569,0.6,0.0
22.42,1.714,1.714,0.026,0.571,0.6,0.0
22.44,1.701,1.701,0.04,0.571,0.6,0.0
22.46,1.725,1.725,0.018,0.571,0.6,0.0
22.48,1.741,1.741,0.004,0.571,0.6,0.0
22.5,1.746,1.746,-0.0,0.571,0.6,0.0
22.52,1.719,1.719,0.026,0.572,0.6,0.0
22.54,1.704,1.704,0.04,0.572,0.6,0.0
22.56,1.729,1.729,0.018,0.572,0.6,0.0
22.58,1.745,1.745,0.004,0.572,0.6,0.0
22.6,1.722,1.722,0.026,0.574,0.6,0.0
22.62,1.708,1.708,0.04,0.574,0.6,0.0
22.64,1.732,1.732,0.018,0.574,0.6,0.0
22.66,1.748,1.748,0.004,0.574,0.6,0.0
22.68,1.725,1.725,0.026,0.576,0.6,0.0
22.7,1.71,1.71,0.04,0.576,0.6,0.0
22.72,1.735,1.735,0.018,0.576,0.6,0.0
22.74,1.75,1.75,0.004,0.576,0.6,0.0
22.76,1.756,1.756,-0.0,0.576,0.6,0.0
22.78,1.728,1.728,0.026,0.578,0.6,0.0
22.8,1.713,1.713,0.04,0.578,0.6,0.0
22.82,1.738,1.738,0.018,0.578,0.6,0.0
22.84,1.754,1.754,0.004,0.578,0.6,0.0
22.86,1.73,1.73,0.026,0.579,0.6,0.0
22.88,1.716,1.716,0.04,0.579,0.6,0.0
22.9,1.74,1.74,0.018,0.579,0.6,0.0
22.92,1.756,1.756,0.004,0.579,0.6,0.0
22.94,1.733,1.733,0.026,0.581,0.6,0.0
22.96,1.718,1.718,0.04,0.581,0.6,0.0
22.98,1.743,1.743,0.018,0.581,0.6,0.0
23.0,1.758,1.758,0.004,0.581,0.6,0.0
23.02,1.763,1.763,-0.0,0.581,0.6,0.0
23.04,1.764,1.764,-0.001,0.581,0.6,0.0
23.06,1.736,1.736,0.026,0.583,0.6,0.0
23.08,1.721,1.721,0.041,0.583,0.6,0.0
23.1,1.745,1.745,0.018,0.583,0.6,0.0
23.12,1.761,1.761,0.004,0.583,0.6,0.0
23.14,1.766,1.766,-0.0,0.583,0.6,0.0
23.16,1.767,1.767,-0.001,0.583,0.6,0.0
23.18,1.767,1.767,-0.0,0.583,0.6,0.0
23.2,1.767,1.767,-0.0,0.583,0.6,0.0
23.22,1.739,1.739,0.026,0.585,0.6,0.0
23.24,1.724,1.724,0.041,0.585,0.6,0.0
23.26,1.749,1.749,0.018,0.585,0.6,0.0
23.28,1.765,1.765,0.004,0.585,0.6,0.0
23.3,1.77,1.77,-0.0,0.585,0.6,0.0
23.32,1.771,1.771,-0.001,0.585,0.6,0.0
23.34,1.771,1.771,-0.0,0.585,0.6,0.0
23.36,1.771,1.771,-0.0,0.585,0.6,0.0
23.38,1.771,1.771,0.0,0.585,0.6,0.0
23.4,1.743,1.743,0.026,0.586,0.6,0.0
23.42,1.728,1.728,0.041,0.586,0.6,0.0
23.44,1.753,1.753,0.018,0.586,0.6,0.0
23.46,1.768,1.768,0.004,0.586,0.6,0.0
23.48,1.773,1.773,-0.0,0.586,0.6,0.0
23.5,1.774,1.774,-0.001,0.586,0.6,0.0
23.52,1.774,1.774,-0.0,0.586,0.6,0.0
23.54,1.774,1.774,-0.0,0.586,0.6,0.0
23.56,1.775,1.775,0.0,0.586,0.6,0.0
23.58,1.775,1.775,0.0,0.586,0.6,0.0
23.6,1.775,1.775,0.0,0.586,0.6,0.0
23.62,1.776,1.776,0.0,0.586,0.6,0.0
23.64,1.776,1.776,0.0,0.586,0.6,0.0
23.66,1.777,1.777,0.0,0.586,0.6,0.0
23.68,1.777,1.777,0.0,0.586,0.6,0.0
23.7,1.749,1.749,0.026,0.588,0.6,0.0
23.72,1.734,1.734,0.041,0.588,0.6,0.0
23.74,1.759,1.759,0.018,0.588,0.6,0.0
23.76,1.774,1.774,0.004,0.588,0.6,0.0
23.78,1.779,1.779,-0.0,0.588,0.6,0.0
23.8,1.751,1.751,0.026,0.59,0.6,0.0
23.82,1.736,1.736,0.04,0.59,0.6,0.0
23.84,1.76,1.76,0.018,0.59,0.6,0.0
23.86,1.775,1.775,0.004,0.59,0.6,0.0
23.88,1.78,1.78,-0.0,0.59,0.6,0.0
23.9,1.752,1.752,0.026,0.592,0.6,0.0
23.92,1.737,1.737,0.04,0.592,0.6,0.0
23.94,1.761,1.761,0.018,0.592,0.6,0.0
23.96,1.776,1.776,0.004,0.592,0.6,0.0
23.98,1.781,1.781,-0.0,0.592,0.6,0.0
24.0,1.753,1.753,0.026,0.593,0.6,0.0
24.02,1.738,1.738,0.04,0.593,0.6,0.0
24.04,1.762,1.762,0.018,0.593,0.6,0.0
24.06,1.777,1.777,0.004,0.593,0.6,0.0
24.08,1.782,1.782,-0.0,0.593,0.6,0.0
24.1,1.783,1.783,-0.001,0.593,0.6,0.0
24.12,1.782,1.782,-0.0,0.593,0.6,0.0
24.14,1.782,1.782,-0.0,0.593,0.6,0.0
24.16,1.754,1.754,0.026,0.595,0.6,0.0
24.18,1.739,1.739,0.041,0.595,0.6,0.0
24.2,1.763,1.763,0.018,0.595,0.6,0.0
24.22,1.778,1.778,0.004,0.595,0.6,0.0
24.24,1.783,1.783,-0.0,0.595,0.6,0.0
24.26,1.784,1.784,-0.001,0.595,0.6,0.0
24.28,1.783,1.783,-0.0,0.595,0.6,0.0
24.3,1.783,1.783,-0.0,0.595,0.6,0.0
24.32,1.783,1.783,0.0,0.595,0.6,0.0
24.34,1.783,1.783,0.0,0.595,0.6,0.0
24.36,1.783,1.783,0.0,0.595,0.6,0.0
24.38,1.784,1.784,0.0,0.595,0.6,0.0
24.4,1.784,1.784,0.0,0.595,0.6,0.0
24.42,1.784,1.784,0.0,0.595,0.6,0.0
24.44,1.784,1.784,0.0,0.595,0.6,0.0
24.46,1.784,1.784,0.0,0.595,0.6,0.0
24.48,1.756,1.756,0.026,0.597,0.6,0.0
24.5,1.741,1.741,0.041,0.597,0.6,0.0
24.52,1.765,1.765,0.018,0.597,0.6,0.0
24.54,1.78,1.78,0.004,0.597,0.6,0.0
24.56,1.785,1.785,-0.0,0.597,0.6,0.0
24.58,1.785,1.785,-0.001,0.597,0.6,0.0
24.6,1.785,1.785,-0.0,0.597,0.6,0.0
24.62,1.785,1.785,-0.0,0.597,0.6,0.0
24.64,1.785,1.785,0.0,0.597,0.6,0.0
24.66,1.785,1.785,0.0,0.597,0.6,0.0
24.68,1.785,1.785,0.0,0.597,0.6,0.0
24.7,1.785,1.785,0.0,0.597,0.6,0.0
24.72,1.785,1.785,0.0,0.597,0.6,0.0
24.74,1.757,1.757,0.026,0.599,0.6,0.0
24.76,1.741,1.741,0.041,0.599,0.6,0.0
24.78,1.766,1.766,0.018,0.599,0.6,0.0
24.8,1.781,1.781,0.004,0.599,0.6,0.0
24.82,1.786,1.786,-0.0,0.599,0.6,0.0
24.84,1.786,1.786,-0.001,0.599,0.6,0.0
24.86,1.786,1.786,-0.0,0.599,0.6,0.0
24.88,1.785,1.785,-0.0,0.599,0.6,0.0
24.9,1.785,1.785,0.0,0.599,0.6,0.0
24.92,1.785,1.785,0.0,0.599,0.6,0.0
24.94,1.785,1.785,0.0,0.599,0.6,0.0
24.96,1.785,1.785,0.0,0.599,0.6,0.0
24.98,1.785,1.785,0.0,0.599,0.6,0.0
25.0,1.785,1.785,0.0,0.599,0.6,0.0
25.02,1.785,1.785,0.0,0.599,0.6,0.0
25.04,1.786,1.786,0.0,0.599,0.6,0.0
25.06,1.786,1.786,0.0,0.599,0.6,0.0
25.08,1.786,1.786,0.0,0.599,0.6,0.0
25.1,1.786,1.786,0.0,0.599,0.6,0.0
25.12,1.786,1.786,0.0,0.599,0.6,0.0
25.14,1.786,1.786,0.0,0.599,0.6,0.0
25.16,1.786,1.786,0.0,0.599,0.6,0.0
25.18,1.786,1.786,0.0,0.599,0.6,0.0
25.2,1.786,1.786,0.0,0.599,0.6,0.0
25.22,1.786,1.786,0.0,0.599,0.6,0.0
25.24,1.786,1.786,0.0,0.599,0.6,0.0
25.26,1.786,1.786,0.0,0.599,0.6,0.0
25.28,1.786,1.786,0.0,0.599,0.6,0.0
25.3,1.786,1.786,0.0,0.599,0.6,0.0
25.32,1.786,1.786,0.0,0.599,0.6,0.0
25.34,1.786,1.786,0.0,0.599,0.6,0.0
25.36,1.786,1.786,0.0,0.599,0.6,0.0
25.38,1.786,1.786,0.0,0.599,0.6,0.0
25.4,1.758,1.758,0.026,0.6,0.6,0.0
25.42,1.742,1.742,0.041,0.6,0.6,0.0
25.44,1.767,1.767,0.018,0.6,0.6,0.0
25.46,1.782,1.782,0.004,0.6,0.6,0.0
25.48,1.786,1.786,-0.0,0.6,0.6,0.0
25.5,1.787,1.787,-0.001,0.6,0.6,0.0
25.52,1.786,1.786,-0.0,0.6,0.6,0.0
25.54,1.786,1.786,-0.0,0.6,0.6,0.0
25.56,1.814,1.814,-0.026,0.599,0.6,0.0
25.58,1.83,1.83,-0.041,0.599,0.6,0.0
25.6,1.806,1.806,-0.018,0.599,0.6,0.0
25.62,1.79,1.79,-0.004,0.599,0.6,0.0
25.64,1.786,1.786,0.0,0.599,0.6,0.0
25.66,1.786,1.786,0.001,0.599,0.6,0.0
25.68,1.786,1.786,0.0,0.599,0.6,0.0
25.7,1.786,1.786,0.0,0.599,0.6,0.0
25.72,1.787,1.787,-0.0,0.599,0.6,0.0
25.74,1.787,1.787,-0.0,0.599,0.6,0.0
25.76,1.787,1.787,-0.0,0.599,0.6,0.0
25.78,1.787,1.787,-0.0,0.599,0.6,0.0
25.8,1.787,1.787,0.0,0.599,0.6,0.0
25.82,1.787,1.787,0.0,0.599,0.6,0.0
25.84,1.787,1.787,0.0,0.599,0.6,0.0
25.86,1.787,1.787,0.0,0.599,0.6,0.0
25.88,1.787,1.787,0.0,0.599,0.6,0.0
25.9,1.787,1.787,0.0,0.599,0.6,0.0
25.92,1.787,1.787,0.0,0.599,0.6,0.0
25.94,1.787,1.787,0.0,0.599,0.6,0.0
25.96,1.787,1.787,0.0,0.599,0.6,0.0
25.98,1.787,1.787,0.0,0.599,0.6,0.0
26.0,1.787,1.787,0.0,0.599,0.6,0.0
26.02,1.787,1.787,0.0,0.599,0.6,0.0
26.04,1.787,1.787,0.0,0.599,0.6,0.0
26.06,1.759,1.759,0.026,0.6,0.6,0.0
26.08,1.743,1.743,0.041,0.6,0.6,0.0
26.1,1.767,1.767,0.018,0.6,0.6,0.0
26.12,1.783,1.783,0.004,0.6,0.6,0.0
26.14,1.787,1.787,-0.0,0.6,0.6,0.0
26.16,1.788,1.788,-0.001,0.6,0.6,0.0
26.18,1.787,1.787,-0.0,0.6,0.6,0.0
26.2,1.787,1.787,-0.0,0.6,0.6,0.0
26.22,1.787,1.787,0.0,0.6,0.6,0.0
26.24,1.815,1.815,-0.026,0.599,0.6,0.0
26.26,1.831,1.831,-0.041,0.599,0.6,0.0
26.28,1.807,1.807,-0.018,0.599,0.6,0.0
26.3,1.791,1.791,-0.004,0.599,0.6,0.0
26.32,1.787,1.787,0.0,0.599,0.6,0.0
26.34,1.786,1.786,0.001,0.599,0.6,0.0
26.36,1.787,1.787,0.0,0.599,0.6,0.0
26.38,1.787,1.787,0.0,0.599,0.6,0.0
26.4,1.787,1.787,-0.0,0.599,0.6,0.0
26.42,1.788,1.788,-0.0,0.599,0.6,0.0
26.44,1.788,1.788,-0.0,0.599,0.6,0.0
26.46,1.788,1.788,-0.0,0.599,0.6,0.0
26.48,1.788,1.788,0.0,0.599,0.6,0.0
26.5,1.788,1.788,0.0,0.599,0.6,0.0
26.52,1.788,1.788,0.0,0.599,0.6,0.0
26.54,1.788,1.788,0.0,0.599,0.6,0.0
26.56,1.788,1.788,0.0,0.599,0.6,0.0
26.58,1.788,1.788,0.0,0.599,0.6,0.0
26.6,1.788,1.788,0.0,0.599,0.6,0.0
26.62,1.788,1.788,0.0,0.599,0.6,0.0
26.64,1.788,1.788,0.0,0.599,0.6,0.0
26.66,1.788,1.788,0.0,0.599,0.6,0.0
26.68,1.788,1.788,0.0,0.599,0.6,0.0
26.7,1.788,1.788,0.0,0.599,0.6,0.0
26.72,1.788,1.788,0.0,0.599,0.6,0.0
26.74,1.788,1.788,0.0,0.599,0.6,0.0
26.76,1.788,1.788,0.0,0.599,0.6,0.0
26.78,1.788,1.788,0.0,0.599,0.6,0.0
26.8,1.788,1.788,0.0,0.599,0.6,0.0
26.82,1.76,1.76,0.026,0.6,0.6,0.0
26.84,1.744,1.744,0.041,0.6,0.6,0.0
26.86,1.769,1.769,0.018,0.6,0.6,0.0
26.88,1.784,1.784,0.004,0.6,0.6,0.0
26.9,1.788,1.788,-0.0,0.6,0.6,0.0
26.92,1.817,1.817,-0.027,0.599,0.6,0.0
26.94,1.832,1.832,-0.041,0.599,0.6,0.0
26.96,1.808,1.808,-0.018,0.599,0.6,0.0
26.98,1.793,1.793,-0.004,0.599,0.6,0.0
27.0,1.788,1.788,0.0,0.599,0.6,0.0
27.02,1.788,1.788,0.001,0.599,0.6,0.0
27.04,1.788,1.788,0.0,0.599,0.6,0.0
27.06,1.788,1.788,0.0,0.599,0.6,0.0
27.08,1.789,1.789,-0.0,0.599,0.6,0.0
27.1,1.789,1.789,-0.0,0.599,0.6,0.0
27.12,1.789,1.789,-0.0,0.599,0.6,0.0
27.14,1.789,1.789,-0.0,0.599,0.6,0.0
27.16,1.789,1.789,0.0,0.599,0.6,0.0
27.18,1.789,1.789,0.0,0.599,0.6,0.0
27.2,1.789,1.789,0.0,0.599,0.6,0.0
27.22,1.789,1.789,0.0,0.599,0.6,0.0
27.24,1.789,1.789,0.0,0.599,0.6,0.0
27.26,1.789,1.789,0.0,0.599,0.6,0.0
27.28,1.789,1.789,0.0,0.599,0.6,0.0
27.3,1.789,1.789,0.0,0.599,0.6,0.0
27.32,1.789,1.789,0.0,0.599,0.6,0.0
27.34,1.761,1.761,0.026,0.6,0.6,0.0
27.36,1.745,1.745,0.041,0.6,0.6,0.0
27.38,1.769,1.769,0.018,0.6,0.6,0.0
27.4,1.785,1.785,0.004,0.6,0.6,0.0
27.42,1.789,1.789,-0.0,0.6,0.6,0.0
27.44,1.79,1.79,-0.001,0.6,0.6,0.0
27.46,1.789,1.789,-0.0,0.6,0.6,0.0
27.48,1.789,1.789,-0.0,0.6,0.6,0.0
27.5,1.817,1.817,-0.026,0.599,0.6,0.0
27.52,1.833,1.833,-0.041,0.599,0.6,0.0
27.54,1.808,1.808,-0.018,0.599,0.6,0.0
27.56,1.793,1.793,-0.004,0.599,0.6,0.0
27.58,1.789,1.789,0.0,0.599,0.6,0.0
27.6,1.788,1.788,0.001,0.599,0.6,0.0
27.62,1.789,1.789,0.0,0.599,0.6,0.0
27.64,1.789,1.789,0.0,0.599,0.6,0.0
27.66,1.789,1.789,-0.0,0.599,0.6,0.0
27.68,1.789,1.789,-0.0,0.599,0.6,0.0
27.7,1.79,1.79,-0.0,0.599,0.6,0.0
27.72,1.79,1.79,-0.0,0.599,0.6,0.0
27.74,1.79,1.79,0.0,0.599,0.6,0.0
27.76,1.79,1.79,0.0,0.599,0.6,0.0
27.78,1.79,1.79,0.0,0.599,0.6,0.0
27.8,1.79,1.79,0.0,0.599,0.6,0.0
27.82,1.79,1.79,0.0,0.599,0.6,0.0
27.84,1.761,1.761,0.026,0.6,0.6,0.0
27.86,1.746,1.746,0.041,0.6,0.6,0.0
27.88,1.77,1.77,0.018,0.6,0.6,0.0
27.9,1.785,1.785,0.004,0.6,0.6,0.0
27.92,1.79,1.79,-0.0,0.6,0.6,0.0
27.94,1.79,1.79,-0.001,0.6,0.6,0.0
27.96,1.79,1.79,-0.0,0.6,0.6,0.0
27.98,1.818,1.818,-0.026,0.599,0.6,0.0
28.0,1.833,1.833,-0.041,0.599,0.6,0.0
28.02,1.809,1.809,-0.018,0.599,0.6,0.0
28.04,1.794,1.794,-0.004,0.599,0.6,0.0
28.06,1.789,1.789,0.0,0.599,0.6,0.0
28.08,1.789,1.789,0.001,0.599,0.6,0.0
28.1,1.79,1.79,0.0,0.599,0.6,0.0
28.12,1.761,1.761,0.026,0.6,0.6,0.0
28.14,1.746,1.746,0.041,0.6,0.6,0.0
28.16,1.77,1.77,0.018,0.6,0.6,0.0
28.18,1.785,1.785,0.004,0.6,0.6,0.0
28.2,1.79,1.79,-0.0,0.6,0.6,0.0
28.22,1.79,1.79,-0.001,0.6,0.6,0.0
28.24,1.79,1.79,-0.0,0.6,0.6,0.0
28.26,1.79,1.79,-0.0,0.6,0.6,0.0
28.28,1.789,1.789,0.0,0.6,0.6,0.0
28.3,1.789,1.789,0.0,0.6,0.6,0.0
28.32,1.789,1.789,0.0,0.6,0.6,0.0
28.34,1.818,1.818,-0.026,0.599,0.6,0.0
28.36,1.833,1.833,-0.041,0.599,0.6,0.0
28.38,1.809,1.809,-0.018,0.599,0.6,0.0
28.4,1.794,1.794,-0.004,0.599,0.6,0.0
28.42,1.79,1.79,0.0,0.599,0.6,0.0
28.44,1.789,1.789,0.001,0.599,0.6,0.0
28.46,1.79,1.79,0.0,0.599,0.6,0.0
28.48,1.761,1.761,0.026,0.6,0.6,0.0
28.5,1.746,1.746,0.041,0.6,0.6,0.0
28.52,1.77,1.77,0.018,0.6,0.6,0.0
28.54,1.786,1.786,0.004,0.6,0.6,0.0
28.56,1.79,1.79,-0.0,0.6,0.6,0.0
28.58,1.791,1.791,-0.001,0.6,0.6,0.0
28.6,1.79,1.79,-0.0,0.6,0.6,0.0
28.62,1.79,1.79,-0.0,0.6,0.6,0.0
28.64,1.79,1.79,0.0,0.6,0.6,0.0
28.66,1.79,1.79,0.0,0.6,0.6,0.0
28.68,1.79,1.79,0.0,0.6,0.6,0.0
28.7,1.79,1.79,0.0,0.6,0.6,0.0
28.72,1.79,1.79,0.0,0.6,0.6,0.0
28.74,1.79,1.79,0.0,0.6,0.6,0.0
28.76,1.79,1.79,0.0,0.6,0.6,0.0
28.78,1.79,1.79,0.0,0.6,0.6,0.0
28.8,1.818,1.818,-0.026,0.599,0.6,0.0
28.82,1.833,1.833,-0.041,0.599,0.6,0.0
28.84,1.809,1.809,-0.018,0.599,0.6,0.0
28.86,1.794,1.794,-0.004,0.599,0.6,0.0
28.88,1.79,1.79,0.0,0.599,0.6,0.0
28.9,1.789,1.789,0.001,0.599,0.6,0.0
28.92,1.79,1.79,0.0,0.599,0.6,0.0
28.94,1.762,1.762,0.026,0.6,0.6,0.0
28.96,1.746,1.746,0.041,0.6,0.6,0.0
28.98,1.771,1.771,0.018,0.6,0.6,0.0
29.0,1.786,1.786,0.004,0.6,0.6,0.0
29.02,1.79,1.79,-0.0,0.6,0.6,0.0
29.04,1.791,1.791,-0.001,0.6,0.6,0.0
29.06,1.79,1.79,-0.0,0.6,0.6,0.0
29.08,1.79,1.79,-0.0,0.6,0.6,0.0
29.1,1.79,1.79,0.0,0.6,0.6,0.0
29.12,1.79,1.79,0.0,0.6,0.6,0.0
29.14,1.79,1.79,0.0,0.6,0.6,0.0
29.16,1.79,1.79,0.0,0.6,0.6,0.0
29.18,1.79,1.79,0.0,0.6,0.6,0.0
29.2,1.79,1.79,0.0,0.6,0.6,0.0
29.22,1.79,1.79,0.0,0.6,0.6,0.0
29.24,1.79,1.79,0.0,0.6,0.6,0.0
29.26,1.79,1.79,0.0,0.6,0.6,0.0
29.28,1.79,1.79,0.0,0.6,0.6,0.0
29.3,1.818,1.818,-0.026,0.599,0.6,0.0
29.32,1.834,1.834,-0.041,0.599,0.6,0.0
29.34,1.809,1.809,-0.018,0.599,0.6,0.0
29.36,1.794,1.794,-0.004,0.599,0.6,0.0
29.38,1.79,1.79,0.0,0.599,0.6,0.0
29.4,1.789,1.789,0.001,0.599,0.6,0.0
29.42,1.79,1.79,0.0,0.599,0.6,0.0
29.44,1.79,1.79,0.0,0.599,0.6,0.0
29.46,1.762,1.762,0.026,0.6,0.6,0.0
29.48,1.747,1.747,0.041,0.6,0.6,0.0
29.5,1.771,1.771,0.018,0.6,0.6,0.0
29.52,1.786,1.786,0.004,0.6,0.6,0.0
29.54,1.79,1.79,-0.0,0.6,0.6,0.0
29.56,1.791,1.791,-0.001,0.6,0.6,0.0
29.58,1.79,1.79,-0.0,0.6,0.6,0.0
29.6,1.79,1.79,-0.0,0.6,0.6,0.0
29.62,1.79,1.79,0.0,0.6,0.6,0.0
29.64,1.79,1.79,0.0,0.6,0.6,0.0
29.66,1.79,1.79,0.0,0.6,0.6,0.0
29.68,1.79,1.79,0.0,0.6,0.6,0.0
29.7,1.818,1.818,-0.026,0.599,0.6,0.0
29.72,1.834,1.834,-0.041,0.599,0.6,0.0
29.74,1.81,1.81,-0.018,0.599,0.6,0.0
29.76,1.795,1.795,-0.004,0.599,0.6,0.0
29.78,1.79,1.79,0.0,0.599,0.6,0.0
29.8,1.79,1.79,0.001,0.599,0.6,0.0
29.82,1.79,1.79,0.0,0.599,0.6,0.0
29.84,1.79,1.79,0.0,0.599,0.6,0.0
29.86,1.762,1.762,0.026,0.6,0.6,0.0
29.88,1.747,1.747,0.041,0.6,0.6,0.0
29.9,1.771,1.771,0.018,0.6,0.6,0.0
29.92,1.786,1.786,0.004,0.6,0.6,0.0
29.94,1.791,1.791,-0.0,0.6,0.6,0.0
29.96,1.791,1.791,-0.001,0.6,0.6,0.0
29.98,1.79,1.79,-0.0,0.6,0.6,0.0
30.0,1.79,1.79,-0.0,0.6,0.6,0.0
30.02,1.771,1.771,0.0,0.6,0.0,0.0
30.04,1.752,1.752,0.0,0.6,0.0,0.0
30.06,1.734,1.734,0.0,0.6,0.0,0.0
30.08,1.743,1.743,-0.026,0.599,0.0,0.0
30.1,1.74,1.74,-0.041,0.599,0.0,0.0
30.12,1.697,1.697,-0.018,0.599,0.0,0.0
30.14,1.663,1.663,-0.004,0.599,0.0,0.0
30.16,1.639,1.639,0.0,0.599,0.0,0.0
30.18,1.62,1.62,0.001,0.599,0.0,0.0
30.2,1.631,1.631,-0.026,0.597,0.0,0.0
30.22,1.627,1.627,-0.041,0.597,0.0,0.0
30.24,1.613,1.613,-0.044,0.595,0.0,0.0
30.26,1.623,1.623,-0.071,0.593,0.0,0.0
30.28,1.62,1.62,-0.085,0.592,0.0,0.0
30.3,1.605,1.605,-0.088,0.59,0.0,0.0
30.32,1.587,1.587,-0.088,0.588,0.0,0.0
30.34,1.597,1.597,-0.114,0.585,0.0,0.0
30.36,1.594,1.594,-0.128,0.583,0.0,0.0
30.38,1.581,1.581,-0.132,0.579,0.0,0.0
30.4,1.592,1.592,-0.158,0.576,0.0,0.0
30.42,1.589,1.589,-0.172,0.572,0.0,0.0
30.44,1.576,1.576,-0.175,0.569,0.0,0.0
30.46,1.558,1.558,-0.175,0.565,0.0,0.0
30.48,1.57,1.57,-0.201,0.56,0.0,0.0
30.5,1.568,1.568,-0.215,0.557,0.0,0.0
30.52,1.556,1.556,-0.219,0.552,0.0,0.0
30.54,1.568,1.568,-0.245,0.546,0.0,0.0
30.56,1.566,1.566,-0.259,0.541,0.0,0.0
30.58,1.554,1.554,-0.263,0.536,0.0,0.0
30.6,1.539,1.539,-0.263,0.531,0.0,0.0
30.62,1.523,1.523,-0.262,0.525,0.0,0.0
30.64,1.507,1.507,-0.262,0.52,0.0,0.0
30.66,1.492,1.492,-0.262,0.515,0.0,0.0
30.68,1.477,1.477,-0.262,0.51,0.0,0.0
30.7,1.462,1.462,-0.262,0.504,0.0,0.0
30.72,1.448,1.448,-0.262,0.499,0.0,0.0
30.74,1.433,1.433,-0.262,0.494,0.0,0.0
30.76,1.448,1.448,-0.288,0.487,0.0,0.0
30.78,1.449,1.449,-0.302,0.482,0.0,0.0
30.8,1.411,1.411,-0.28,0.476,0.0,0.0
30.82,1.382,1.382,-0.266,0.471,0.0,0.0
30.84,1.363,1.363,-0.261,0.466,0.0,0.0
30.86,1.35,1.35,-0.261,0.461,0.0,0.0
30.88,1.337,1.337,-0.261,0.456,0.0,0.0
30.9,1.324,1.324,-0.262,0.45,0.0,0.0
30.92,1.283,1.283,-0.235,0.447,0.0,0.0
30.94,1.255,1.255,-0.221,0.442,0.0,0.0
30.96,1.266,1.266,-0.244,0.436,0.0,0.0
30.98,1.269,1.269,-0.258,0.431,0.0,0.0
31.0,1.261,1.261,-0.262,0.426,0.0,0.0
31.02,1.221,1.221,-0.236,0.422,0.0,0.0
31.04,1.193,1.193,-0.222,0.417,0.0,0.0
31.06,1.205,1.205,-0.244,0.412,0.0,0.0
31.08,1.18,1.18,-0.231,0.408,0.0,0.0
31.1,1.157,1.157,-0.222,0.403,0.0,0.0
31.12,1.142,1.142,-0.218,0.4,0.0,0.0
31.14,1.13,1.13,-0.218,0.394,0.0,0.0
31.16,1.147,1.147,-0.244,0.389,0.0,0.0
31.18,1.123,1.123,-0.232,0.386,0.0,0.0
31.2,1.101,1.101,-0.222,0.38,0.0,0.0
31.22,1.086,1.086,-0.218,0.377,0.0,0.0
31.24,1.075,1.075,-0.218,0.372,0.0,0.0
31.26,1.064,1.064,-0.218,0.368,0.0,0.0
31.28,1.054,1.054,-0.218,0.363,0.0,0.0
31.3,1.043,1.043,-0.218,0.36,0.0,0.0
31.32,1.033,1.033,-0.218,0.354,0.0,0.0
31.34,1.023,1.023,-0.218,0.351,0.0,0.0
31.36,1.013,1.013,-0.218,0.346,0.0,0.0
31.38,1.003,1.003,-0.218,0.342,0.0,0.0
31.4,0.994,0.994,-0.218,0.337,0.0,0.0
31.42,0.984,0.984,-0.218,0.333,0.0,0.0
31.44,0.975,0.975,-0.218,0.328,0.0,0.0
31.46,0.965,0.965,-0.218,0.325,0.0,0.0
31.48,0.956,0.956,-0.218,0.319,0.0,0.0
31.5,0.947,0.947,-0.218,0.316,0.0,0.0
31.52,0.938,0.938,-0.218,0.311,0.0,0.0
31.54,0.929,0.929,-0.218,0.307,0.0,0.0
31.56,0.921,0.921,-0.218,0.302,0.0,0.0
31.58,0.912,0.912,-0.218,0.298,0.0,0.0
31.6,0.875,0.875,-0.192,0.295,0.0,0.0
31.62,0.88,0.88,-0.204,0.29,0.0,0.0
31.64,0.883,0.883,-0.214,0.286,0.0,0.0
31.66,0.851,0.851,-0.192,0.283,0.0,0.0
31.68,0.828,0.828,-0.178,0.279,0.0,0.0
31.7,0.816,0.816,-0.174,0.276,0.0,0.0
31.72,0.808,0.808,-0.174,0.272,0.0,0.0
31.74,0.8,0.8,-0.174,0.269,0.0,0.0
31.76,0.793,0.793,-0.174,0.265,0.0,0.0
31.78,0.814,0.814,-0.201,0.26,0.0,0.0
31.8,0.822,0.822,-0.215,0.257,0.0,0.0
31.82,0.762,0.762,-0.166,0.255,0.0,0.0
31.84,0.725,0.725,-0.138,0.251,0.0,0.0
31.86,0.737,0.737,-0.156,0.248,0.0,0.0
31.88,0.745,0.745,-0.17,0.244,0.0,0.0
31.9,0.743,0.743,-0.175,0.241,0.0,0.0
31.92,0.737,0.737,-0.175,0.237,0.0,0.0
31.94,0.701,0.701,-0.149,0.236,0.0,0.0
31.96,0.679,0.679,-0.134,0.232,0.0,0.0
31.98,0.697,0.697,-0.156,0.229,0.0,0.0
32.0,0.705,0.705,-0.171,0.225,0.0,0.0
32.02,0.704,0.704,-0.175,0.222,0.0,0.0
32.04,0.669,0.669,-0.149,0.22,0.0,0.0
32.06,0.648,0.648,-0.134,0.216,0.0,0.0
32.08,0.666,0.666,-0.157,0.213,0.0,0.0
32.1,0.646,0.646,-0.144,0.211,0.0,0.0
32.12,0.63,0.63,-0.134,0.208,0.0,0.0
32.14,0.648,0.648,-0.157,0.204,0.0,0.0
32.16,0.629,0.629,-0.145,0.202,0.0,0.0
32.18,0.613,0.613,-0.134,0.199,0.0,0.0
32.2,0.631,0.631,-0.157,0.195,0.0,0.0
32.22,0.612,0.612,-0.145,0.194,0.0,0.0
32.24,0.596,0.596,-0.134,0.19,0.0,0.0
32.26,0.587,0.587,-0.131,0.188,0.0,0.0
32.28,0.581,0.581,-0.13,0.185,0.0,0.0
32.3,0.576,0.576,-0.131,0.183,0.0,0.0
32.32,0.571,0.571,-0.131,0.18,0.0,0.0
32.34,0.566,0.566,-0.131,0.178,0.0,0.0
32.36,0.561,0.561,-0.131,0.175,0.0,0.0
32.38,0.556,0.556,-0.131,0.173,0.0,0.0
32.4,0.523,0.523,-0.105,0.171,0.0,0.0
32.42,0.503,0.503,-0.09,0.169,0.0,0.0
32.44,0.522,0.522,-0.113,0.166,0.0,0.0
32.46,0.533,0.533,-0.127,0.164,0.0,0.0
32.48,0.504,0.504,-0.105,0.162,0.0,0.0
32.5,0.513,0.513,-0.118,0.159,0.0,0.0
32.52,0.519,0.519,-0.127,0.157,0.0,0.0
32.54,0.49,0.49,-0.105,0.155,0.0,0.0
32.56,0.471,0.471,-0.091,0.154,0.0,0.0
32.58,0.462,0.462,-0.087,0.152,0.0,0.0
32.6,0.458,0.458,-0.086,0.15,0.0,0.0
32.62,0.454,0.454,-0.087,0.148,0.0,0.0
32.64,0.45,0.45,-0.087,0.147,0.0,0.0
32.66,0.446,0.446,-0.087,0.145,0.0,0.0
32.68,0.442,0.442,-0.087,0.143,0.0,0.0
32.7,0.438,0.438,-0.087,0.141,0.0,0.0
32.72,0.434,0.434,-0.087,0.14,0.0,0.0
32.74,0.43,0.43,-0.087,0.138,0.0,0.0
32.76,0.426,0.426,-0.087,0.136,0.0,0.0
32.78,0.393,0.393,-0.061,0.136,0.0,0.0
32.8,0.403,0.403,-0.073,0.133,0.0,0.0
32.82,0.41,0.41,-0.083,0.133,0.0,0.0
32.84,0.41,0.41,-0.087,0.129,0.0,0.0
32.86,0.407,0.407,-0.088,0.129,0.0,0.0
32.88,0.375,0.375,-0.061,0.127,0.0,0.0
32.9,0.384,0.384,-0.073,0.126,0.0,0.0
32.92,0.392,0.392,-0.083,0.124,0.0,0.0
32.94,0.363,0.363,-0.061,0.124,0.0,0.0
32.96,0.345,0.345,-0.047,0.122,0.0,0.0
32.98,0.366,0.366,-0.069,0.12,0.0,0.0
33.0,0.377,0.377,-0.083,0.119,0.0,0.0
33.02,0.379,0.379,-0.088,0.117,0.0,0.0
33.04,0.376,0.376,-0.088,0.115,0.0,0.0
33.06,0.343,0.343,-0.061,0.115,0.0,0.0
33.08,0.325,0.325,-0.047,0.113,0.0,0.0
33.1,0.346,0.346,-0.069,0.112,0.0,0.0
33.12,0.358,0.358,-0.083,0.11,0.0,0.0
33.14,0.359,0.359,-0.088,0.108,0.0,0.0
33.16,0.357,0.357,-0.088,0.106,0.0,0.0
33.18,0.353,0.353,-0.088,0.105,0.0,0.0
33.2,0.321,0.321,-0.061,0.105,0.0,0.0
33.22,0.303,0.303,-0.047,0.103,0.0,0.0
33.24,0.324,0.324,-0.069,0.101,0.0,0.0
33.26,0.337,0.337,-0.083,0.099,0.0,0.0
33.28,0.339,0.339,-0.088,0.098,0.0,0.0
33.3,0.337,0.337,-0.088,0.096,0.0,0.0
33.32,0.333,0.333,-0.088,0.094,0.0,0.0
33.34,0.302,0.302,-0.061,0.094,0.0,0.0
33.36,0.284,0.284,-0.047,0.093,0.0,0.0
33.38,0.306,0.306,-0.069,0.091,0.0,0.0
33.4,0.318,0.318,-0.083,0.089,0.0,0.0
33.42,0.321,0.321,-0.088,0.087,0.0,0.0
33.44,0.319,0.319,-0.088,0.086,0.0,0.0
33.46,0.345,0.345,-0.114,0.082,0.0,0.0
33.48,0.357,0.357,-0.128,0.08,0.0,0.0
33.5,0.331,0.331,-0.105,0.079,0.0,0.0
33.52,0.314,0.314,-0.091,0.077,0.0,0.0
33.54,0.307,0.307,-0.087,0.075,0.0,0.0
33.56,0.305,0.305,-0.086,0.073,0.0,0.0
33.58,0.303,0.303,-0.087,0.072,0.0,0.0
33.6,0.302,0.302,-0.087,0.07,0.0,0.0
33.62,0.3,0.3,-0.087,0.068,0.0,0.0
33.64,0.298,0.298,-0.087,0.066,0.0,0.0
33.66,0.297,0.297,-0.087,0.065,0.0,0.0
33.68,0.266,0.266,-0.061,0.065,0.0,0.0
33.7,0.25,0.25,-0.047,0.063,0.0,0.0
33.72,0.272,0.272,-0.069,0.061,0.0,0.0
33.74,0.286,0.286,-0.083,0.059,0.0,0.0
33.76,0.289,0.289,-0.088,0.058,0.0,0.0
33.78,0.288,0.288,-0.088,0.056,0.0,0.0
33.8,0.315,0.315,-0.114,0.052,0.0,0.0
33.82,0.328,0.328,-0.128,0.051,0.0,0.0
33.84,0.303,0.303,-0.105,0.049,0.0,0.0
33.86,0.287,0.287,-0.091,0.047,0.0,0.0
33.88,0.281,0.281,-0.087,0.045,0.0,0.0
33.9,0.28,0.28,-0.086,0.044,0.0,0.0
33.92,0.308,0.308,-0.113,0.04,0.0,0.0
33.94,0.322,0.322,-0.128,0.038,0.0,0.0
33.96,0.298,0.298,-0.105,0.037,0.0,0.0
33.98,0.31,0.31,-0.118,0.033,0.0,0.0
34.0,0.32,0.32,-0.127,0.031,0.0,0.0
34.02,0.295,0.295,-0.105,0.03,0.0,0.0
34.04,0.28,0.28,-0.091,0.028,0.0,0.0
34.06,0.275,0.275,-0.087,0.026,0.0,0.0
34.08,0.274,0.274,-0.086,0.024,0.0,0.0
34.1,0.275,0.275,-0.087,0.023,0.0,0.0
34.12,0.275,0.275,-0.087,0.021,0.0,0.0
34.14,0.274,0.274,-0.087,0.019,0.0,0.0
34.16,0.274,0.274,-0.087,0.017,0.0,0.0
34.18,0.245,0.245,-0.061,0.017,0.0,0.0
34.2,0.23,0.23,-0.047,0.016,0.0,0.0
34.22,0.254,0.254,-0.069,0.014,0.0,0.0
34.24,0.241,0.241,-0.057,0.014,0.0,0.0
34.26,0.201,0.201,-0.021,0.014,0.0,0.0
34.28,0.211,0.211,-0.029,0.012,0.0,0.0
34.3,0.221,0.221,-0.039,0.012,0.0,0.0
34.32,0.225,0.225,-0.043,0.01,0.0,0.0
34.34,0.226,0.226,-0.044,0.01,0.0,0.0
34.36,0.197,0.197,-0.018,0.01,0.0,0.0
34.38,0.21,0.21,-0.03,0.009,0.0,0.0
34.4,0.22,0.22,-0.04,0.009,0.0,0.0
34.42,0.196,0.196,-0.017,0.009,0.0,0.0
34.44,0.181,0.181,-0.004,0.009,0.0,0.0
34.46,0.176,0.176,0.001,0.009,0.0,0.0
34.48,0.176,0.176,0.001,0.009,0.0,0.0
34.5,0.176,0.176,0.0,0.009,0.0,0.0
34.52,0.176,0.176,0.0,0.009,0.0,0.0
34.54,0.176,0.176,-0.0,0.009,0.0,0.0
34.56,0.176,0.176,-0.0,0.009,0.0,0.0
34.58,0.175,0.175,-0.0,0.009,0.0,0.0
34.6,0.175,0.175,-0.0,0.009,0.0,0.0
34.62,0.175,0.175,0.0,0.009,0.0,0.0
34.64,0.175,0.175,0.0,0.009,0.0,0.0
34.66,0.174,0.174,0.0,0.009,0.0,0.0
34.68,0.174,0.174,0.0,0.009,0.0,0.0
34.7,0.174,0.174,0.0,0.009,0.0,0.0
34.72,0.174,0.174,0.0,0.009,0.0,0.0
34.74,0.173,0.173,0.0,0.009,0.0,0.0
34.76,0.173,0.173,0.0,0.009,0.0,0.0
34.78,0.173,0.173,0.0,0.009,0.0,0.0
34.8,0.172,0.172,0.0,0.009,0.0,0.0
34.82,0.172,0.172,0.0,0.009,0.0,0.0
34.84,0.172,0.172,0.0,0.009,0.0,0.0
34.86,0.172,0.172,0.0,0.009,0.0,0.0
34.88,0.171,0.171,0.0,0.009,0.0,0.0
34.9,0.171,0.171,0.0,0.009,0.0,0.0
34.92,0.171,0.171,0.0,0.009,0.0,0.0
34.94,0.17,0.17,0.0,0.009,0.0,0.0
34.96,0.17,0.17,0.0,0.009,0.0,0.0
34.98,0.17,0.17,0.0,0.009,0.0,0.0
35.0,0.17,0.17,0.0,0.009,0.0,0.0
35.02,0.169,0.169,0.0,0.009,0.0,0.0
35.04,0.198,0.198,-0.026,0.007,0.0,0.0
35.06,0.213,0.213,-0.041,0.007,0.0,0.0
35.08,0.188,0.188,-0.018,0.007,0.0,0.0
35.1,0.173,0.173,-0.004,0.007,0.0,0.0
35.12,0.168,0.168,0.0,0.007,0.0,0.0
35.14,0.196,0.196,-0.026,0.005,0.0,0.0
35.16,0.212,0.212,-0.04,0.005,0.0,0.0
35.18,0.188,0.188,-0.018,0.005,0.0,0.0
35.2,0.173,0.173,-0.004,0.005,0.0,0.0
35.22,0.196,0.196,-0.026,0.003,0.0,0.0
35.24,0.211,0.211,-0.04,0.003,0.0,0.0
35.26,0.187,0.187,-0.018,0.003,0.0,0.0
35.28,0.172,0.172,-0.004,0.003,0.0,0.0
35.3,0.196,0.196,-0.026,0.002,0.0,0.0
35.32,0.211,0.211,-0.04,0.002,0.0,0.0
35.34,0.187,0.187,-0.018,0.002,0.0,0.0
35.36,0.201,0.201,-0.03,-0.0,0.0,0.0
35.38,0.212,0.212,-0.04,-0.0,0.0,0.0
35.4,0.187,0.187,-0.017,-0.0,0.0,0.0
35.42,0.173,0.173,-0.004,-0.0,0.0,0.0
35.44,0.197,0.197,-0.026,-0.002,0.0,0.0
35.46,0.212,0.212,-0.04,-0.002,0.0,0.0
35.48,0.188,0.188,-0.018,-0.002,0.0,0.0
35.5,0.173,0.173,-0.004,-0.002,0.0,0.0
35.52,0.169,0.169,0.0,-0.002,0.0,0.0
35.54,0.197,0.197,-0.026,-0.003,0.0,0.0
35.56,0.213,0.213,-0.04,-0.003,0.0,0.0
35.58,0.189,0.189,-0.018,-0.003,0.0,0.0
35.6,0.174,0.174,-0.004,-0.003,0.0,0.0
35.62,0.17,0.17,0.0,-0.003,0.0,0.0
35.64,0.17,0.17,0.001,-0.003,0.0,0.0
35.66,0.17,0.17,0.0,-0.003,0.0,0.0
35.68,0.171,0.171,0.0,-0.003,0.0,0.0
35.7,0.171,0.171,-0.0,-0.003,0.0,0.0
35.72,0.171,0.171,-0.0,-0.003,0.0,0.0
35.74,0.171,0.171,-0.0,-0.003,0.0,0.0
35.76,0.171,0.171,-0.0,-0.003,0.0,0.0
35.78,0.171,0.171,0.0,-0.003,0.0,0.0
35.8,0.171,0.171,0.0,-0.003,0.0,0.0
35.82,0.171,0.171,0.0,-0.003,0.0,0.0
35.84,0.172,0.172,0.0,-0.003,0.0,0.0
35.86,0.172,0.172,-0.0,-0.003,0.0,0.0
35.88,0.172,0.172,-0.0,-0.003,0.0,0.0
35.9,0.172,0.172,-0.0,-0.003,0.0,0.0
35.92,0.172,0.172,0.0,-0.003,0.0,0.0
35.94,0.172,0.172,0.0,-0.003,0.0,0.0
35.96,0.144,0.144,0.026,-0.002,0.0,0.0
35.98,0.128,0.128,0.041,-0.002,0.0,0.0
36.0,0.153,0.153,0.018,-0.002,0.0,0.0
36.02,0.168,0.168,0.004,-0.002,0.0,0.0
36.04,0.172,0.172,-0.0,-0.002,0.0,0.0
36.06,0.144,0.144,0.026,-0.0,0.0,0.0
36.08,0.129,0.129,0.04,-0.0,0.0,0.0
36.1,0.152,0.152,0.018,-0.0,0.0,0.0
36.12,0.167,0.167,0.004,-0.0,0.0,0.0
36.14,0.143,0.143,0.026,0.002,0.0,0.0
36.16,0.129,0.129,0.04,0.002,0.0,0.0
36.18,0.152,0.152,0.018,0.002,0.0,0.0
36.2,0.167,0.167,0.004,0.002,0.0,0.0
36.22,0.172,0.172,-0.0,0.002,0.0,0.0
36.24,0.143,0.143,0.026,0.003,0.0,0.0
36.26,0.127,0.127,0.04,0.003,0.0,0.0
36.28,0.151,0.151,0.018,0.003,0.0,0.0
36.3,0.166,0.166,0.004,0.003,0.0,0.0
36.32,0.171,0.171,-0.0,0.003,0.0,0.0
36.34,0.171,0.171,-0.001,0.003,0.0,0.0
36.36,0.17,0.17,-0.0,0.003,0.0,0.0
36.38,0.141,0.141,0.026,0.005,0.0,0.0
36.4,0.126,0.126,0.041,0.005,0.0,0.0
36.42,0.15,0.15,0.018,0.005,0.0,0.0
36.44,0.165,0.165,0.004,0.005,0.0,0.0
36.46,0.169,0.169,-0.0,0.005,0.0,0.0
36.48,0.169,0.169,-0.001,0.005,0.0,0.0
36.5,0.169,0.169,-0.0,0.005,0.0,0.0
36.52,0.168,0.168,-0.0,0.005,0.0,0.0
36.54,0.168,0.168,0.0,0.005,0.0,0.0
36.56,0.168,0.168,0.0,0.005,0.0,0.0
36.58,0.168,0.168,0.0,0.005,0.0,0.0
36.6,0.168,0.168,0.0,0.005,0.0,0.0
36.62,0.167,0.167,-0.0,0.005,0.0,0.0
36.64,0.196,0.196,-0.026,0.003,0.0,0.0
36.66,0.211,0.211,-0.041,0.003,0.0,0.0
36.68,0.187,0.187,-0.018,0.003,0.0,0.0
36.7,0.172,0.172,-0.004,0.003,0.0,0.0
36.72,0.167,0.167,0.0,0.003,0.0,0.0
36.74,0.166,0.166,0.001,0.003,0.0,0.0
36.76,0.167,0.167,0.0,0.003,0.0,0.0
36.78,0.195,0.195,-0.026,0.002,0.0,0.0
36.8,0.211,0.211,-0.041,0.002,0.0,0.0
36.82,0.187,0.187,-0.018,0.002,0.0,0.0
36.84,0.171,0.171,-0.004,0.002,0.0,0.0
36.86,0.167,0.167,0.0,0.002,0.0,0.0
36.88,0.166,0.166,0.001,0.002,0.0,0.0
36.9,0.195,0.195,-0.026,-0.0,0.0,0.0
36.92,0.211,0.211,-0.041,-0.0,0.0,0.0
36.94,0.187,0.187,-0.018,-0.0,0.0,0.0
36.96,0.172,0.172,-0.004,-0.0,0.0,0.0
36.98,0.167,0.167,0.0,-0.0,0.0,0.0
37.0,0.166,0.166,0.001,-0.0,0.0,0.0
37.02,0.196,0.196,-0.026,-0.002,0.0,0.0
37.04,0.211,0.211,-0.041,-0.002,0.0,0.0
37.06,0.187,0.187,-0.018,-0.002,0.0,0.0
37.08,0.172,0.172,-0.004,-0.002,0.0,0.0
37.1,0.167,0.167,0.0,-0.002,0.0,0.0
37.12,0.167,0.167,0.001,-0.002,0.0,0.0
37.14,0.168,0.168,0.0,-0.002,0.0,0.0
37.16,0.168,0.168,0.0,-0.002,0.0,0.0
37.18,0.168,0.168,-0.0,-0.002,0.0,0.0
37.2,0.168,0.168,-0.0,-0.002,0.0,0.0
37.22,0.168,0.168,-0.0,-0.002,0.0,0.0
37.24,0.168,0.168,-0.0,-0.002,0.0,0.0
37.26,0.168,0.168,0.0,-0.002,0.0,0.0
37.28,0.168,0.168,0.0,-0.002,0.0,0.0
37.3,0.169,0.169,0.0,-0.002,0.0,0.0
37.32,0.169,0.169,0.0,-0.002,0.0,0.0
37.34,0.169,0.169,-0.0,-0.002,0.0,0.0
37.36,0.169,0.169,-0.0,-0.002,0.0,0.0
37.38,0.169,0.169,-0.0,-0.002,0.0,0.0
37.4,0.169,0.169,0.0,-0.002,0.0,0.0
37.42,0.169,0.169,0.0,-0.002,0.0,0.0
37.44,0.169,0.169,0.0,-0.002,0.0,0.0
37.46,0.169,0.169,0.0,-0.002,0.0,0.0
37.48,0.14,0.14,0.026,-0.0,0.0,0.0
37.5,0.125,0.125,0.041,-0.0,0.0,0.0
37.52,0.149,0.149,0.018,-0.0,0.0,0.0
37.54,0.164,0.164,0.004,-0.0,0.0,0.0
37.56,0.169,0.169,-0.0,-0.0,0.0,0.0
37.58,0.169,0.169,-0.001,-0.0,0.0,0.0
37.6,0.169,0.169,-0.0,-0.0,0.0,0.0
37.62,0.169,0.169,-0.0,-0.0,0.0,0.0
37.64,0.14,0.14,0.026,0.002,0.0,0.0
37.66,0.125,0.125,0.041,0.002,0.0,0.0
37.68,0.149,0.149,0.018,0.002,0.0,0.0
37.7,0.164,0.164,0.004,0.002,0.0,0.0
37.72,0.169,0.169,-0.0,0.002,0.0,0.0
37.74,0.169,0.169,-0.001,0.002,0.0,0.0
37.76,0.168,0.168,-0.0,0.002,0.0,0.0
37.78,0.139,0.139,0.026,0.003,0.0,0.0
37.8,0.124,0.124,0.041,0.003,0.0,0.0
37.82,0.148,0.148,0.018,0.003,0.0,0.0
37.84,0.163,0.163,0.004,0.003,0.0,0.0
37.86,0.168,0.168,-0.0,0.003,0.0,0.0
37.88,0.168,0.168,-0.001,0.003,0.0,0.0
37.9,0.167,0.167,-0.0,0.003,0.0,0.0
37.92,0.167,0.167,-0.0,0.003,0.0,0.0
37.94,0.167,0.167,0.0,0.003,0.0,0.0
37.96,0.166,0.166,0.0,0.003,0.0,0.0
37.98,0.166,0.166,0.0,0.003,0.0,0.0
38.0,0.166,0.166,0.0,0.003,0.0,0.0
38.02,0.166,0.166,-0.0,0.003,0.0,0.0
38.04,0.166,0.166,-0.0,0.003,0.0,0.0
38.06,0.166,0.166,-0.0,0.003,0.0,0.0
38.08,0.166,0.166,-0.0,0.003,0.0,0.0
38.1,0.166,0.166,0.0,0.003,0.0,0.0
38.12,0.166,0.166,0.0,0.003,0.0,0.0
38.14,0.165,0.165,0.0,0.003,0.0,0.0
38.16,0.165,0.165,0.0,0.003,0.0,0.0
38.18,0.165,0.165,0.0,0.003,0.0,0.0
38.2,0.194,0.194,-0.026,0.002,0.0,0.0
38.22,0.209,0.209,-0.041,0.002,0.0,0.0
38.24,0.185,0.185,-0.018,0.002,0.0,0.0
38.26,0.17,0.17,-0.004,0.002,0.0,0.0
38.28,0.165,0.165,0.0,0.002,0.0,0.0
38.3,0.164,0.164,0.001,0.002,0.0,0.0
38.32,0.165,0.165,0.0,0.002,0.0,0.0
38.34,0.165,0.165,0.0,0.002,0.0,0.0
38.36,0.165,0.165,-0.0,0.002,0.0,0.0
38.38,0.165,0.165,-0.0,0.002,0.0,0.0
38.4,0.194,0.194,-0.026,-0.0,0.0,0.0
38.42,0.209,0.209,-0.041,-0.0,0.0,0.0
38.44,0.185,0.185,-0.018,-0.0,0.0,0.0
38.46,0.17,0.17,-0.004,-0.0,0.0,0.0
38.48,0.165,0.165,0.0,-0.0,0.0,0.0
38.5,0.165,0.165,0.001,-0.0,0.0,0.0
38.52,0.165,0.165,0.0,-0.0,0.0,0.0
38.54,0.165,0.165,0.0,-0.0,0.0,0.0
38.56,0.165,0.165,-0.0,-0.0,0.0,0.0
38.58,0.165,0.165,-0.0,-0.0,0.0,0.0
38.6,0.165,0.165,-0.0,-0.0,0.0,0.0
38.62,0.165,0.165,-0.0,-0.0,0.0,0.0
38.64,0.165,0.165,0.0,-0.0,0.0,0.0
38.66,0.165,0.165,0.0,-0.0,0.0,0.0
38.68,0.165,0.165,0.0,-0.0,0.0,0.0
38.7,0.165,0.165,0.0,-0.0,0.0,0.0
38.72,0.165,0.165,-0.0,-0.0,0.0,0.0
38.74,0.165,0.165,-0.0,-0.0,0.0,0.0
38.76,0.165,0.165,-0.0,-0.0,0.0,0.0
38.78,0.165,0.165,-0.0,-0.0,0.0,0.0
38.8,0.165,0.165,0.0,-0.0,0.0,0.0
38.82,0.165,0.165,0.0,-0.0,0.0,0.0
38.84,0.165,0.165,0.0,-0.0,0.0,0.0
38.86,0.165,0.165,0.0,-0.0,0.0,0.0
38.88,0.165,0.165,-0.0,-0.0,0.0,0.0
38.9,0.165,0.165,-0.0,-0.0,0.0,0.0
38.92,0.165,0.165,-0.0,-0.0,0.0,0.0
38.94,0.165,0.165,-0.0,-0.0,0.0,0.0
38.96,0.165,0.165,0.0,-0.0,0.0,0.0
38.98,0.165,0.165,0.0,-0.0,0.0,0.0
39.0,0.165,0.165,0.0,-0.0,0.0,0.0
39.02,0.165,0.165,0.0,-0.0,0.0,0.0
39.04,0.165,0.165,-0.0,-0.0,0.0,0.0
39.06,0.165,0.165,-0.0,-0.0,0.0,0.0
39.08,0.165,0.165,-0.0,-0.0,0.0,0.0
39.1,0.165,0.165,-0.0,-0.0,0.0,0.0
39.12,0.137,0.137,0.026,0.002,0.0,0.0
39.14,0.121,0.121,0.041,0.002,0.0,0.0
39.16,0.146,0.146,0.018,0.002,0.0,0.0
39.18,0.161,0.161,0.004,0.002,0.0,0.0
39.2,0.165,0.165,-0.0,0.002,0.0,0.0
39.22,0.166,0.166,-0.001,0.002,0.0,0.0
39.24,0.165,0.165,-0.0,0.002,0.0,0.0
39.26,0.165,0.165,-0.0,0.002,0.0,0.0
39.28,0.165,0.165,0.0,0.002,0.0,0.0
39.3,0.164,0.164,0.0,0.002,0.0,0.0
39.32,0.164,0.164,0.0,0.002,0.0,0.0
39.34,0.164,0.164,0.0,0.002,0.0,0.0
39.36,0.164,0.164,-0.0,0.002,0.0,0.0
39.38,0.164,0.164,-0.0,0.002,0.0,0.0
39.4,0.164,0.164,-0.0,0.002,0.0,0.0
39.42,0.164,0.164,-0.0,0.002,0.0,0.0
39.44,0.164,0.164,0.0,0.002,0.0,0.0
39.46,0.164,0.164,0.0,0.002,0.0,0.0
39.48,0.164,0.164,0.0,0.002,0.0,0.0
39.5,0.164,0.164,0.0,0.002,0.0,0.0
39.52,0.164,0.164,0.0,0.002,0.0,0.0
39.54,0.164,0.164,0.0,0.002,0.0,0.0
39.56,0.164,0.164,0.0,0.002,0.0,0.0
39.58,0.164,0.164,0.0,0.002,0.0,0.0
39.6,0.164,0.164,0.0,0.002,0.0,0.0
39.62,0.164,0.164,0.0,0.002,0.0,0.0
39.64,0.164,0.164,0.0,0.002,0.0,0.0
39.66,0.164,0.164,0.0,0.002,0.0,0.0
39.68,0.163,0.163,0.0,0.002,0.0,0.0
39.7,0.163,0.163,0.0,0.002,0.0,0.0
39.72,0.163,0.163,0.0,0.002,0.0,0.0
39.74,0.163,0.163,0.0,0.002,0.0,0.0
39.76,0.163,0.163,0.0,0.002,0.0,0.0
39.78,0.163,0.163,0.0,0.002,0.0,0.0
39.8,0.192,0.192,-0.026,-0.0,0.0,0.0
39.82,0.207,0.207,-0.041,-0.0,0.0,0.0
39.84,0.183,0.183,-0.018,-0.0,0.0,0.0
39.86,0.168,0.168,-0.004,-0.0,0.0,0.0
39.88,0.163,0.163,0.0,-0.0,0.0,0.0
39.9,0.163,0.163,0.001,-0.0,0.0,0.0
39.92,0.163,0.163,0.0,-0.0,0.0,0.0
39.94,0.163,0.163,0.0,-0.0,0.0,0.0
39.96,0.164,0.164,-0.0,-0.0,0.0,0.0
39.98,0.164,0.164,-0.0,-0.0,0.0,0.0
40.0,0.164,0.164,-0.0,-0.0,0.0,0.0
40.02,0.164,0.164,-0.0,-0.0,0.0,0.0
40.04,0.164,0.164,0.0,-0.0,0.0,0.0
40.06,0.164,0.164,0.0,-0.0,0.0,0.0
40.08,0.164,0.164,0.0,-0.0,0.0,0.0
40.1,0.164,0.164,0.0,-0.0,0.0,0.0
40.12,0.164,0.164,-0.0,-0.0,0.0,0.0
40.14,0.164,0.164,-0.0,-0.0,0.0,0.0
40.16,0.164,0.164,-0.0,-0.0,0.0,0.0
40.18,0.164,0.164,-0.0,-0.0,0.0,0.0
40.2,0.164,0.164,0.0,-0.0,0.0,0.0
40.22,0.164,0.164,0.0,-0.0,0.0,0.0
40.24,0.164,0.164,0.0,-0.0,0.0,0.0
40.26,0.164,0.164,0.0,-0.0,0.0,0.0
40.28,0.164,0.164,-0.0,-0.0,0.0,0.0
40.3,0.164,0.164,-0.0,-0.0,0.0,0.0
40.32,0.164,0.164,-0.0,-0.0,0.0,0.0
40.34,0.164,0.164,-0.0,-0.0,0.0,0.0
40.36,0.164,0.164,0.0,-0.0,0.0,0.0
40.38,0.164,0.164,0.0,-0.0,0.0,0.0
40.4,0.164,0.164,0.0,-0.0,0.0,0.0
40.42,0.164,0.164,0.0,-0.0,0.0,0.0
40.44,0.164,0.164,-0.0,-0.0,0.0,0.0
40.46,0.164,0.164,-0.0,-0.0,0.0,0.0
40.48,0.164,0.164,-0.0,-0.0,0.0,0.0
40.5,0.164,0.164,-0.0,-0.0,0.0,0.0
40.52,0.164,0.164,-0.0,-0.0,0.0,0.0
40.54,0.164,0.164,0.0,-0.0,0.0,0.0
40.56,0.164,0.164,0.0,-0.0,0.0,0.0
40.58,0.164,0.164,0.0,-0.0,0.0,0.0
40.6,0.164,0.164,0.0,-0.0,0.0,0.0
40.62,0.164,0.164,-0.0,-0.0,0.0,0.0
40.64,0.164,0.164,-0.0,-0.0,0.0,0.0
40.66,0.135,0.135,0.026,0.002,0.0,0.0
40.68,0.12,0.12,0.041,0.002,0.0,0.0
40.7,0.144,0.144,0.018,0.002,0.0,0.0
40.72,0.159,0.159,0.004,0.002,0.0,0.0
40.74,0.163,0.163,-0.0,0.002,0.0,0.0
40.76,0.164,0.164,-0.001,0.002,0.0,0.0
40.78,0.163,0.163,-0.0,0.002,0.0,0.0
40.8,0.163,0.163,-0.0,0.002,0.0,0.0
40.82,0.163,0.163,0.0,0.002,0.0,0.0
40.84,0.163,0.163,0.0,0.002,0.0,0.0
40.86,0.163,0.163,0.0,0.002,0.0,0.0
40.88,0.163,0.163,0.0,0.002,0.0,0.0
40.9,0.162,0.162,-0.0,0.002,0.0,0.0
40.92,0.162,0.162,-0.0,0.002,0.0,0.0
40.94,0.162,0.162,-0.0,0.002,0.0,0.0
40.96,0.162,0.162,-0.0,0.002,0.0,0.0
40.98,0.162,0.162,0.0,0.002,0.0,0.0
41.0,0.162,0.162,0.0,0.002,0.0,0.0
41.02,0.162,0.162,0.0,0.002,0.0,0.0
41.04,0.162,0.162,0.0,0.002,0.0,0.0
41.06,0.162,0.162,0.0,0.002,0.0,0.0
41.08,0.191,0.191,-0.026,-0.0,0.0,0.0
41.1,0.206,0.206,-0.041,-0.0,0.0,0.0
41.12,0.182,0.182,-0.018,-0.0,0.0,0.0
41.14,0.167,0.167,-0.004,-0.0,0.0,0.0
41.16,0.162,0.162,0.0,-0.0,0.0,0.0
41.18,0.162,0.162,0.001,-0.0,0.0,0.0
41.2,0.162,0.162,0.0,-0.0,0.0,0.0
41.22,0.162,0.162,0.0,-0.0,0.0,0.0
41.24,0.162,0.162,-0.0,-0.0,0.0,0.0
41.26,0.162,0.162,-0.0,-0.0,0.0,0.0
41.28,0.162,0.162,-0.0,-0.0,0.0,0.0
41.3,0.162,0.162,-0.0,-0.0,0.0,0.0
41.32,0.162,0.162,0.0,-0.0,0.0,0.0
41.34,0.162,0.162,0.0,-0.0,0.0,0.0
41.36,0.162,0.162,0.0,-0.0,0.0,0.0
41.38,0.162,0.162,0.0,-0.0,0.0,0.0
41.4,0.162,0.162,-0.0,-0.0,0.0,0.0
41.42,0.162,0.162,-0.0,-0.0,0.0,0.0
41.44,0.162,0.162,-0.0,-0.0,0.0,0.0
41.46,0.162,0.162,-0.0,-0.0,0.0,0.0
41.48,0.162,0.162,0.0,-0.0,0.0,0.0
41.5,0.162,0.162,0.0,-0.0,0.0,0.0
41.52,0.162,0.162,0.0,-0.0,0.0,0.0
41.54,0.162,0.162,0.0,-0.0,0.0,0.0
41.56,0.162,0.162,-0.0,-0.0,0.0,0.0
41.58,0.162,0.162,-0.0,-0.0,0.0,0.0
41.6,0.162,0.162,-0.0,-0.0,0.0,0.0
41.62,0.162,0.162,-0.0,-0.0,0.0,0.0
41.64,0.162,0.162,0.0,-0.0,0.0,0.0
41.66,0.162,0.162,0.0,-0.0,0.0,0.0
41.68,0.162,0.162,0.0,-0.0,0.0,0.0
41.7,0.162,0.162,0.0,-0.0,0.0,0.0
41.72,0.162,0.162,-0.0,-0.0,0.0,0.0
41.74,0.162,0.162,-0.0,-0.0,0.0,0.0
41.76,0.162,0.162,-0.0,-0.0,0.0,0.0
41.78,0.162,0.162,-0.0,-0.0,0.0,0.0
41.8,0.162,0.162,-0.0,-0.0,0.0,0.0
41.82,0.162,0.162,0.0,-0.0,0.0,0.0
41.84,0.162,0.162,0.0,-0.0,0.0,0.0
41.86,0.162,0.162,0.0,-0.0,0.0,0.0
41.88,0.162,0.162,0.0,-0.0,0.0,0.0
41.9,0.162,0.162,-0.0,-0.0,0.0,0.0
41.92,0.162,0.162,-0.0,-0.0,0.0,0.0
41.94,0.162,0.162,-0.0,-0.0,0.0,0.0
