Tiempo ,CORRIENT,VELOCIDA,ENTRADA
 -0.100,0,0,0
 -0.095,0,0,0
 -0.090,0,0,0
 -0.085,0,0,0
 -0.080,0,0,0
 -0.075,0,0,0
 -0.070,0,0,0
 -0.065,0,0,0
 -0.060,0,0,0
 -0.055,0,0,0
 -0.050,0,0,0
 -0.045,0,0,0
 -0.040,0,0,0
 -0.035,0,0,0
 -0.030,0,0,0
 -0.025,0,0,0
 -0.020,0,0,0
 -0.015,0,0,0
 -0.010,0,0,0
 -0.005,0,0,0
  0.000, 0.019, 0.020, 0.000
  0.005, 0.019, 0.030, 0.000
  0.010, 0.019, 0.030, 0.000
  0.015, 0.019, 0.027, 0.000
  0.020, 0.019, 0.027, 0.000
  0.025, 0.019, 0.022, 0.000
  0.030, 0.019, 0.022, 0.000
  0.035, 0.019, 0.018, 0.000
  0.040, 0.020, 0.018, 0.000
  0.045, 0.019, 0.018, 0.000
  0.050, 0.019, 0.020, 0.000
  0.055, 0.019, 0.025, 0.000
  0.060, 0.019, 0.025, 0.000
  0.065, 0.019, 0.030, 0.000
  0.070, 0.019, 0.032, 0.000
  0.075, 0.019, 0.030, 0.000
  0.080, 0.019, 0.030, 0.000
  0.085, 0.019, 0.027, 0.000
  0.090, 0.020, 0.025, 0.000
  0.095, 0.019, 0.025, 0.000
  0.100, 0.019, 0.022, 0.000
  0.105, 0.020, 0.018, 0.000
  0.110, 0.019, 0.020, 0.000
  0.115, 0.018, 0.020, 0.000
  0.120, 0.019, 0.022, 0.000
  0.125, 0.019, 0.022, 0.000
  0.130, 0.019, 0.025, 0.000
  0.135, 0.019, 0.027, 0.000
  0.140, 0.019, 0.030, 0.000
  0.145, 0.019, 0.030, 0.000
  0.150, 0.019, 0.032, 0.000
  0.155, 0.019, 0.032, 0.000
  0.160, 0.019, 0.032, 0.000
  0.165, 0.019, 0.027, 0.000
  0.170, 0.019, 0.027, 0.000
  0.175, 0.019, 0.025, 0.000
  0.180, 0.019, 0.022, 0.000
  0.185, 0.020, 0.018, 0.000
  0.190, 0.020, 0.018, 0.000
  0.195, 0.019, 0.020, 0.000
  0.200, 0.020, 0.020, 0.000
  0.205, 0.019, 0.020, 0.000
  0.210, 0.019, 0.022, 0.000
  0.215, 0.018, 0.025, 0.000
  0.220, 0.019, 0.030, 0.000
  0.225, 0.018, 0.030, 0.000
  0.230, 0.019, 0.030, 0.000
  0.235, 0.019, 0.030, 0.000
  0.240, 0.019, 0.032, 0.000
  0.245, 0.019, 0.030, 0.000
  0.250, 0.020, 0.030, 0.000
  0.255, 0.019, 0.027, 0.000
  0.260, 0.020, 0.027, 0.000
  0.265, 0.019, 0.022, 0.000
  0.270, 0.019, 0.020, 0.000
  0.275, 0.018, 0.018, 0.000
  0.280, 0.019, 0.020, 0.000
  0.285, 0.019, 0.018, 0.000
  0.290, 0.019, 0.020, 0.000
  0.295, 0.019, 0.018, 0.000
  0.300, 0.019, 0.025, 0.000
  0.305, 0.019, 0.025, 0.000
  0.310, 0.019, 0.030, 0.000
  0.315, 0.019, 0.027, 0.000
  0.320, 0.019, 0.032, 0.000
  0.325, 0.019, 0.030, 0.000
  0.330, 0.019, 0.030, 0.000
  0.335, 0.019, 0.030, 0.000
  0.340, 0.020, 0.030, 0.000
  0.345, 0.019, 0.027, 0.000
  0.350, 0.019, 0.022, 0.000
  0.355, 0.019, 0.020, 0.000
  0.360, 0.019, 0.018, 0.000
  0.365, 0.019, 0.020, 0.000
  0.370, 0.019, 0.020, 0.000
  0.375, 0.019, 0.018, 0.000
  0.380, 0.019, 0.018, 0.000
  0.385, 0.019, 0.022, 0.000
  0.390, 0.019, 0.027, 0.000
  0.395, 0.019, 0.027, 0.000
  0.400, 0.019, 0.030, 0.000
  0.405, 0.019, 0.032, 0.000
  0.410, 0.019, 0.035, 0.000
  0.415, 0.019, 0.030, 0.000
  0.420, 0.019, 0.030, 0.000
  0.425, 0.019, 0.030, 0.000
  0.430, 0.019, 0.027, 0.000
  0.435, 0.020, 0.020, 0.000
  0.440, 0.019, 0.020, 0.000
  0.445, 0.019, 0.020, 0.000
  0.450, 0.019, 0.018, 0.000
  0.455, 0.019, 0.018, 0.000
  0.460, 0.019, 0.018, 0.000
  0.465, 0.019, 0.020, 0.000
  0.470, 0.019, 0.022, 0.000
  0.475, 0.019, 0.027, 0.000
  0.480, 0.018, 0.025, 0.000
  0.485, 0.019, 0.027, 0.000
  0.490, 0.019, 0.032, 0.000
  0.495, 0.019, 0.032, 0.000
  0.500, 0.019, 0.027, 0.000
  0.505, 0.019, 0.032, 0.000
  0.510, 0.460, 0.037, 3.000
  0.515, 0.578, 0.435, 3.000
  0.520, 0.552, 0.805, 3.000
  0.525, 0.530, 1.100, 3.000
  0.530, 0.521, 1.338, 3.000
  0.535, 0.501, 1.555, 3.000
  0.540, 0.464, 1.740, 3.000
  0.545, 0.454, 1.845, 3.000
  0.550, 0.431, 1.982, 3.000
  0.555, 0.422, 2.120, 3.000
  0.560, 0.437, 2.213, 3.000
  0.565, 0.396, 2.325, 3.000
  0.570, 0.410, 2.398, 3.000
  0.575, 0.385, 2.522, 3.000
  0.580, 0.390, 2.578, 3.000
  0.585, 0.366, 2.620, 3.000
  0.590, 0.375, 2.730, 3.000
  0.595, 0.349, 2.770, 3.000
  0.600, 0.359, 2.858, 3.000
  0.605, 0.344, 2.900, 3.000
  0.610, 0.343, 2.965, 3.000
  0.615, 0.316, 3.062, 3.000
  0.620, 0.329, 3.090, 3.000
  0.625, 0.288, 3.185, 3.000
  0.630, 0.323, 3.207, 3.000
  0.635, 0.301, 3.288, 3.000
  0.640, 0.296, 3.282, 3.000
  0.645, 0.313, 3.305, 3.000
  0.650, 0.274, 3.400, 3.000
  0.655, 0.306, 3.422, 3.000
  0.660, 0.293, 3.455, 3.000
  0.665, 0.264, 3.540, 3.000
  0.670, 0.302, 3.492, 3.000
  0.675, 0.264, 3.628, 3.000
  0.680, 0.259, 3.602, 3.000
  0.685, 0.283, 3.625, 3.000
  0.690, 0.250, 3.728, 3.000
  0.695, 0.246, 3.702, 3.000
  0.700, 0.280, 3.702, 3.000
  0.705, 0.252, 3.817, 3.000
  0.710, 0.230, 3.835, 3.000
  0.715, 0.262, 3.803, 3.000
  0.720, 0.252, 3.835, 3.000
  0.725, 0.211, 3.870, 3.000
  0.730, 0.237, 3.848, 3.000
  0.735, 0.254, 3.872, 3.000
  0.740, 0.226, 3.950, 3.000
  0.745, 0.219, 3.950, 3.000
  0.750, 0.248, 3.928, 3.000
  0.755, 0.235, 3.997, 3.000
  0.760, 0.195, 4.040, 3.000
  0.765, 0.211, 4.027, 3.000
  0.770, 0.247, 4.035, 3.000
  0.775, 0.235, 4.095, 3.000
  0.780, 0.190, 4.078, 3.000
  0.785, 0.208, 4.070, 3.000
  0.790, 0.229, 4.108, 3.000
  0.795, 0.230, 4.168, 3.000
  0.800, 0.184, 4.140, 3.000
  0.805, 0.196, 4.142, 3.000
  0.810, 0.226, 4.157, 3.000
  0.815, 0.216, 4.190, 3.000
  0.820, 0.171, 4.210, 3.000
  0.825, 0.198, 4.207, 3.000
  0.830, 0.224, 4.148, 3.000
  0.835, 0.217, 4.230, 3.000
  0.840, 0.194, 4.260, 3.000
  0.845, 0.184, 4.253, 3.000
  0.850, 0.216, 4.253, 3.000
  0.855, 0.214, 4.222, 3.000
  0.860, 0.209, 4.325, 3.000
  0.865, 0.169, 4.290, 3.000
  0.870, 0.182, 4.290, 3.000
  0.875, 0.215, 4.253, 3.000
  0.880, 0.204, 4.307, 3.000
  0.885, 0.182, 4.322, 3.000
  0.890, 0.171, 4.363, 3.000
  0.895, 0.186, 4.290, 3.000
  0.900, 0.209, 4.322, 3.000
  0.905, 0.197, 4.347, 3.000
  0.910, 0.169, 4.392, 3.000
  0.915, 0.171, 4.350, 3.000
  0.920, 0.193, 4.358, 3.000
  0.925, 0.198, 4.338, 3.000
  0.930, 0.196, 4.392, 3.000
  0.935, 0.160, 4.410, 3.000
  0.940, 0.170, 4.367, 3.000
  0.945, 0.193, 4.383, 3.000
  0.950, 0.197, 4.358, 3.000
  0.955, 0.199, 4.425, 3.000
  0.960, 0.161, 4.435, 3.000
  0.965, 0.168, 4.392, 3.000
  0.970, 0.190, 4.408, 3.000
  0.975, 0.200, 4.387, 3.000
  0.980, 0.198, 4.418, 3.000
  0.985, 0.169, 4.457, 3.000
  0.990, 0.165, 4.435, 3.000
  0.995, 0.181, 4.390, 3.000
  1.000, 0.211, 4.412, 3.000
  1.005, 0.194, 4.425, 3.000
  1.010, 0.173, 4.448, 3.000
  1.015, 0.161, 4.483, 3.000
  1.020, 0.169, 4.415, 3.000
  1.025, 0.207, 4.405, 3.000
  1.030, 0.201, 4.455, 3.000
  1.035, 0.172, 4.470, 3.000
  1.040, 0.148, 4.467, 3.000
  1.045, 0.169, 4.452, 3.000
  1.050, 0.193, 4.428, 3.000
  1.055, 0.195, 4.420, 3.000
  1.060, 0.191, 4.512, 3.000
  1.065, 0.149, 4.487, 3.000
  1.070, 0.163, 4.455, 3.000
  1.075, 0.184, 4.457, 3.000
  1.080, 0.194, 4.455, 3.000
  1.085, 0.188, 4.470, 3.000
  1.090, 0.168, 4.493, 3.000
  1.095, 0.153, 4.517, 3.000
  1.100, 0.166, 4.455, 3.000
  1.105, 0.194, 4.415, 3.000
  1.110, 0.194, 4.470, 3.000
  1.115, 0.178, 4.532, 3.000
  1.120, 0.140, 4.490, 3.000
  1.125, 0.164, 4.467, 3.000
  1.130, 0.182, 4.483, 3.000
  1.135, 0.189, 4.470, 3.000
  1.140, 0.184, 4.485, 3.000
  1.145, 0.162, 4.517, 3.000
  1.150, 0.153, 4.540, 3.000
  1.155, 0.159, 4.475, 3.000
  1.160, 0.192, 4.443, 3.000
  1.165, 0.194, 4.495, 3.000
  1.170, 0.184, 4.550, 3.000
  1.175, 0.141, 4.510, 3.000
  1.180, 0.157, 4.485, 3.000
  1.185, 0.182, 4.497, 3.000
  1.190, 0.192, 4.487, 3.000
  1.195, 0.184, 4.500, 3.000
  1.200, 0.163, 4.517, 3.000
  1.205, 0.146, 4.540, 3.000
  1.210, 0.163, 4.497, 3.000
  1.215, 0.186, 4.457, 3.000
  1.220, 0.189, 4.467, 3.000
  1.225, 0.189, 4.550, 3.000
  1.230, 0.150, 4.550, 3.000
  1.235, 0.152, 4.532, 3.000
  1.240, 0.164, 4.472, 3.000
  1.245, 0.196, 4.477, 3.000
  1.250, 0.192, 4.528, 3.000
  1.255, 0.167, 4.545, 3.000
  1.260, 0.137, 4.517, 3.000
  1.265, 0.161, 4.505, 3.000
  1.270, 0.182, 4.523, 3.000
  1.275, 0.188, 4.490, 3.000
  1.280, 0.180, 4.515, 3.000
  1.285, 0.159, 4.538, 3.000
  1.290, 0.146, 4.562, 3.000
  1.295, 0.158, 4.510, 3.000
  1.300, 0.187, 4.477, 3.000
  1.305, 0.185, 4.480, 3.000
  1.310, 0.187, 4.562, 3.000
  1.315, 0.149, 4.560, 3.000
  1.320, 0.150, 4.538, 3.000
  1.325, 0.161, 4.480, 3.000
  1.330, 0.196, 4.493, 3.000
  1.335, 0.193, 4.535, 3.000
  1.340, 0.169, 4.562, 3.000
  1.345, 0.135, 4.530, 3.000
  1.350, 0.157, 4.515, 3.000
  1.355, 0.175, 4.523, 3.000
  1.360, 0.189, 4.510, 3.000
  1.365, 0.176, 4.523, 3.000
  1.370, 0.156, 4.538, 3.000
  1.375, 0.139, 4.552, 3.000
  1.380, 0.162, 4.528, 3.000
  1.385, 0.183, 4.507, 3.000
  1.390, 0.182, 4.477, 3.000
  1.395, 0.183, 4.540, 3.000
  1.400, 0.156, 4.565, 3.000
  1.405, 0.147, 4.577, 3.000
  1.410, 0.157, 4.512, 3.000
  1.415, 0.185, 4.485, 3.000
  1.420, 0.189, 4.510, 3.000
  1.425, 0.182, 4.580, 3.000
  1.430, 0.145, 4.557, 3.000
  1.435, 0.152, 4.535, 3.000
  1.440, 0.164, 4.493, 3.000
  1.445, 0.197, 4.507, 3.000
  1.450, 0.189, 4.538, 3.000
  1.455, 0.167, 4.565, 3.000
  1.460, 0.135, 4.528, 3.000
  1.465, 0.158, 4.520, 3.000
  1.470, 0.176, 4.530, 3.000
  1.475, 0.190, 4.517, 3.000
  1.480, 0.181, 4.525, 3.000
  1.485, 0.156, 4.540, 3.000
  1.490, 0.140, 4.555, 3.000
  1.495, 0.162, 4.543, 3.000
  1.500, 0.182, 4.523, 3.000
  1.505, 0.183, 4.490, 3.000
  1.510, 0.177, 4.538, 3.000
  1.515, 0.160, 4.570, 3.000
  1.520, 0.148, 4.582, 3.000
  1.525, 0.156, 4.520, 3.000
  1.530, 0.184, 4.483, 3.000
  1.535, 0.183, 4.500, 3.000
  1.540, 0.184, 4.580, 3.000
  1.545, 0.150, 4.570, 3.000
  1.550, 0.150, 4.555, 3.000
  1.555, 0.160, 4.493, 3.000
  1.560, 0.191, 4.495, 3.000
  1.565, 0.191, 4.540, 3.000
  1.570, 0.176, 4.585, 3.000
  1.575, 0.139, 4.552, 3.000
  1.580, 0.154, 4.530, 3.000
  1.585, 0.167, 4.512, 3.000
  1.590, 0.192, 4.515, 3.000
  1.595, 0.181, 4.535, 3.000
  1.600, 0.159, 4.568, 3.000
  1.605, 0.138, 4.532, 3.000
  1.610, 0.162, 4.528, 3.000
  1.615, 0.177, 4.540, 3.000
  1.620, 0.183, 4.515, 3.000
  1.625, 0.177, 4.525, 3.000
  1.630, 0.154, 4.548, 3.000
  1.635, 0.142, 4.573, 3.000
  1.640, 0.161, 4.540, 3.000
  1.645, 0.177, 4.530, 3.000
  1.650, 0.178, 4.497, 3.000
  1.655, 0.176, 4.538, 3.000
  1.660, 0.157, 4.565, 3.000
  1.665, 0.148, 4.585, 3.000
  1.670, 0.156, 4.525, 3.000
  1.675, 0.182, 4.493, 3.000
  1.680, 0.178, 4.495, 3.000
  1.685, 0.183, 4.580, 3.000
  1.690, 0.154, 4.580, 3.000
  1.695, 0.148, 4.573, 3.000
  1.700, 0.153, 4.510, 3.000
  1.705, 0.184, 4.487, 3.000
  1.710, 0.186, 4.525, 3.000
  1.715, 0.179, 4.595, 3.000
  1.720, 0.146, 4.565, 3.000
  1.725, 0.151, 4.548, 3.000
  1.730, 0.157, 4.510, 3.000
  1.735, 0.190, 4.507, 3.000
  1.740, 0.184, 4.543, 3.000
  1.745, 0.168, 4.597, 3.000
  1.750, 0.135, 4.550, 3.000
  1.755, 0.153, 4.525, 3.000
  1.760, 0.167, 4.523, 3.000
  1.765, 0.190, 4.523, 3.000
  1.770, 0.181, 4.545, 3.000
  1.775, 0.162, 4.570, 3.000
  1.780, 0.137, 4.545, 3.000
  1.785, 0.160, 4.535, 3.000
  1.790, 0.173, 4.540, 3.000
  1.795, 0.182, 4.538, 3.000
  1.800, 0.179, 4.535, 3.000
  1.805, 0.157, 4.555, 3.000
  1.810, 0.138, 4.560, 3.000
  1.815, 0.162, 4.535, 3.000
  1.820, 0.176, 4.538, 3.000
  1.825, 0.179, 4.512, 3.000
  1.830, 0.173, 4.535, 3.000
  1.835, 0.156, 4.550, 3.000
  1.840, 0.142, 4.582, 3.000
  1.845, 0.161, 4.552, 3.000
  1.850, 0.181, 4.532, 3.000
  1.855, 0.179, 4.505, 3.000
  1.860, 0.176, 4.548, 3.000
  1.865, 0.157, 4.570, 3.000
  1.870, 0.147, 4.585, 3.000
  1.875, 0.158, 4.532, 3.000
  1.880, 0.179, 4.497, 3.000
  1.885, 0.178, 4.495, 3.000
  1.890, 0.183, 4.570, 3.000
  1.895, 0.156, 4.582, 3.000
  1.900, 0.148, 4.582, 3.000
  1.905, 0.154, 4.517, 3.000
  1.910, 0.183, 4.497, 3.000
  1.915, 0.184, 4.520, 3.000
  1.920, 0.182, 4.588, 3.000
  1.925, 0.151, 4.577, 3.000
  1.930, 0.151, 4.562, 3.000
  1.935, 0.158, 4.500, 3.000
  1.940, 0.191, 4.495, 3.000
  1.945, 0.184, 4.538, 3.000
  1.950, 0.175, 4.602, 3.000
  1.955, 0.142, 4.565, 3.000
  1.960, 0.154, 4.540, 3.000
  1.965, 0.162, 4.505, 3.000
  1.970, 0.192, 4.507, 3.000
  1.975, 0.187, 4.552, 3.000
  1.980, 0.170, 4.582, 3.000
  1.985, 0.136, 4.545, 3.000
  1.990, 0.157, 4.528, 3.000
  1.995, 0.169, 4.528, 3.000
  2.000, 0.189, 4.530, 3.000
  2.005,-0.315, 4.535, 0.000
  2.010,-0.464, 4.160, 0.000
  2.015,-0.419, 3.767, 0.000
  2.020,-0.379, 3.455, 0.000
  2.025,-0.364, 3.243, 0.000
  2.030,-0.328, 3.007, 0.000
  2.035,-0.324, 2.887, 0.000
  2.040,-0.292, 2.727, 0.000
  2.045,-0.293, 2.615, 0.000
  2.050,-0.269, 2.455, 0.000
  2.055,-0.269, 2.390, 0.000
  2.060,-0.243, 2.257, 0.000
  2.065,-0.243, 2.185, 0.000
  2.070,-0.226, 2.095, 0.000
  2.075,-0.211, 2.033, 0.000
  2.080,-0.219, 1.945, 0.000
  2.085,-0.198, 1.870, 0.000
  2.090,-0.189, 1.808, 0.000
  2.095,-0.194, 1.743, 0.000
  2.100,-0.176, 1.660, 0.000
  2.105,-0.168, 1.618, 0.000
  2.110,-0.168, 1.577, 0.000
  2.115,-0.161, 1.503, 0.000
  2.120,-0.147, 1.435, 0.000
  2.125,-0.144, 1.392, 0.000
  2.130,-0.143, 1.365, 0.000
  2.135,-0.136, 1.312, 0.000
  2.140,-0.125, 1.230, 0.000
  2.145,-0.117, 1.220, 0.000
  2.150,-0.119, 1.175, 0.000
  2.155,-0.116, 1.148, 0.000
  2.160,-0.107, 1.072, 0.000
  2.165,-0.101, 1.062, 0.000
  2.170,-0.097, 1.025, 0.000
  2.175,-0.097, 0.990, 0.000
  2.180,-0.097, 0.967, 0.000
  2.185,-0.091, 0.930, 0.000
  2.190,-0.084, 0.892, 0.000
  2.195,-0.079, 0.863, 0.000
  2.200,-0.075, 0.832, 0.000
  2.205,-0.077, 0.815, 0.000
  2.210,-0.072, 0.782, 0.000
  2.215,-0.071, 0.755, 0.000
  2.220,-0.066, 0.725, 0.000
  2.225,-0.061, 0.702, 0.000
  2.230,-0.058, 0.683, 0.000
  2.235,-0.056, 0.658, 0.000
  2.240,-0.054, 0.642, 0.000
  2.245,-0.052, 0.627, 0.000
  2.250,-0.052, 0.615, 0.000
  2.255,-0.051, 0.593, 0.000
  2.260,-0.047, 0.562, 0.000
  2.265,-0.043, 0.542, 0.000
  2.270,-0.041, 0.527, 0.000
  2.275,-0.038, 0.502, 0.000
  2.280,-0.036, 0.493, 0.000
  2.285,-0.034, 0.480, 0.000
  2.290,-0.032, 0.463, 0.000
  2.295,-0.032, 0.455, 0.000
  2.300,-0.030, 0.432, 0.000
  2.305,-0.030, 0.423, 0.000
  2.310,-0.029, 0.403, 0.000
  2.315,-0.026, 0.393, 0.000
  2.320,-0.023, 0.377, 0.000
  2.325,-0.023, 0.368, 0.000
  2.330,-0.019, 0.347, 0.000
  2.335,-0.020, 0.340, 0.000
  2.340,-0.019, 0.333, 0.000
  2.345,-0.017, 0.325, 0.000
  2.350,-0.016, 0.317, 0.000
  2.355,-0.014, 0.308, 0.000
  2.360,-0.014, 0.305, 0.000
  2.365,-0.014, 0.298, 0.000
  2.370,-0.012, 0.290, 0.000
  2.375,-0.013, 0.290, 0.000
  2.380,-0.010, 0.282, 0.000
  2.385,-0.010, 0.270, 0.000
  2.390,-0.010, 0.268, 0.000
  2.395,-0.010, 0.260, 0.000
  2.400,-0.008, 0.250, 0.000
  2.405,-0.009, 0.243, 0.000
  2.410,-0.007, 0.237, 0.000
  2.415,-0.006, 0.227, 0.000
  2.420,-0.004, 0.218, 0.000
  2.425,-0.004, 0.210, 0.000
  2.430,-0.003, 0.203, 0.000
  2.435,-0.002, 0.200, 0.000
  2.440,-0.001, 0.190, 0.000
  2.445,-0.001, 0.188, 0.000
  2.450,-0.000, 0.183, 0.000
  2.455, 0.001, 0.178, 0.000
  2.460, 0.002, 0.168, 0.000
  2.465, 0.002, 0.160, 0.000
  2.470, 0.002, 0.157, 0.000
  2.475, 0.004, 0.153, 0.000
  2.480, 0.004, 0.148, 0.000
  2.485, 0.005, 0.140, 0.000
  2.490, 0.005, 0.138, 0.000
  2.495, 0.007, 0.132, 0.000
  2.500, 0.007, 0.122, 0.000
  2.505, 0.007, 0.122, 0.000
  2.510, 0.007, 0.122, 0.000
  2.515, 0.008, 0.115, 0.000
  2.520, 0.008, 0.110, 0.000
  2.525, 0.009, 0.108, 0.000
  2.530, 0.009, 0.103, 0.000
  2.535, 0.010, 0.098, 0.000
  2.540, 0.011, 0.090, 0.000
  2.545, 0.012, 0.082, 0.000
  2.550, 0.012, 0.080, 0.000
  2.555, 0.012, 0.078, 0.000
  2.560, 0.012, 0.072, 0.000
  2.565, 0.014, 0.068, 0.000
  2.570, 0.014, 0.062, 0.000
  2.575, 0.014, 0.058, 0.000
  2.580, 0.014, 0.052, 0.000
  2.585, 0.015, 0.052, 0.000
  2.590, 0.015, 0.047, 0.000
  2.595, 0.015, 0.043, 0.000
  2.600, 0.016, 0.043, 0.000
  2.605, 0.015, 0.043, 0.000
  2.610, 0.016, 0.043, 0.000
  2.615, 0.016, 0.040, 0.000
  2.620, 0.019, 0.037, 0.000
  2.625, 0.019, 0.037, 0.000
  2.630, 0.020, 0.027, 0.000
  2.635, 0.019, 0.020, 0.000
  2.640, 0.019, 0.020, 0.000
  2.645, 0.020, 0.018, 0.000
  2.650, 0.020, 0.020, 0.000
  2.655, 0.019, 0.018, 0.000
  2.660, 0.020, 0.020, 0.000
  2.665, 0.020, 0.018, 0.000
  2.670, 0.020, 0.018, 0.000
  2.675, 0.019, 0.018, 0.000
  2.680, 0.020, 0.020, 0.000
  2.685, 0.019, 0.018, 0.000
  2.690, 0.020, 0.018, 0.000
  2.695, 0.019, 0.015, 0.000
  2.700, 0.020, 0.018, 0.000
  2.705, 0.019, 0.020, 0.000
  2.710, 0.020, 0.020, 0.000
  2.715, 0.020, 0.020, 0.000
  2.720, 0.020, 0.022, 0.000
  2.725, 0.019, 0.020, 0.000
  2.730, 0.020, 0.020, 0.000
  2.735, 0.019, 0.020, 0.000
  2.740, 0.019, 0.020, 0.000
  2.745, 0.020, 0.018, 0.000
  2.750, 0.020, 0.018, 0.000
  2.755, 0.019, 0.020, 0.000
  2.760, 0.020, 0.020, 0.000
  2.765, 0.020, 0.020, 0.000
  2.770, 0.020, 0.018, 0.000
  2.775, 0.020, 0.022, 0.000
  2.780, 0.020, 0.020, 0.000
  2.785, 0.020, 0.020, 0.000
  2.790, 0.019, 0.020, 0.000
  2.795, 0.020, 0.020, 0.000
  2.800, 0.019, 0.020, 0.000
  2.805, 0.020, 0.020, 0.000
  2.810, 0.020, 0.018, 0.000
  2.815, 0.020, 0.020, 0.000
  2.820, 0.020, 0.020, 0.000
  2.825, 0.020, 0.020, 0.000
  2.830, 0.020, 0.020, 0.000
  2.835, 0.020, 0.022, 0.000
  2.840, 0.019, 0.020, 0.000
  2.845, 0.020, 0.020, 0.000
  2.850, 0.019, 0.020, 0.000
  2.855, 0.020, 0.020, 0.000
  2.860, 0.020, 0.018, 0.000
  2.865, 0.020, 0.018, 0.000
  2.870, 0.020, 0.020, 0.000
  2.875, 0.020, 0.020, 0.000
  2.880, 0.020, 0.020, 0.000
  2.885, 0.020, 0.022, 0.000
  2.890, 0.020, 0.022, 0.000
  2.895, 0.020, 0.020, 0.000
  2.900, 0.020, 0.018, 0.000
  2.905, 0.020, 0.022, 0.000
  2.910, 0.020, 0.022, 0.000
  2.915, 0.020, 0.020, 0.000
  2.920, 0.020, 0.022, 0.000
  2.925, 0.020, 0.020, 0.000
  2.930, 0.020, 0.022, 0.000
  2.935, 0.020, 0.020, 0.000
  2.940, 0.020, 0.022, 0.000
  2.945, 0.020, 0.022, 0.000
  2.950, 0.020, 0.022, 0.000
  2.955, 0.019, 0.022, 0.000
  2.960, 0.020, 0.020, 0.000
  2.965, 0.020, 0.020, 0.000
  2.970, 0.020, 0.022, 0.000
  2.975, 0.020, 0.020, 0.000
  2.980, 0.020, 0.022, 0.000
  2.985, 0.020, 0.022, 0.000
  2.990, 0.020, 0.025, 0.000
  2.995, 0.020, 0.022, 0.000
  3.000, 0.020, 0.025, 0.000
  3.005, 0.020, 0.025, 0.000
  3.010, 0.020, 0.022, 0.000
  3.015, 0.019, 0.022, 0.000
  3.020, 0.020, 0.022, 0.000
  3.025, 0.020, 0.022, 0.000
  3.030, 0.020, 0.022, 0.000
  3.035, 0.019, 0.022, 0.000
  3.040, 0.020, 0.022, 0.000
  3.045, 0.020, 0.022, 0.000
  3.050, 0.020, 0.022, 0.000
  3.055, 0.020, 0.025, 0.000
  3.060, 0.020, 0.025, 0.000
  3.065, 0.020, 0.022, 0.000
  3.070, 0.020, 0.025, 0.000
  3.075, 0.020, 0.022, 0.000
  3.080, 0.020, 0.022, 0.000
  3.085, 0.020, 0.020, 0.000
  3.090, 0.020, 0.025, 0.000
  3.095, 0.020, 0.025, 0.000
  3.100, 0.020, 0.025, 0.000
  3.105, 0.020, 0.027, 0.000
  3.110, 0.020, 0.025, 0.000
  3.115, 0.020, 0.025, 0.000
  3.120, 0.020, 0.025, 0.000
  3.125, 0.020, 0.025, 0.000
  3.130, 0.020, 0.022, 0.000
  3.135, 0.020, 0.025, 0.000
  3.140, 0.020, 0.022, 0.000
  3.145, 0.021, 0.022, 0.000
  3.150, 0.020, 0.025, 0.000
  3.155, 0.021, 0.025, 0.000
  3.160, 0.020, 0.022, 0.000
  3.165, 0.020, 0.025, 0.000
  3.170, 0.020, 0.025, 0.000
  3.175, 0.020, 0.027, 0.000
  3.180, 0.019, 0.025, 0.000
  3.185, 0.019, 0.025, 0.000
  3.190, 0.020, 0.025, 0.000
  3.195, 0.020, 0.027, 0.000
  3.200, 0.020, 0.027, 0.000
  3.205, 0.021, 0.027, 0.000
  3.210, 0.020, 0.025, 0.000
  3.215, 0.019, 0.027, 0.000
  3.220, 0.020, 0.027, 0.000
  3.225, 0.020, 0.027, 0.000
  3.230, 0.019, 0.025, 0.000
  3.235, 0.019, 0.027, 0.000
  3.240, 0.020, 0.025, 0.000
  3.245, 0.020, 0.025, 0.000
  3.250, 0.020, 0.027, 0.000
  3.255, 0.019, 0.027, 0.000
  3.260, 0.020, 0.025, 0.000
  3.265, 0.019, 0.027, 0.000
  3.270, 0.020, 0.030, 0.000
  3.275, 0.020, 0.027, 0.000
  3.280, 0.020, 0.030, 0.000
  3.285, 0.019, 0.027, 0.000
  3.290, 0.020, 0.027, 0.000
  3.295, 0.020, 0.027, 0.000
  3.300, 0.020, 0.027, 0.000
  3.305, 0.020, 0.027, 0.000
  3.310, 0.020, 0.030, 0.000
  3.315, 0.020, 0.027, 0.000
  3.320, 0.020, 0.030, 0.000
  3.325, 0.020, 0.030, 0.000
  3.330, 0.020, 0.032, 0.000
  3.335, 0.019, 0.027, 0.000
  3.340, 0.020, 0.030, 0.000
  3.345, 0.019, 0.027, 0.000
  3.350, 0.020, 0.030, 0.000
  3.355, 0.020, 0.025, 0.000
  3.360, 0.020, 0.030, 0.000
  3.365, 0.020, 0.030, 0.000
  3.370, 0.020, 0.030, 0.000
  3.375, 0.020, 0.030, 0.000
  3.380, 0.020, 0.030, 0.000
  3.385, 0.019, 0.030, 0.000
  3.390, 0.020, 0.027, 0.000
  3.395, 0.020, 0.027, 0.000
  3.400, 0.020, 0.030, 0.000
  3.405, 0.020, 0.030, 0.000
  3.410, 0.020, 0.027, 0.000
  3.415, 0.020, 0.030, 0.000
  3.420, 0.020, 0.030, 0.000
  3.425, 0.020, 0.030, 0.000
  3.430, 0.020, 0.027, 0.000
  3.435, 0.019, 0.032, 0.000
  3.440, 0.020, 0.030, 0.000
  3.445, 0.020, 0.032, 0.000
  3.450, 0.019, 0.030, 0.000
  3.455, 0.020, 0.030, 0.000
  3.460, 0.020, 0.030, 0.000
  3.465, 0.020, 0.030, 0.000
  3.470, 0.020, 0.027, 0.000
  3.475, 0.020, 0.032, 0.000
  3.480, 0.020, 0.030, 0.000
  3.485, 0.021, 0.030, 0.000
  3.490, 0.020, 0.030, 0.000
  3.495, 0.020, 0.032, 0.000
  3.500, 0.019, 0.030, 0.000
  3.505, 0.020, 0.030, 0.000
  3.510, 0.019, 0.030, 0.000
  3.515, 0.020, 0.032, 0.000
  3.520, 0.020, 0.027, 0.000
  3.525, 0.020, 0.030, 0.000
  3.530, 0.020, 0.030, 0.000
  3.535, 0.021, 0.032, 0.000
  3.540, 0.020, 0.032, 0.000
  3.545, 0.020, 0.032, 0.000
  3.550, 0.020, 0.032, 0.000
  3.555, 0.019, 0.030, 0.000
  3.560, 0.020, 0.030, 0.000
  3.565, 0.020, 0.030, 0.000
  3.570, 0.020, 0.032, 0.000
  3.575, 0.020, 0.030, 0.000
  3.580, 0.020, 0.032, 0.000
  3.585, 0.020, 0.030, 0.000
  3.590, 0.020, 0.032, 0.000
  3.595, 0.019, 0.030, 0.000
  3.600, 0.019, 0.030, 0.000
  3.605, 0.020, 0.030, 0.000
  3.610, 0.019, 0.032, 0.000
  3.615, 0.020, 0.030, 0.000
  3.620, 0.020, 0.032, 0.000
  3.625, 0.019, 0.030, 0.000
  3.630, 0.020, 0.032, 0.000
  3.635, 0.019, 0.030, 0.000
  3.640, 0.020, 0.030, 0.000
  3.645, 0.020, 0.032, 0.000
  3.650, 0.020, 0.032, 0.000
  3.655, 0.019, 0.030, 0.000
  3.660, 0.020, 0.032, 0.000
  3.665, 0.019, 0.032, 0.000
  3.670, 0.020, 0.032, 0.000
  3.675, 0.019, 0.027, 0.000
  3.680, 0.020, 0.030, 0.000
  3.685, 0.020, 0.030, 0.000
  3.690, 0.020, 0.032, 0.000
  3.695, 0.019, 0.030, 0.000
  3.700, 0.020, 0.032, 0.000
  3.705, 0.019, 0.032, 0.000
  3.710, 0.019, 0.030, 0.000
  3.715, 0.019, 0.030, 0.000
  3.720, 0.020, 0.032, 0.000
  3.725, 0.020, 0.032, 0.000
  3.730, 0.020, 0.032, 0.000
  3.735, 0.020, 0.030, 0.000
  3.740, 0.020, 0.032, 0.000
  3.745, 0.019, 0.032, 0.000
  3.750, 0.020, 0.032, 0.000
  3.755, 0.020, 0.030, 0.000
  3.760, 0.019, 0.032, 0.000
  3.765, 0.020, 0.035, 0.000
  3.770, 0.020, 0.030, 0.000
  3.775, 0.020, 0.032, 0.000
  3.780, 0.019, 0.032, 0.000
  3.785, 0.020, 0.035, 0.000
  3.790, 0.020, 0.027, 0.000
  3.795, 0.020, 0.032, 0.000
  3.800, 0.019, 0.032, 0.000
  3.805, 0.020, 0.032, 0.000
  3.810, 0.020, 0.030, 0.000
  3.815, 0.020, 0.032, 0.000
  3.820, 0.020, 0.032, 0.000
  3.825, 0.020, 0.035, 0.000
  3.830, 0.019, 0.030, 0.000
  3.835, 0.019, 0.030, 0.000
  3.840, 0.018, 0.032, 0.000
  3.845, 0.020, 0.032, 0.000
  3.850, 0.020, 0.027, 0.000
  3.855, 0.020, 0.032, 0.000
  3.860, 0.019, 0.032, 0.000
  3.865, 0.020, 0.030, 0.000
  3.870, 0.020, 0.030, 0.000
  3.875, 0.019, 0.035, 0.000
  3.880, 0.019, 0.032, 0.000
  3.885, 0.020, 0.030, 0.000
  3.890, 0.019, 0.027, 0.000
  3.895, 0.019, 0.030, 0.000
  3.900, 0.019, 0.032, 0.000
  3.905, 0.020, 0.027, 0.000
  3.910, 0.019, 0.030, 0.000
  3.915, 0.019, 0.032, 0.000
  3.920, 0.020, 0.032, 0.000
  3.925, 0.019, 0.030, 0.000
  3.930, 0.020, 0.032, 0.000
  3.935, 0.020, 0.030, 0.000
  3.940, 0.020, 0.032, 0.000
  3.945, 0.019, 0.027, 0.000
  3.950, 0.020, 0.032, 0.000
  3.955, 0.019, 0.030, 0.000
  3.960, 0.019, 0.030, 0.000
  3.965, 0.020, 0.027, 0.000
  3.970, 0.020, 0.032, 0.000
  3.975, 0.019, 0.030, 0.000
  3.980, 0.020, 0.030, 0.000
  3.985, 0.019, 0.030, 0.000
  3.990, 0.019, 0.035, 0.000
  3.995, 0.019, 0.030, 0.000
  4.000, 0.019, 0.030, 0.000
  4.005, 0.018, 0.030, 0.000
  4.010, 0.498, 0.040, 3.000
  4.015, 0.586, 0.432, 3.000
  4.020, 0.547, 0.805, 3.000
  4.025, 0.517, 1.120, 3.000
  4.030, 0.501, 1.347, 3.000
  4.035, 0.491, 1.553, 3.000
  4.040, 0.449, 1.743, 3.000
  4.045, 0.449, 1.865, 3.000
  4.050, 0.452, 1.998, 3.000
  4.055, 0.399, 2.120, 3.000
  4.060, 0.410, 2.220, 3.000
  4.065, 0.394, 2.348, 3.000
  4.070, 0.394, 2.430, 3.000
  4.075, 0.373, 2.503, 3.000
  4.080, 0.361, 2.587, 3.000
  4.085, 0.371, 2.640, 3.000
  4.090, 0.340, 2.783, 3.000
  4.095, 0.356, 2.783, 3.000
  4.100, 0.327, 2.900, 3.000
  4.105, 0.331, 2.945, 3.000
  4.110, 0.335, 2.995, 3.000
  4.115, 0.319, 3.045, 3.000
  4.120, 0.330, 3.080, 3.000
  4.125, 0.292, 3.170, 3.000
  4.130, 0.323, 3.162, 3.000
  4.135, 0.287, 3.277, 3.000
  4.140, 0.289, 3.315, 3.000
  4.145, 0.292, 3.372, 3.000
  4.150, 0.267, 3.408, 3.000
  4.155, 0.299, 3.438, 3.000
  4.160, 0.267, 3.533, 3.000
  4.165, 0.261, 3.530, 3.000
  4.170, 0.279, 3.550, 3.000
  4.175, 0.247, 3.628, 3.000
  4.180, 0.255, 3.618, 3.000
  4.185, 0.262, 3.660, 3.000
  4.190, 0.235, 3.720, 3.000
  4.195, 0.245, 3.713, 3.000
  4.200, 0.262, 3.742, 3.000
  4.205, 0.231, 3.850, 3.000
  4.210, 0.223, 3.852, 3.000
  4.215, 0.254, 3.828, 3.000
  4.220, 0.239, 3.865, 3.000
  4.225, 0.203, 3.890, 3.000
  4.230, 0.225, 3.875, 3.000
  4.235, 0.231, 3.900, 3.000
  4.240, 0.212, 3.980, 3.000
  4.245, 0.205, 3.993, 3.000
  4.250, 0.231, 3.983, 3.000
  4.255, 0.228, 4.035, 3.000
  4.260, 0.196, 4.075, 3.000
  4.265, 0.206, 4.047, 3.000
  4.270, 0.237, 4.025, 3.000
  4.275, 0.218, 4.078, 3.000
  4.280, 0.180, 4.128, 3.000
  4.285, 0.203, 4.117, 3.000
  4.290, 0.226, 4.080, 3.000
  4.295, 0.211, 4.133, 3.000
  4.300, 0.179, 4.198, 3.000
  4.305, 0.193, 4.162, 3.000
  4.310, 0.214, 4.145, 3.000
  4.315, 0.209, 4.210, 3.000
  4.320, 0.187, 4.220, 3.000
  4.325, 0.178, 4.245, 3.000
  4.330, 0.201, 4.227, 3.000
  4.335, 0.205, 4.205, 3.000
  4.340, 0.198, 4.310, 3.000
  4.345, 0.161, 4.270, 3.000
  4.350, 0.183, 4.267, 3.000
  4.355, 0.208, 4.233, 3.000
  4.360, 0.199, 4.295, 3.000
  4.365, 0.175, 4.310, 3.000
  4.370, 0.171, 4.358, 3.000
  4.375, 0.188, 4.285, 3.000
  4.380, 0.198, 4.310, 3.000
  4.385, 0.198, 4.338, 3.000
  4.390, 0.166, 4.380, 3.000
  4.395, 0.172, 4.330, 3.000
  4.400, 0.202, 4.347, 3.000
  4.405, 0.192, 4.315, 3.000
  4.410, 0.194, 4.400, 3.000
  4.415, 0.154, 4.385, 3.000
  4.420, 0.174, 4.360, 3.000
  4.425, 0.197, 4.383, 3.000
  4.430, 0.189, 4.338, 3.000
  4.435, 0.193, 4.435, 3.000
  4.440, 0.150, 4.418, 3.000
  4.445, 0.168, 4.385, 3.000
  4.450, 0.191, 4.405, 3.000
  4.455, 0.186, 4.370, 3.000
  4.460, 0.189, 4.430, 3.000
  4.465, 0.159, 4.457, 3.000
  4.470, 0.162, 4.420, 3.000
  4.475, 0.182, 4.395, 3.000
  4.480, 0.189, 4.415, 3.000
  4.485, 0.185, 4.428, 3.000
  4.490, 0.163, 4.457, 3.000
  4.495, 0.157, 4.480, 3.000
  4.500, 0.166, 4.410, 3.000
  4.505, 0.194, 4.408, 3.000
  4.510, 0.190, 4.448, 3.000
  4.515, 0.162, 4.467, 3.000
  4.520, 0.145, 4.475, 3.000
  4.525, 0.171, 4.455, 3.000
  4.530, 0.182, 4.425, 3.000
  4.535, 0.188, 4.423, 3.000
  4.540, 0.186, 4.515, 3.000
  4.545, 0.147, 4.495, 3.000
  4.550, 0.154, 4.460, 3.000
  4.555, 0.169, 4.445, 3.000
  4.560, 0.197, 4.455, 3.000
  4.565, 0.176, 4.467, 3.000
  4.570, 0.159, 4.485, 3.000
  4.575, 0.146, 4.510, 3.000
  4.580, 0.159, 4.477, 3.000
  4.585, 0.185, 4.443, 3.000
  4.590, 0.178, 4.445, 3.000
  4.595, 0.187, 4.535, 3.000
  4.600, 0.144, 4.523, 3.000
  4.605, 0.154, 4.487, 3.000
  4.610, 0.169, 4.460, 3.000
  4.615, 0.187, 4.483, 3.000
  4.620, 0.182, 4.497, 3.000
  4.625, 0.154, 4.503, 3.000
  4.630, 0.141, 4.517, 3.000
  4.635, 0.164, 4.497, 3.000
  4.640, 0.181, 4.475, 3.000
  4.645, 0.180, 4.452, 3.000
  4.650, 0.177, 4.523, 3.000
  4.655, 0.155, 4.538, 3.000
  4.660, 0.150, 4.540, 3.000
  4.665, 0.158, 4.472, 3.000
  4.670, 0.196, 4.452, 3.000
  4.675, 0.184, 4.495, 3.000
  4.680, 0.177, 4.552, 3.000
  4.685, 0.138, 4.517, 3.000
  4.690, 0.163, 4.490, 3.000
  4.695, 0.178, 4.493, 3.000
  4.700, 0.191, 4.503, 3.000
  4.705, 0.183, 4.505, 3.000
  4.710, 0.155, 4.512, 3.000
  4.715, 0.140, 4.540, 3.000
  4.720, 0.162, 4.507, 3.000
  4.725, 0.182, 4.483, 3.000
  4.730, 0.179, 4.467, 3.000
  4.735, 0.179, 4.530, 3.000
  4.740, 0.157, 4.540, 3.000
  4.745, 0.149, 4.552, 3.000
  4.750, 0.155, 4.495, 3.000
  4.755, 0.189, 4.463, 3.000
  4.760, 0.182, 4.503, 3.000
  4.765, 0.181, 4.573, 3.000
  4.770, 0.139, 4.540, 3.000
  4.775, 0.153, 4.507, 3.000
  4.780, 0.166, 4.485, 3.000
  4.785, 0.191, 4.503, 3.000
  4.790, 0.182, 4.520, 3.000
  4.795, 0.157, 4.545, 3.000
  4.800, 0.137, 4.517, 3.000
  4.805, 0.162, 4.505, 3.000
  4.810, 0.175, 4.520, 3.000
  4.815, 0.183, 4.503, 3.000
  4.820, 0.171, 4.507, 3.000
  4.825, 0.155, 4.532, 3.000
  4.830, 0.141, 4.568, 3.000
  4.835, 0.161, 4.528, 3.000
  4.840, 0.184, 4.493, 3.000
  4.845, 0.176, 4.475, 3.000
  4.850, 0.180, 4.543, 3.000
  4.855, 0.157, 4.555, 3.000
  4.860, 0.154, 4.568, 3.000
  4.865, 0.158, 4.500, 3.000
  4.870, 0.183, 4.460, 3.000
  4.875, 0.184, 4.503, 3.000
  4.880, 0.178, 4.582, 3.000
  4.885, 0.146, 4.552, 3.000
  4.890, 0.153, 4.525, 3.000
  4.895, 0.161, 4.487, 3.000
  4.900, 0.196, 4.485, 3.000
  4.905, 0.183, 4.525, 3.000
  4.910, 0.169, 4.565, 3.000
  4.915, 0.135, 4.532, 3.000
  4.920, 0.159, 4.507, 3.000
  4.925, 0.174, 4.517, 3.000
  4.930, 0.184, 4.523, 3.000
  4.935, 0.180, 4.528, 3.000
  4.940, 0.153, 4.543, 3.000
  4.945, 0.138, 4.540, 3.000
  4.950, 0.165, 4.520, 3.000
  4.955, 0.179, 4.520, 3.000
  4.960, 0.181, 4.487, 3.000
  4.965, 0.174, 4.523, 3.000
  4.970, 0.159, 4.538, 3.000
  4.975, 0.145, 4.570, 3.000
  4.980, 0.162, 4.535, 3.000
  4.985, 0.183, 4.500, 3.000
  4.990, 0.178, 4.480, 3.000
  4.995, 0.179, 4.550, 3.000
  5.000, 0.155, 4.562, 3.000
  5.005, 0.151, 4.560, 3.000
  5.010, 0.157, 4.500, 3.000
  5.015, 0.185, 4.470, 3.000
  5.020, 0.183, 4.497, 3.000
  5.025, 0.182, 4.588, 3.000
  5.030, 0.147, 4.565, 3.000
  5.035, 0.151, 4.543, 3.000
  5.040, 0.160, 4.490, 3.000
  5.045, 0.194, 4.495, 3.000
  5.050, 0.184, 4.532, 3.000
  5.055, 0.173, 4.570, 3.000
  5.060, 0.135, 4.548, 3.000
  5.065, 0.154, 4.517, 3.000
  5.070, 0.167, 4.500, 3.000
  5.075, 0.186, 4.510, 3.000
  5.080, 0.182, 4.538, 3.000
  5.085, 0.157, 4.560, 3.000
  5.090, 0.134, 4.535, 3.000
  5.095, 0.158, 4.523, 3.000
  5.100, 0.170, 4.528, 3.000
  5.105, 0.186, 4.512, 3.000
  5.110, 0.173, 4.525, 3.000
  5.115, 0.155, 4.545, 3.000
  5.120, 0.136, 4.552, 3.000
  5.125, 0.162, 4.530, 3.000
  5.130, 0.179, 4.530, 3.000
  5.135, 0.175, 4.500, 3.000
  5.140, 0.176, 4.525, 3.000
  5.145, 0.154, 4.555, 3.000
  5.150, 0.143, 4.577, 3.000
  5.155, 0.160, 4.532, 3.000
  5.160, 0.177, 4.497, 3.000
  5.165, 0.177, 4.490, 3.000
  5.170, 0.178, 4.545, 3.000
  5.175, 0.154, 4.568, 3.000
  5.180, 0.145, 4.585, 3.000
  5.185, 0.153, 4.520, 3.000
  5.190, 0.181, 4.487, 3.000
  5.195, 0.177, 4.503, 3.000
  5.200, 0.178, 4.577, 3.000
  5.205, 0.150, 4.575, 3.000
  5.210, 0.150, 4.575, 3.000
  5.215, 0.153, 4.505, 3.000
  5.220, 0.185, 4.483, 3.000
  5.225, 0.181, 4.528, 3.000
  5.230, 0.179, 4.597, 3.000
  5.235, 0.145, 4.562, 3.000
  5.240, 0.152, 4.545, 3.000
  5.245, 0.156, 4.503, 3.000
  5.250, 0.191, 4.503, 3.000
  5.255, 0.183, 4.543, 3.000
  5.260, 0.169, 4.593, 3.000
  5.265, 0.135, 4.557, 3.000
  5.270, 0.154, 4.532, 3.000
  5.275, 0.161, 4.515, 3.000
  5.280, 0.185, 4.523, 3.000
  5.285, 0.179, 4.545, 3.000
  5.290, 0.158, 4.577, 3.000
  5.295, 0.131, 4.545, 3.000
  5.300, 0.156, 4.528, 3.000
  5.305, 0.164, 4.532, 3.000
  5.310, 0.184, 4.535, 3.000
  5.315, 0.175, 4.548, 3.000
  5.320, 0.154, 4.565, 3.000
  5.325, 0.133, 4.560, 3.000
  5.330, 0.156, 4.532, 3.000
  5.335, 0.169, 4.538, 3.000
  5.340, 0.180, 4.528, 3.000
  5.345, 0.170, 4.550, 3.000
  5.350, 0.152, 4.560, 3.000
  5.355, 0.137, 4.560, 3.000
  5.360, 0.159, 4.545, 3.000
  5.365, 0.175, 4.545, 3.000
  5.370, 0.176, 4.515, 3.000
  5.375, 0.170, 4.538, 3.000
  5.380, 0.150, 4.555, 3.000
  5.385, 0.139, 4.573, 3.000
  5.390, 0.159, 4.548, 3.000
  5.395, 0.174, 4.540, 3.000
  5.400, 0.171, 4.503, 3.000
  5.405, 0.169, 4.538, 3.000
  5.410, 0.152, 4.568, 3.000
  5.415, 0.143, 4.585, 3.000
  5.420, 0.159, 4.548, 3.000
  5.425, 0.176, 4.530, 3.000
  5.430, 0.170, 4.500, 3.000
  5.435, 0.171, 4.552, 3.000
  5.440, 0.153, 4.568, 3.000
  5.445, 0.146, 4.600, 3.000
  5.450, 0.153, 4.538, 3.000
  5.455, 0.177, 4.512, 3.000
  5.460, 0.173, 4.503, 3.000
  5.465, 0.176, 4.565, 3.000
  5.470, 0.155, 4.585, 3.000
  5.475, 0.147, 4.600, 3.000
  5.480, 0.152, 4.535, 3.000
  5.485, 0.176, 4.493, 3.000
  5.490, 0.175, 4.510, 3.000
  5.495, 0.178, 4.593, 3.000
  5.500, 0.152, 4.580, 3.000
  5.505, 0.150, 4.590, 3.000
  5.510, 0.153, 4.520, 3.000
  5.515, 0.181, 4.493, 3.000
  5.520, 0.180, 4.520, 3.000
  5.525, 0.182, 4.602, 3.000
  5.530, 0.152, 4.593, 3.000
  5.535, 0.150, 4.577, 3.000
  5.540, 0.153, 4.515, 3.000
  5.545, 0.183, 4.497, 3.000
  5.550, 0.181, 4.532, 3.000
  5.555, 0.178, 4.608, 3.000
  5.560, 0.142, 4.570, 3.000
  5.565, 0.153, 4.555, 3.000
  5.570, 0.159, 4.510, 3.000
  5.575, 0.188, 4.510, 3.000
  5.580, 0.185, 4.548, 3.000
  5.585, 0.169, 4.600, 3.000
  5.590, 0.138, 4.570, 3.000
  5.595, 0.151, 4.545, 3.000
  5.600, 0.156, 4.517, 3.000
  5.605, 0.187, 4.525, 3.000
  5.610, 0.180, 4.557, 3.000
  5.615, 0.160, 4.593, 3.000
  5.620, 0.133, 4.557, 3.000
  5.625, 0.153, 4.535, 3.000
  5.630, 0.161, 4.528, 3.000
  5.635, 0.186, 4.538, 3.000
  5.640, 0.176, 4.568, 3.000
  5.645, 0.154, 4.585, 3.000
  5.650, 0.132, 4.560, 3.000
  5.655, 0.153, 4.548, 3.000
  5.660, 0.161, 4.545, 3.000
  5.665, 0.183, 4.540, 3.000
  5.670, 0.171, 4.560, 3.000
  5.675, 0.150, 4.582, 3.000
  5.680, 0.133, 4.555, 3.000
  5.685, 0.156, 4.543, 3.000
  5.690, 0.165, 4.557, 3.000
  5.695, 0.181, 4.545, 3.000
  5.700, 0.171, 4.557, 3.000
  5.705, 0.149, 4.588, 3.000
  5.710, 0.132, 4.568, 3.000
  5.715, 0.154, 4.548, 3.000
  5.720, 0.169, 4.557, 3.000
  5.725, 0.175, 4.545, 3.000
  5.730, 0.171, 4.552, 3.000
  5.735, 0.148, 4.577, 3.000
  5.740, 0.132, 4.570, 3.000
  5.745, 0.156, 4.550, 3.000
  5.750, 0.170, 4.557, 3.000
  5.755, 0.172, 4.548, 3.000
  5.760, 0.172, 4.555, 3.000
  5.765, 0.148, 4.570, 3.000
  5.770, 0.132, 4.580, 3.000
  5.775, 0.155, 4.560, 3.000
  5.780, 0.169, 4.555, 3.000
  5.785, 0.174, 4.540, 3.000
  5.790, 0.169, 4.555, 3.000
  5.795, 0.149, 4.573, 3.000
  5.800, 0.133, 4.582, 3.000
  5.805, 0.156, 4.562, 3.000
  5.810, 0.172, 4.562, 3.000
  5.815, 0.172, 4.540, 3.000
  5.820, 0.169, 4.560, 3.000
  5.825, 0.148, 4.570, 3.000
  5.830, 0.136, 4.585, 3.000
  5.835, 0.156, 4.562, 3.000
  5.840, 0.174, 4.560, 3.000
  5.845, 0.174, 4.535, 3.000
  5.850, 0.165, 4.557, 3.000
  5.855, 0.147, 4.582, 3.000
  5.860, 0.135, 4.588, 3.000
  5.865, 0.157, 4.565, 3.000
  5.870, 0.170, 4.560, 3.000
  5.875, 0.170, 4.535, 3.000
  5.880, 0.168, 4.560, 3.000
  5.885, 0.147, 4.573, 3.000
  5.890, 0.137, 4.595, 3.000
  5.895, 0.157, 4.562, 3.000
  5.900, 0.172, 4.557, 3.000
  5.905, 0.174, 4.538, 3.000
  5.910, 0.169, 4.555, 3.000
  5.915, 0.149, 4.577, 3.000
  5.920, 0.136, 4.600, 3.000
  5.925, 0.158, 4.565, 3.000
  5.930, 0.176, 4.555, 3.000
  5.935, 0.169, 4.528, 3.000
  5.940, 0.171, 4.555, 3.000
  5.945, 0.151, 4.573, 3.000
  5.950, 0.139, 4.605, 3.000
  5.955, 0.156, 4.568, 3.000
  5.960, 0.174, 4.550, 3.000
  5.965, 0.172, 4.525, 3.000
  5.970, 0.170, 4.562, 3.000
  5.975, 0.152, 4.582, 3.000
  5.980, 0.140, 4.602, 3.000
  5.985, 0.159, 4.568, 3.000
  5.990, 0.177, 4.548, 3.000
  5.995, 0.169, 4.512, 3.000
  6.000, 0.171, 4.557, 3.000
  6.005, 0.152, 4.582, 3.000
  6.010, 0.142, 4.605, 3.000
  6.015, 0.153, 4.565, 3.000
  6.020, 0.175, 4.548, 3.000
  6.025, 0.173, 4.525, 3.000
  6.030, 0.169, 4.568, 3.000
  6.035, 0.150, 4.595, 3.000
  6.040, 0.141, 4.610, 3.000
  6.045, 0.153, 4.557, 3.000
  6.050, 0.174, 4.530, 3.000
  6.055, 0.168, 4.515, 3.000
  6.060, 0.170, 4.570, 3.000
  6.065, 0.153, 4.593, 3.000
  6.070, 0.146, 4.613, 3.000
  6.075, 0.154, 4.557, 3.000
  6.080, 0.177, 4.530, 3.000
  6.085, 0.178, 4.528, 3.000
  6.090, 0.173, 4.580, 3.000
  6.095, 0.153, 4.600, 3.000
  6.100, 0.146, 4.608, 3.000
  6.105, 0.150, 4.550, 3.000
  6.110, 0.175, 4.503, 3.000
  6.115, 0.169, 4.517, 3.000
  6.120, 0.173, 4.590, 3.000
  6.125, 0.153, 4.600, 3.000
  6.130, 0.146, 4.610, 3.000
  6.135, 0.149, 4.552, 3.000
  6.140, 0.174, 4.515, 3.000
  6.145, 0.171, 4.525, 3.000
  6.150, 0.175, 4.600, 3.000
  6.155, 0.152, 4.608, 3.000
  6.160, 0.147, 4.597, 3.000
  6.165, 0.150, 4.540, 3.000
  6.170, 0.177, 4.503, 3.000
  6.175, 0.181, 4.525, 3.000
  6.180, 0.177, 4.608, 3.000
  6.185, 0.150, 4.613, 3.000
  6.190, 0.147, 4.605, 3.000
  6.195, 0.150, 4.538, 3.000
  6.200, 0.176, 4.507, 3.000
  6.205, 0.176, 4.528, 3.000
  6.210, 0.175, 4.608, 3.000
  6.215, 0.149, 4.600, 3.000
  6.220, 0.150, 4.595, 3.000
  6.225, 0.150, 4.523, 3.000
  6.230, 0.181, 4.500, 3.000
  6.235, 0.174, 4.543, 3.000
  6.240, 0.175, 4.617, 3.000
  6.245, 0.146, 4.600, 3.000
  6.250, 0.148, 4.590, 3.000
  6.255, 0.152, 4.528, 3.000
  6.260, 0.180, 4.510, 3.000
  6.265, 0.178, 4.557, 3.000
  6.270, 0.176, 4.617, 3.000
  6.275, 0.143, 4.593, 3.000
  6.280, 0.148, 4.575, 3.000
  6.285, 0.152, 4.525, 3.000
  6.290, 0.184, 4.512, 3.000
  6.295, 0.177, 4.560, 3.000
  6.300, 0.171, 4.625, 3.000
  6.305, 0.138, 4.590, 3.000
  6.310, 0.148, 4.568, 3.000
  6.315, 0.154, 4.525, 3.000
  6.320, 0.182, 4.525, 3.000
  6.325, 0.179, 4.560, 3.000
  6.330, 0.169, 4.617, 3.000
  6.335, 0.138, 4.585, 3.000
  6.340, 0.149, 4.560, 3.000
  6.345, 0.154, 4.528, 3.000
  6.350, 0.185, 4.532, 3.000
  6.355, 0.177, 4.568, 3.000
  6.360, 0.166, 4.617, 3.000
  6.365, 0.132, 4.582, 3.000
  6.370, 0.148, 4.557, 3.000
  6.375, 0.157, 4.528, 3.000
  6.380, 0.184, 4.535, 3.000
  6.385, 0.182, 4.573, 3.000
  6.390, 0.168, 4.608, 3.000
  6.395, 0.136, 4.575, 3.000
  6.400, 0.151, 4.555, 3.000
  6.405, 0.159, 4.538, 3.000
  6.410, 0.184, 4.540, 3.000
  6.415, 0.175, 4.573, 3.000
  6.420, 0.159, 4.610, 3.000
  6.425, 0.134, 4.565, 3.000
  6.430, 0.151, 4.550, 3.000
  6.435, 0.158, 4.540, 3.000
  6.440, 0.182, 4.540, 3.000
  6.445, 0.176, 4.573, 3.000
  6.450, 0.157, 4.602, 3.000
  6.455, 0.133, 4.573, 3.000
  6.460, 0.153, 4.555, 3.000
  6.465, 0.160, 4.548, 3.000
  6.470, 0.179, 4.550, 3.000
  6.475, 0.171, 4.570, 3.000
  6.480, 0.151, 4.602, 3.000
  6.485, 0.130, 4.573, 3.000
  6.490, 0.152, 4.545, 3.000
  6.495, 0.162, 4.552, 3.000
  6.500, 0.183, 4.552, 3.000
  6.505,-0.319, 4.560, 0.000
  6.510,-0.463, 4.168, 0.000
  6.515,-0.421, 3.798, 0.000
  6.520,-0.382, 3.467, 0.000
  6.525,-0.366, 3.265, 0.000
  6.530,-0.328, 3.040, 0.000
  6.535,-0.320, 2.890, 0.000
  6.540,-0.300, 2.760, 0.000
  6.545,-0.290, 2.608, 0.000
  6.550,-0.268, 2.495, 0.000
  6.555,-0.264, 2.435, 0.000
  6.560,-0.242, 2.305, 0.000
  6.565,-0.243, 2.223, 0.000
  6.570,-0.228, 2.087, 0.000
  6.575,-0.217, 2.048, 0.000
  6.580,-0.220, 1.992, 0.000
  6.585,-0.198, 1.885, 0.000
  6.590,-0.194, 1.822, 0.000
  6.595,-0.194, 1.787, 0.000
  6.600,-0.172, 1.695, 0.000
  6.605,-0.167, 1.637, 0.000
  6.610,-0.169, 1.600, 0.000
  6.615,-0.154, 1.528, 0.000
  6.620,-0.148, 1.475, 0.000
  6.625,-0.146, 1.440, 0.000
  6.630,-0.146, 1.385, 0.000
  6.635,-0.133, 1.308, 0.000
  6.640,-0.127, 1.283, 0.000
  6.645,-0.124, 1.237, 0.000
  6.650,-0.123, 1.213, 0.000
  6.655,-0.118, 1.148, 0.000
  6.660,-0.111, 1.115, 0.000
  6.665,-0.102, 1.062, 0.000
  6.670,-0.101, 1.053, 0.000
  6.675,-0.098, 1.020, 0.000
  6.680,-0.093, 0.972, 0.000
  6.685,-0.087, 0.920, 0.000
  6.690,-0.083, 0.892, 0.000
  6.695,-0.082, 0.875, 0.000
  6.700,-0.080, 0.863, 0.000
  6.705,-0.078, 0.838, 0.000
  6.710,-0.076, 0.815, 0.000
  6.715,-0.072, 0.775, 0.000
  6.720,-0.067, 0.740, 0.000
  6.725,-0.062, 0.715, 0.000
  6.730,-0.059, 0.690, 0.000
  6.735,-0.056, 0.670, 0.000
  6.740,-0.056, 0.658, 0.000
  6.745,-0.054, 0.642, 0.000
  6.750,-0.054, 0.618, 0.000
  6.755,-0.049, 0.585, 0.000
  6.760,-0.045, 0.565, 0.000
  6.765,-0.043, 0.553, 0.000
  6.770,-0.041, 0.527, 0.000
  6.775,-0.039, 0.517, 0.000
  6.780,-0.038, 0.510, 0.000
  6.785,-0.036, 0.495, 0.000
  6.790,-0.036, 0.490, 0.000
  6.795,-0.034, 0.475, 0.000
  6.800,-0.034, 0.463, 0.000
  6.805,-0.033, 0.450, 0.000
  6.810,-0.031, 0.428, 0.000
  6.815,-0.029, 0.413, 0.000
  6.820,-0.027, 0.397, 0.000
  6.825,-0.023, 0.387, 0.000
  6.830,-0.023, 0.373, 0.000
  6.835,-0.021, 0.360, 0.000
  6.840,-0.020, 0.358, 0.000
  6.845,-0.018, 0.338, 0.000
  6.850,-0.018, 0.333, 0.000
  6.855,-0.016, 0.317, 0.000
  6.860,-0.015, 0.315, 0.000
  6.865,-0.014, 0.305, 0.000
  6.870,-0.013, 0.285, 0.000
  6.875,-0.010, 0.278, 0.000
  6.880,-0.010, 0.272, 0.000
  6.885,-0.009, 0.257, 0.000
  6.890,-0.007, 0.248, 0.000
  6.895,-0.007, 0.245, 0.000
  6.900,-0.007, 0.240, 0.000
  6.905,-0.005, 0.227, 0.000
  6.910,-0.005, 0.220, 0.000
  6.915,-0.004, 0.215, 0.000
  6.920,-0.003, 0.207, 0.000
  6.925,-0.002, 0.198, 0.000
  6.930,-0.001, 0.192, 0.000
  6.935,-0.001, 0.192, 0.000
  6.940, 0.001, 0.190, 0.000
  6.945,-0.000, 0.180, 0.000
  6.950, 0.002, 0.172, 0.000
  6.955, 0.002, 0.178, 0.000
  6.960, 0.002, 0.175, 0.000
  6.965, 0.001, 0.170, 0.000
  6.970, 0.002, 0.168, 0.000
  6.975, 0.002, 0.162, 0.000
  6.980, 0.003, 0.165, 0.000
  6.985, 0.004, 0.157, 0.000
  6.990, 0.004, 0.157, 0.000
  6.995, 0.004, 0.153, 0.000
  7.000, 0.004, 0.150, 0.000
  7.005, 0.004, 0.145, 0.000
  7.010, 0.004, 0.148, 0.000
  7.015, 0.005, 0.142, 0.000
  7.020, 0.005, 0.140, 0.000
  7.025, 0.005, 0.138, 0.000
  7.030, 0.005, 0.135, 0.000
  7.035, 0.006, 0.130, 0.000
  7.040, 0.007, 0.125, 0.000
  7.045, 0.007, 0.125, 0.000
  7.050, 0.007, 0.122, 0.000
  7.055, 0.007, 0.120, 0.000
  7.060, 0.007, 0.117, 0.000
  7.065, 0.007, 0.115, 0.000
  7.070, 0.007, 0.113, 0.000
  7.075, 0.008, 0.110, 0.000
  7.080, 0.008, 0.105, 0.000
  7.085, 0.009, 0.103, 0.000
  7.090, 0.009, 0.100, 0.000
  7.095, 0.010, 0.095, 0.000
  7.100, 0.009, 0.090, 0.000
  7.105, 0.010, 0.098, 0.000
  7.110, 0.010, 0.095, 0.000
  7.115, 0.010, 0.087, 0.000
  7.120, 0.010, 0.082, 0.000
  7.125, 0.010, 0.085, 0.000
  7.130, 0.012, 0.082, 0.000
  7.135, 0.011, 0.078, 0.000
  7.140, 0.010, 0.078, 0.000
  7.145, 0.012, 0.075, 0.000
  7.150, 0.013, 0.065, 0.000
  7.155, 0.014, 0.062, 0.000
  7.160, 0.014, 0.060, 0.000
  7.165, 0.014, 0.065, 0.000
  7.170, 0.014, 0.060, 0.000
  7.175, 0.014, 0.060, 0.000
  7.180, 0.013, 0.062, 0.000
  7.185, 0.013, 0.062, 0.000
  7.190, 0.013, 0.062, 0.000
  7.195, 0.014, 0.055, 0.000
  7.200, 0.013, 0.058, 0.000
  7.205, 0.014, 0.055, 0.000
  7.210, 0.014, 0.055, 0.000
  7.215, 0.014, 0.052, 0.000
  7.220, 0.014, 0.055, 0.000
  7.225, 0.016, 0.055, 0.000
  7.230, 0.015, 0.050, 0.000
  7.235, 0.015, 0.045, 0.000
  7.240, 0.016, 0.043, 0.000
  7.245, 0.015, 0.037, 0.000
  7.250, 0.016, 0.037, 0.000
  7.255, 0.016, 0.032, 0.000
  7.260, 0.016, 0.032, 0.000
  7.265, 0.017, 0.027, 0.000
  7.270, 0.019, 0.025, 0.000
  7.275, 0.018, 0.020, 0.000
  7.280, 0.019, 0.022, 0.000
  7.285, 0.019, 0.018, 0.000
  7.290, 0.019, 0.020, 0.000
  7.295, 0.019, 0.022, 0.000
  7.300, 0.019, 0.020, 0.000
  7.305, 0.018, 0.018, 0.000
  7.310, 0.019, 0.020, 0.000
  7.315, 0.019, 0.020, 0.000
  7.320, 0.020, 0.018, 0.000
  7.325, 0.019, 0.020, 0.000
  7.330, 0.019, 0.018, 0.000
  7.335, 0.019, 0.020, 0.000
  7.340, 0.019, 0.020, 0.000
  7.345, 0.019, 0.018, 0.000
  7.350, 0.019, 0.018, 0.000
  7.355, 0.019, 0.020, 0.000
  7.360, 0.019, 0.018, 0.000
  7.365, 0.019, 0.018, 0.000
  7.370, 0.019, 0.018, 0.000
  7.375, 0.019, 0.020, 0.000
  7.380, 0.019, 0.018, 0.000
  7.385, 0.020, 0.018, 0.000
  7.390, 0.019, 0.020, 0.000
  7.395, 0.019, 0.020, 0.000
  7.400, 0.019, 0.018, 0.000
  7.405, 0.019, 0.018, 0.000
  7.410, 0.019, 0.020, 0.000
  7.415, 0.019, 0.020, 0.000
  7.420, 0.019, 0.018, 0.000
  7.425, 0.019, 0.015, 0.000
  7.430, 0.019, 0.018, 0.000
  7.435, 0.019, 0.020, 0.000
  7.440, 0.019, 0.020, 0.000
  7.445, 0.019, 0.018, 0.000
  7.450, 0.019, 0.020, 0.000
  7.455, 0.019, 0.020, 0.000
  7.460, 0.019, 0.018, 0.000
  7.465, 0.019, 0.018, 0.000
  7.470, 0.018, 0.020, 0.000
  7.475, 0.019, 0.020, 0.000
  7.480, 0.019, 0.018, 0.000
  7.485, 0.019, 0.018, 0.000
  7.490, 0.019, 0.020, 0.000
  7.495, 0.020, 0.020, 0.000
  7.500, 0.019, 0.018, 0.000
  7.505, 0.019, 0.020, 0.000
  7.510, 0.463, 0.027, 3.000
  7.515, 0.589, 0.413, 3.000
  7.520, 0.544, 0.770, 3.000
  7.525, 0.531, 1.080, 3.000
  7.530, 0.496, 1.330, 3.000
  7.535, 0.476, 1.558, 3.000
  7.540, 0.462, 1.705, 3.000
  7.545, 0.444, 1.840, 3.000
  7.550, 0.422, 2.013, 3.000
  7.555, 0.415, 2.087, 3.000
  7.560, 0.400, 2.240, 3.000
  7.565, 0.403, 2.327, 3.000
  7.570, 0.386, 2.418, 3.000
  7.575, 0.360, 2.535, 3.000
  7.580, 0.377, 2.557, 3.000
  7.585, 0.352, 2.668, 3.000
  7.590, 0.361, 2.735, 3.000
  7.595, 0.331, 2.805, 3.000
  7.600, 0.345, 2.862, 3.000
  7.605, 0.315, 2.977, 3.000
  7.610, 0.325, 2.977, 3.000
  7.615, 0.322, 3.043, 3.000
  7.620, 0.307, 3.105, 3.000
  7.625, 0.315, 3.130, 3.000
  7.630, 0.280, 3.217, 3.000
  7.635, 0.305, 3.240, 3.000
  7.640, 0.271, 3.363, 3.000
  7.645, 0.273, 3.355, 3.000
  7.650, 0.285, 3.363, 3.000
  7.655, 0.248, 3.483, 3.000
  7.660, 0.276, 3.465, 3.000
  7.665, 0.266, 3.535, 3.000
  7.670, 0.242, 3.587, 3.000
  7.675, 0.267, 3.613, 3.000
  7.680, 0.262, 3.630, 3.000
  7.685, 0.233, 3.705, 3.000
  7.690, 0.255, 3.710, 3.000
  7.695, 0.248, 3.728, 3.000
  7.700, 0.215, 3.763, 3.000
  7.705, 0.244, 3.767, 3.000
  7.710, 0.245, 3.815, 3.000
  7.715, 0.211, 3.885, 3.000
  7.720, 0.220, 3.882, 3.000
  7.725, 0.231, 3.890, 3.000
  7.730, 0.219, 3.972, 3.000
  7.735, 0.205, 3.997, 3.000
  7.740, 0.227, 3.967, 3.000
  7.745, 0.229, 3.985, 3.000
  7.750, 0.202, 4.030, 3.000
  7.755, 0.202, 4.015, 3.000
  7.760, 0.225, 3.997, 3.000
  7.765, 0.213, 4.062, 3.000
  7.770, 0.184, 4.117, 3.000
  7.775, 0.199, 4.088, 3.000
  7.780, 0.221, 4.060, 3.000
  7.785, 0.210, 4.130, 3.000
  7.790, 0.181, 4.182, 3.000
  7.795, 0.190, 4.142, 3.000
  7.800, 0.207, 4.140, 3.000
  7.805, 0.203, 4.195, 3.000
  7.810, 0.179, 4.202, 3.000
  7.815, 0.176, 4.233, 3.000
  7.820, 0.197, 4.218, 3.000
  7.825, 0.197, 4.185, 3.000
  7.830, 0.187, 4.302, 3.000
  7.835, 0.160, 4.270, 3.000
  7.840, 0.174, 4.265, 3.000
  7.845, 0.207, 4.230, 3.000
  7.850, 0.189, 4.293, 3.000
  7.855, 0.168, 4.310, 3.000
  7.860, 0.166, 4.335, 3.000
  7.865, 0.189, 4.287, 3.000
  7.870, 0.184, 4.300, 3.000
  7.875, 0.189, 4.332, 3.000
  7.880, 0.157, 4.372, 3.000
  7.885, 0.165, 4.332, 3.000
  7.890, 0.188, 4.355, 3.000
  7.895, 0.178, 4.320, 3.000
  7.900, 0.187, 4.408, 3.000
  7.905, 0.148, 4.398, 3.000
  7.910, 0.164, 4.363, 3.000
  7.915, 0.183, 4.398, 3.000
  7.920, 0.177, 4.347, 3.000
  7.925, 0.181, 4.430, 3.000
  7.930, 0.148, 4.432, 3.000
  7.935, 0.157, 4.400, 3.000
  7.940, 0.178, 4.408, 3.000
  7.945, 0.176, 4.390, 3.000
  7.950, 0.176, 4.430, 3.000
  7.955, 0.155, 4.465, 3.000
  7.960, 0.150, 4.463, 3.000
  7.965, 0.161, 4.408, 3.000
  7.970, 0.188, 4.423, 3.000
  7.975, 0.174, 4.445, 3.000
  7.980, 0.153, 4.457, 3.000
  7.985, 0.145, 4.490, 3.000
  7.990, 0.159, 4.443, 3.000
  7.995, 0.178, 4.400, 3.000
  8.000, 0.179, 4.443, 3.000
  8.005, 0.170, 4.525, 3.000
  8.010, 0.135, 4.483, 3.000
  8.015, 0.155, 4.455, 3.000
  8.020, 0.169, 4.467, 3.000
  8.025, 0.177, 4.450, 3.000
  8.030, 0.169, 4.470, 3.000
  8.035, 0.149, 4.497, 3.000
  8.040, 0.146, 4.530, 3.000
  8.045, 0.150, 4.472, 3.000
  8.050, 0.176, 4.440, 3.000
  8.055, 0.177, 4.475, 3.000
  8.060, 0.172, 4.550, 3.000
  8.065, 0.137, 4.523, 3.000
  8.070, 0.148, 4.487, 3.000
  8.075, 0.162, 4.480, 3.000
  8.080, 0.180, 4.500, 3.000
  8.085, 0.169, 4.507, 3.000
  8.090, 0.148, 4.512, 3.000
  8.095, 0.137, 4.528, 3.000
  8.100, 0.156, 4.510, 3.000
  8.105, 0.172, 4.495, 3.000
  8.110, 0.170, 4.465, 3.000
  8.115, 0.173, 4.532, 3.000
  8.120, 0.149, 4.548, 3.000
  8.125, 0.144, 4.557, 3.000
  8.130, 0.146, 4.503, 3.000
  8.135, 0.179, 4.467, 3.000
  8.140, 0.172, 4.503, 3.000
  8.145, 0.171, 4.580, 3.000
  8.150, 0.138, 4.555, 3.000
  8.155, 0.148, 4.523, 3.000
  8.160, 0.155, 4.490, 3.000
  8.165, 0.181, 4.510, 3.000
  8.170, 0.175, 4.538, 3.000
  8.175, 0.151, 4.565, 3.000
  8.180, 0.128, 4.540, 3.000
  8.185, 0.152, 4.520, 3.000
  8.190, 0.163, 4.523, 3.000
  8.195, 0.175, 4.523, 3.000
  8.200, 0.165, 4.530, 3.000
  8.205, 0.145, 4.540, 3.000
  8.210, 0.134, 4.565, 3.000
  8.215, 0.152, 4.545, 3.000
  8.220, 0.171, 4.532, 3.000
  8.225, 0.166, 4.507, 3.000
  8.230, 0.164, 4.540, 3.000
  8.235, 0.146, 4.565, 3.000
  8.240, 0.139, 4.588, 3.000
  8.245, 0.150, 4.540, 3.000
  8.250, 0.171, 4.510, 3.000
  8.255, 0.164, 4.495, 3.000
  8.260, 0.170, 4.568, 3.000
  8.265, 0.147, 4.580, 3.000
  8.270, 0.141, 4.590, 3.000
  8.275, 0.145, 4.528, 3.000
  8.280, 0.172, 4.500, 3.000
  8.285, 0.167, 4.515, 3.000
  8.290, 0.172, 4.593, 3.000
  8.295, 0.145, 4.590, 3.000
  8.300, 0.143, 4.580, 3.000
  8.305, 0.147, 4.507, 3.000
  8.310, 0.178, 4.495, 3.000
  8.315, 0.172, 4.538, 3.000
  8.320, 0.168, 4.605, 3.000
  8.325, 0.135, 4.582, 3.000
  8.330, 0.145, 4.570, 3.000
  8.335, 0.147, 4.515, 3.000
  8.340, 0.179, 4.510, 3.000
  8.345, 0.174, 4.560, 3.000
  8.350, 0.166, 4.605, 3.000
  8.355, 0.133, 4.577, 3.000
  8.360, 0.144, 4.550, 3.000
  8.365, 0.153, 4.520, 3.000
  8.370, 0.180, 4.525, 3.000
  8.375, 0.171, 4.562, 3.000
  8.380, 0.156, 4.605, 3.000
  8.385, 0.131, 4.570, 3.000
  8.390, 0.146, 4.543, 3.000
  8.395, 0.155, 4.540, 3.000
  8.400, 0.183, 4.540, 3.000
  8.405, 0.170, 4.568, 3.000
  8.410, 0.153, 4.595, 3.000
  8.415, 0.131, 4.568, 3.000
  8.420, 0.147, 4.543, 3.000
  8.425, 0.159, 4.545, 3.000
  8.430, 0.178, 4.545, 3.000
  8.435, 0.169, 4.562, 3.000
  8.440, 0.148, 4.590, 3.000
  8.445, 0.128, 4.568, 3.000
  8.450, 0.148, 4.543, 3.000
  8.455, 0.160, 4.550, 3.000
  8.460, 0.178, 4.550, 3.000
  8.465, 0.170, 4.568, 3.000
  8.470, 0.147, 4.573, 3.000
  8.475, 0.129, 4.570, 3.000
  8.480, 0.150, 4.552, 3.000
  8.485, 0.166, 4.557, 3.000
  8.490, 0.171, 4.548, 3.000
  8.495, 0.168, 4.565, 3.000
  8.500, 0.146, 4.585, 3.000
  8.505,-0.340, 4.562, 0.000
  8.510,-0.458, 4.170, 0.000
  8.515,-0.412, 3.778, 0.000
  8.520,-0.395, 3.525, 0.000
  8.525,-0.359, 3.262, 0.000
  8.530,-0.337, 3.065, 0.000
  8.535,-0.319, 2.928, 0.000
  8.540,-0.299, 2.702, 0.000
  8.545,-0.287, 2.652, 0.000
  8.550,-0.272, 2.492, 0.000
  8.555,-0.261, 2.385, 0.000
  8.560,-0.255, 2.303, 0.000
  8.565,-0.235, 2.205, 0.000
  8.570,-0.234, 2.155, 0.000
  8.575,-0.219, 2.017, 0.000
  8.580,-0.207, 1.967, 0.000
  8.585,-0.210, 1.900, 0.000
  8.590,-0.188, 1.822, 0.000
  8.595,-0.184, 1.758, 0.000
  8.600,-0.186, 1.697, 0.000
  8.605,-0.171, 1.612, 0.000
  8.610,-0.163, 1.567, 0.000
  8.615,-0.161, 1.520, 0.000
  8.620,-0.155, 1.457, 0.000
  8.625,-0.142, 1.402, 0.000
  8.630,-0.140, 1.375, 0.000
  8.635,-0.137, 1.335, 0.000
  8.640,-0.132, 1.277, 0.000
  8.645,-0.125, 1.235, 0.000
  8.650,-0.116, 1.175, 0.000
  8.655,-0.113, 1.168, 0.000
  8.660,-0.113, 1.110, 0.000
  8.665,-0.108, 1.072, 0.000
  8.670,-0.101, 1.033, 0.000
  8.675,-0.094, 0.990, 0.000
  8.680,-0.093, 0.978, 0.000
  8.685,-0.091, 0.955, 0.000
  8.690,-0.090, 0.928, 0.000
  8.695,-0.084, 0.882, 0.000
  8.700,-0.079, 0.847, 0.000
  8.705,-0.073, 0.822, 0.000
  8.710,-0.073, 0.798, 0.000
  8.715,-0.069, 0.780, 0.000
  8.720,-0.067, 0.752, 0.000
  8.725,-0.066, 0.733, 0.000
  8.730,-0.062, 0.698, 0.000
  8.735,-0.056, 0.665, 0.000
  8.740,-0.053, 0.642, 0.000
  8.745,-0.052, 0.630, 0.000
  8.750,-0.050, 0.618, 0.000
  8.755,-0.049, 0.610, 0.000
  8.760,-0.047, 0.585, 0.000
  8.765,-0.045, 0.570, 0.000
  8.770,-0.045, 0.558, 0.000
  8.775,-0.041, 0.530, 0.000
  8.780,-0.040, 0.512, 0.000
  8.785,-0.036, 0.495, 0.000
  8.790,-0.033, 0.470, 0.000
  8.795,-0.032, 0.468, 0.000
  8.800,-0.030, 0.445, 0.000
  8.805,-0.029, 0.440, 0.000
  8.810,-0.027, 0.425, 0.000
  8.815,-0.026, 0.417, 0.000
  8.820,-0.024, 0.395, 0.000
  8.825,-0.023, 0.385, 0.000
  8.830,-0.023, 0.368, 0.000
  8.835,-0.021, 0.365, 0.000
  8.840,-0.020, 0.347, 0.000
  8.845,-0.019, 0.333, 0.000
  8.850,-0.017, 0.325, 0.000
  8.855,-0.014, 0.315, 0.000
  8.860,-0.014, 0.308, 0.000
  8.865,-0.013, 0.295, 0.000
  8.870,-0.011, 0.290, 0.000
  8.875,-0.012, 0.287, 0.000
  8.880,-0.009, 0.280, 0.000
  8.885,-0.008, 0.270, 0.000
  8.890,-0.009, 0.272, 0.000
  8.895,-0.009, 0.268, 0.000
  8.900,-0.008, 0.257, 0.000
  8.905,-0.007, 0.255, 0.000
  8.910,-0.007, 0.252, 0.000
  8.915,-0.007, 0.245, 0.000
